  0
SECTION
  2
HEADER
  9
$ANGBASE
  50
0.0
  9
$ANGDIR
  70
1
  9
$MEASUREMENT
  70
0
  0
ENDSEC
  0
SECTION
  2
TABLES
  0
TABLE
  2
LTYPE
  70
4
  0
LTYPE
  5
40F
  2
CONTINUOUS
  70
0
  3
Solid line
  72
65
  73
0
  40
0.0
  0
LTYPE
  5
410
  2
DASHDOT
 70
0
  3
Dash Dot ____ _ ____ _
 72
65
 73
4
 40
2.0
 49
1.25
 49
-0.25
 49
0.25
 49
-0.25
  0
LTYPE
  5
411
  2
DASHED
 70
0
  3
Dashed __ __ __ __ __
 72
65
 73
2
 40
0.75
 49
0.5
 49
-0.25
  0
LTYPE
  5
43B
  2
DOTTED
 70
0
  3
Dotted .  .  .  .
 72
65
 73
2
 40
0.2
 49
0.0
 49
-0.2
  0
ENDTAB
  0
TABLE
  2
STYLE
  70
4
  0
STYLE
  2
KICAD
  70
0
  40
0
  41
1
  42
1
  50
0
  71
0
  3
isocp.shx
  0
STYLE
  2
KICADB
  70
0
  40
0
  41
1
  42
1
  50
0
  71
0
  3
isocp.shx
  0
STYLE
  2
KICADI
  70
0
  40
0
  41
1
  42
1
  50
15
  71
0
  3
isocp.shx
  0
STYLE
  2
KICADBI
  70
0
  40
0
  41
1
  42
1
  50
15
  71
0
  3
isocp.shx
  0
ENDTAB
  0
TABLE
  2
LAYER
  70
1
  0
LAYER
  2
BLACK
  70
0
  62
7
  6
CONTINUOUS
  0
ENDTAB
  0
ENDSEC
  0
SECTION
  2
ENTITIES
0
LINE
8
BLACK
6
CONTINUOUS
10
8.2767816141732276
20
-4.5827771259842516
11
8.2812523228346446
21
-4.5839750393700784
0
LINE
8
BLACK
6
CONTINUOUS
10
8.2812523228346446
20
-4.5839750393700784
11
8.2853443700787395
21
-4.5861376771653539
0
LINE
8
BLACK
6
CONTINUOUS
10
8.2853443700787395
20
-4.5861376771653539
11
8.2888526771653535
21
-4.5891566141732278
0
LINE
8
BLACK
6
CONTINUOUS
10
8.2888526771653535
20
-4.5891566141732278
11
8.2916012598425191
21
-4.5928805118110239
0
LINE
8
BLACK
6
CONTINUOUS
10
8.2916012598425191
20
-4.5928805118110239
11
8.2916011811023616
21
-4.5928805118110239
0
LINE
8
BLACK
6
CONTINUOUS
10
8.2916011811023616
20
-4.5928805118110239
11
8.2916012204724403
21
-4.5928805905511814
0
LINE
8
BLACK
6
CONTINUOUS
10
8.2916012204724403
20
-4.5928805905511814
11
8.5475067322834644
21
-5.0361219291338584
0
LINE
8
BLACK
6
CONTINUOUS
10
8.5475067322834644
20
-5.0361219291338584
11
8.5475068503937006
21
-5.0361223228346459
0
LINE
8
BLACK
6
CONTINUOUS
10
8.5475068503937006
20
-5.0361223228346459
11
8.5493575590551174
21
-5.0403642125984254
0
LINE
8
BLACK
6
CONTINUOUS
10
8.5493575590551174
20
-5.0403642125984254
11
8.5502180708661424
21
-5.0449120078740153
0
LINE
8
BLACK
6
CONTINUOUS
10
8.5502180708661424
20
-5.0449120078740153
11
8.5500450393700778
21
-5.0495372440944877
0
LINE
8
BLACK
6
CONTINUOUS
10
8.5500450393700778
20
-5.0495372440944877
11
8.5488471259842509
21
-5.0540079921259844
0
LINE
8
BLACK
6
CONTINUOUS
10
8.5488471259842509
20
-5.0540079921259844
11
8.5466844094488188
21
-5.0581001181102359
0
LINE
8
BLACK
6
CONTINUOUS
10
8.5466844094488188
20
-5.0581001181102359
11
8.5436653543307077
21
-5.061608385826772
0
LINE
8
BLACK
6
CONTINUOUS
10
8.5436653543307077
20
-5.061608385826772
11
8.5399413385826772
21
-5.0643569291338579
0
LINE
8
BLACK
6
CONTINUOUS
10
8.5399413385826772
20
-5.0643569291338579
11
8.539941220472441
21
-5.0643566929133854
0
LINE
8
BLACK
6
CONTINUOUS
10
8.539941220472441
20
-5.0643566929133854
11
8.539941220472441
21
-5.0643567322834642
0
LINE
8
BLACK
6
CONTINUOUS
10
8.539941220472441
20
-5.0643567322834642
11
8.096699881889764
21
-5.3202622440944882
0
LINE
8
BLACK
6
CONTINUOUS
10
8.096699881889764
20
-5.3202622440944882
11
8.0966996850393702
21
-5.320262283464567
0
LINE
8
BLACK
6
CONTINUOUS
10
8.0966996850393702
20
-5.320262283464567
11
8.0924576377952757
21
-5.3221129133858263
0
LINE
8
BLACK
6
CONTINUOUS
10
8.0924576377952757
20
-5.3221129133858263
11
8.087909999999999
21
-5.3229731889763778
0
LINE
8
BLACK
6
CONTINUOUS
10
8.087909999999999
20
-5.3229731889763778
11
8.0832849606299213
21
-5.3228
0
LINE
8
BLACK
6
CONTINUOUS
10
8.0832849606299213
20
-5.3228
11
8.0788143700787405
21
-5.3216019685039369
0
LINE
8
BLACK
6
CONTINUOUS
10
8.0788143700787405
20
-5.3216019685039369
11
8.0747224803149606
21
-5.3194391732283464
0
LINE
8
BLACK
6
CONTINUOUS
10
8.0747224803149606
20
-5.3194391732283464
11
8.0712144488188979
21
-5.3164200787401574
0
LINE
8
BLACK
6
CONTINUOUS
10
8.0712144488188979
20
-5.3164200787401574
11
8.0684751181102357
21
-5.3127081889763774
0
LINE
8
BLACK
6
CONTINUOUS
10
8.0684751181102357
20
-5.3127081889763774
11
8.0684650787401573
21
-5.3126967322834648
0
LINE
8
BLACK
6
CONTINUOUS
10
8.0684650787401573
20
-5.3126967322834648
11
7.8125595669291341
21
-4.8694553937007869
0
LINE
8
BLACK
6
CONTINUOUS
10
7.8125595669291341
20
-4.8694553937007869
11
7.8124361417322836
21
-4.8690917322834641
0
LINE
8
BLACK
6
CONTINUOUS
10
7.8124361417322836
20
-4.8690917322834641
11
7.8124459448818895
21
-4.8690551181102357
0
LINE
8
BLACK
6
CONTINUOUS
10
7.8124459448818895
20
-4.8690551181102357
11
7.8108014173228346
21
-4.8652852362204726
0
LINE
8
BLACK
6
CONTINUOUS
10
7.8108014173228346
20
-4.8652852362204726
11
7.8099410629921255
21
-4.8607374803149606
0
LINE
8
BLACK
6
CONTINUOUS
10
7.8099410629921255
20
-4.8607374803149606
11
7.8101140944881884
21
-4.8561122834645669
0
LINE
8
BLACK
6
CONTINUOUS
10
7.8101140944881884
20
-4.8561122834645669
11
7.811311889763779
21
-4.8516415354330711
0
LINE
8
BLACK
6
CONTINUOUS
10
7.811311889763779
20
-4.8516415354330711
11
7.8134743700787403
21
-4.8475493307086612
0
LINE
8
BLACK
6
CONTINUOUS
10
7.8134743700787403
20
-4.8475493307086612
11
7.8164931102362205
21
-4.8440408267716535
0
LINE
8
BLACK
6
CONTINUOUS
10
7.8164931102362205
20
-4.8440408267716535
11
7.8198032677165354
21
-4.8415972047244091
0
LINE
8
BLACK
6
CONTINUOUS
10
7.8198032677165354
20
-4.8415972047244091
11
7.819836338582677
21
-4.8414738188976374
0
LINE
8
BLACK
6
CONTINUOUS
10
7.819836338582677
20
-4.8414738188976374
11
7.8201250787401575
21
-4.8412205905511811
0
LINE
8
BLACK
6
CONTINUOUS
10
7.8201250787401575
20
-4.8412205905511811
11
8.2633664173228336
21
-4.5853150787401571
0
LINE
8
BLACK
6
CONTINUOUS
10
8.2633664173228336
20
-4.5853150787401571
11
8.2633665748031486
21
-4.5853149999999996
0
LINE
8
BLACK
6
CONTINUOUS
10
8.2633665748031486
20
-4.5853149999999996
11
8.2676087401574794
21
-4.5834643700787403
0
LINE
8
BLACK
6
CONTINUOUS
10
8.2676087401574794
20
-4.5834643700787403
11
8.2721564566929136
21
-4.5826040157480312
0
LINE
8
BLACK
6
CONTINUOUS
10
8.2721564566929136
20
-4.5826040157480312
11
8.2767816141732276
21
-4.5827771259842516
0
LINE
8
BLACK
6
CONTINUOUS
10
8.2664828346456698
20
-4.5857889763779527
11
8.2643507086614179
21
-4.5870198031496061
0
LINE
8
BLACK
6
CONTINUOUS
10
8.2643507086614179
20
-4.5870198031496061
11
8.2643506692913391
21
-4.5870198818897636
0
LINE
8
BLACK
6
CONTINUOUS
10
8.2643506692913391
20
-4.5870198818897636
11
7.8214373228346457
21
-4.8427359842519682
0
LINE
8
BLACK
6
CONTINUOUS
10
7.8214373228346457
20
-4.8427359842519682
11
7.8212018897637794
21
-4.8429975984251969
0
LINE
8
BLACK
6
CONTINUOUS
10
7.8212018897637794
20
-4.8429975984251969
11
7.8212012992125981
21
-4.8429965748031494
0
LINE
8
BLACK
6
CONTINUOUS
10
7.8212012992125981
20
-4.8429965748031494
11
7.8190692519685037
21
-4.8442278346456691
0
LINE
8
BLACK
6
CONTINUOUS
10
7.8190692519685037
20
-4.8442278346456691
11
7.8155877952755901
21
-4.8477100393700789
0
LINE
8
BLACK
6
CONTINUOUS
10
7.8155877952755901
20
-4.8477100393700789
11
7.813126023622047
21
-4.8519745275590553
0
LINE
8
BLACK
6
CONTINUOUS
10
7.813126023622047
20
-4.8519745275590553
11
7.811851732283464
21
-4.8567308661417323
0
LINE
8
BLACK
6
CONTINUOUS
10
7.811851732283464
20
-4.8567308661417323
11
7.811851732283464
21
-4.8616549212598423
0
LINE
8
BLACK
6
CONTINUOUS
10
7.811851732283464
20
-4.8616549212598423
11
7.813126023622047
21
-4.8664112204724406
0
LINE
8
BLACK
6
CONTINUOUS
10
7.813126023622047
20
-4.8664112204724406
11
7.8143568897637792
21
-4.8685434645669288
0
LINE
8
BLACK
6
CONTINUOUS
10
7.8143568897637792
20
-4.8685434645669288
11
7.8143568503937004
21
-4.8685434645669288
0
LINE
8
BLACK
6
CONTINUOUS
10
7.8143568503937004
20
-4.8685434645669288
11
7.814386377952756
21
-4.8686824803149609
0
LINE
8
BLACK
6
CONTINUOUS
10
7.814386377952756
20
-4.8686824803149609
11
8.0701698818897629
21
-5.3117124803149602
0
LINE
8
BLACK
6
CONTINUOUS
10
8.0701698818897629
20
-5.3117124803149602
11
8.0701698818897629
21
-5.311712519685039
0
LINE
8
BLACK
6
CONTINUOUS
10
8.0701698818897629
20
-5.311712519685039
11
8.070170984251968
21
-5.3117118503937011
0
LINE
8
BLACK
6
CONTINUOUS
10
8.070170984251968
20
-5.3117118503937011
11
8.0714018897637789
21
-5.313843976377953
0
LINE
8
BLACK
6
CONTINUOUS
10
8.0714018897637789
20
-5.313843976377953
11
8.0748834645669287
21
-5.3173257874015745
0
LINE
8
BLACK
6
CONTINUOUS
10
8.0748834645669287
20
-5.3173257874015745
11
8.0791475590551176
21
-5.3197878346456688
0
LINE
8
BLACK
6
CONTINUOUS
10
8.0791475590551176
20
-5.3197878346456688
11
8.0839035826771646
21
-5.3210623622047244
0
LINE
8
BLACK
6
CONTINUOUS
10
8.0839035826771646
20
-5.3210623622047244
11
8.0888274409448808
21
-5.3210625590551182
0
LINE
8
BLACK
6
CONTINUOUS
10
8.0888274409448808
20
-5.3210625590551182
11
8.0935835433070871
21
-5.3197883464566926
0
LINE
8
BLACK
6
CONTINUOUS
10
8.0935835433070871
20
-5.3197883464566926
11
8.0957155511811028
21
-5.3185574803149605
0
LINE
8
BLACK
6
CONTINUOUS
10
8.0957155511811028
20
-5.3185574803149605
11
8.0957156299212603
21
-5.3185574409448817
0
LINE
8
BLACK
6
CONTINUOUS
10
8.0957156299212603
20
-5.3185574409448817
11
8.5389569685039373
21
-5.0626519291338585
0
LINE
8
BLACK
6
CONTINUOUS
10
8.5389569685039373
20
-5.0626519291338585
11
8.5389582283464573
21
-5.0626514566929135
0
LINE
8
BLACK
6
CONTINUOUS
10
8.5389582283464573
20
-5.0626514566929135
11
8.5410892125984255
21
-5.0614211023622042
0
LINE
8
BLACK
6
CONTINUOUS
10
8.5410892125984255
20
-5.0614211023622042
11
8.544570984251969
21
-5.057939251968504
0
LINE
8
BLACK
6
CONTINUOUS
10
8.544570984251969
20
-5.057939251968504
11
8.5470329921259847
21
-5.0536748818897639
0
LINE
8
BLACK
6
CONTINUOUS
10
8.5470329921259847
20
-5.0536748818897639
11
8.5483073622047243
21
-5.0489186614173232
0
LINE
8
BLACK
6
CONTINUOUS
10
8.5483073622047243
20
-5.0489186614173232
11
8.5483073622047243
21
-5.0439946062992123
0
LINE
8
BLACK
6
CONTINUOUS
10
8.5483073622047243
20
-5.0439946062992123
11
8.5470329133858272
21
-5.0392383464566928
0
LINE
8
BLACK
6
CONTINUOUS
10
8.5470329133858272
20
-5.0392383464566928
11
8.5458019291338587
21
-5.0371061811023621
0
LINE
8
BLACK
6
CONTINUOUS
10
8.5458019291338587
20
-5.0371061811023621
11
8.2898964173228347
21
-4.5938648425196851
0
LINE
8
BLACK
6
CONTINUOUS
10
8.2898964173228347
20
-4.5938648425196851
11
8.2898962204724409
21
-4.5938643307086613
0
LINE
8
BLACK
6
CONTINUOUS
10
8.2898962204724409
20
-4.5938643307086613
11
8.2886654330708662
21
-4.5917327559055119
0
LINE
8
BLACK
6
CONTINUOUS
10
8.2886654330708662
20
-4.5917327559055119
11
8.2851835433070864
21
-4.5882511023622046
0
LINE
8
BLACK
6
CONTINUOUS
10
8.2851835433070864
20
-4.5882511023622046
11
8.280919212598425
21
-4.5857891732283464
0
LINE
8
BLACK
6
CONTINUOUS
10
8.280919212598425
20
-4.5857891732283464
11
8.276163031496063
21
-4.5845147637795272
0
LINE
8
BLACK
6
CONTINUOUS
10
8.276163031496063
20
-4.5845147637795272
11
8.2712390551181105
21
-4.5845147244094484
0
LINE
8
BLACK
6
CONTINUOUS
10
8.2712390551181105
20
-4.5845147244094484
11
8.2664828346456698
21
-4.5857889763779527
0
LINE
8
BLACK
6
CONTINUOUS
10
8.9263092125984258
20
-4.2078561023622045
11
8.9307799212598429
21
-4.2090540157480314
0
LINE
8
BLACK
6
CONTINUOUS
10
8.9307799212598429
20
-4.2090540157480314
11
8.9348719685039359
21
-4.2112166929133856
0
LINE
8
BLACK
6
CONTINUOUS
10
8.9348719685039359
20
-4.2112166929133856
11
8.9383801968503942
21
-4.2142356299212596
0
LINE
8
BLACK
6
CONTINUOUS
10
8.9383801968503942
20
-4.2142356299212596
11
8.941128110236221
21
-4.217958661417323
0
LINE
8
BLACK
6
CONTINUOUS
10
8.941128110236221
20
-4.217958661417323
11
8.9411288582677155
21
-4.2179595275590547
0
LINE
8
BLACK
6
CONTINUOUS
10
8.9411288582677155
20
-4.2179595275590547
11
9.1970343700787396
21
-4.6612008661417326
0
LINE
8
BLACK
6
CONTINUOUS
10
9.1970343700787396
20
-4.6612008661417326
11
9.1988851968503926
21
-4.6654431496062987
0
LINE
8
BLACK
6
CONTINUOUS
10
9.1988851968503926
20
-4.6654431496062987
11
9.1997456299212601
21
-4.6699909055118107
0
LINE
8
BLACK
6
CONTINUOUS
10
9.1997456299212601
20
-4.6699909055118107
11
9.1995725590551185
21
-4.6746161023622044
0
LINE
8
BLACK
6
CONTINUOUS
10
9.1995725590551185
20
-4.6746161023622044
11
9.1983746456692916
21
-4.6790868503937011
0
LINE
8
BLACK
6
CONTINUOUS
10
9.1983746456692916
20
-4.6790868503937011
11
9.1962119291338578
21
-4.683178897637795
0
LINE
8
BLACK
6
CONTINUOUS
10
9.1962119291338578
20
-4.683178897637795
11
9.1931928740157485
21
-4.6866871653543303
0
LINE
8
BLACK
6
CONTINUOUS
10
9.1931928740157485
20
-4.6866871653543303
11
9.189468897637795
21
-4.6894356692913384
0
LINE
8
BLACK
6
CONTINUOUS
10
9.189468897637795
20
-4.6894356692913384
11
9.1894688582677162
21
-4.6894356299212596
0
LINE
8
BLACK
6
CONTINUOUS
10
9.1894688582677162
20
-4.6894356299212596
11
9.1894688582677162
21
-4.6894356692913384
0
LINE
8
BLACK
6
CONTINUOUS
10
9.1894688582677162
20
-4.6894356692913384
11
8.7462275196850392
21
-4.9453411811023624
0
LINE
8
BLACK
6
CONTINUOUS
10
8.7462275196850392
20
-4.9453411811023624
11
8.7462273228346454
21
-4.9453412204724412
0
LINE
8
BLACK
6
CONTINUOUS
10
8.7462273228346454
20
-4.9453412204724412
11
8.7419852755905509
21
-4.9471918503937005
0
LINE
8
BLACK
6
CONTINUOUS
10
8.7419852755905509
20
-4.9471918503937005
11
8.7374375984251973
21
-4.948052125984252
0
LINE
8
BLACK
6
CONTINUOUS
10
8.7374375984251973
20
-4.948052125984252
11
8.7328125590551178
21
-4.9478789370078742
0
LINE
8
BLACK
6
CONTINUOUS
10
8.7328125590551178
20
-4.9478789370078742
11
8.728341968503937
21
-4.9466809055118111
0
LINE
8
BLACK
6
CONTINUOUS
10
8.728341968503937
20
-4.9466809055118111
11
8.7242500787401571
21
-4.9445181496062993
0
LINE
8
BLACK
6
CONTINUOUS
10
8.7242500787401571
20
-4.9445181496062993
11
8.7207420078740157
21
-4.9414990944881891
0
LINE
8
BLACK
6
CONTINUOUS
10
8.7207420078740157
20
-4.9414990944881891
11
8.7180016535433076
21
-4.9377858661417324
0
LINE
8
BLACK
6
CONTINUOUS
10
8.7180016535433076
20
-4.9377858661417324
11
8.7179927165354325
21
-4.9377756692913382
0
LINE
8
BLACK
6
CONTINUOUS
10
8.7179927165354325
20
-4.9377756692913382
11
8.4620872047244085
21
-4.4945343307086612
0
LINE
8
BLACK
6
CONTINUOUS
10
8.4620872047244085
20
-4.4945343307086612
11
8.4619637795275597
21
-4.4941706692913383
0
LINE
8
BLACK
6
CONTINUOUS
10
8.4619637795275597
20
-4.4941706692913383
11
8.4619735433070868
21
-4.4941340551181099
0
LINE
8
BLACK
6
CONTINUOUS
10
8.4619735433070868
20
-4.4941340551181099
11
8.4603289763779532
21
-4.4903641732283459
0
LINE
8
BLACK
6
CONTINUOUS
10
8.4603289763779532
20
-4.4903641732283459
11
8.4594685826771645
21
-4.485816377952756
0
LINE
8
BLACK
6
CONTINUOUS
10
8.4594685826771645
20
-4.485816377952756
11
8.4596416141732274
21
-4.4811911417322836
0
LINE
8
BLACK
6
CONTINUOUS
10
8.4596416141732274
20
-4.4811911417322836
11
8.4608393700787392
21
-4.4767203543307081
0
LINE
8
BLACK
6
CONTINUOUS
10
8.4608393700787392
20
-4.4767203543307081
11
8.4630018503937006
21
-4.4726281102362204
0
LINE
8
BLACK
6
CONTINUOUS
10
8.4630018503937006
20
-4.4726281102362204
11
8.4660205905511816
21
-4.4691195669291339
0
LINE
8
BLACK
6
CONTINUOUS
10
8.4660205905511816
20
-4.4691195669291339
11
8.4693309842519682
21
-4.4666757480314958
0
LINE
8
BLACK
6
CONTINUOUS
10
8.4693309842519682
20
-4.4666757480314958
11
8.4693639763779522
21
-4.4665527559055116
0
LINE
8
BLACK
6
CONTINUOUS
10
8.4693639763779522
20
-4.4665527559055116
11
8.4696527165354336
21
-4.4662995275590553
0
LINE
8
BLACK
6
CONTINUOUS
10
8.4696527165354336
20
-4.4662995275590553
11
8.9128940551181106
21
-4.2103940157480313
0
LINE
8
BLACK
6
CONTINUOUS
10
8.9128940551181106
20
-4.2103940157480313
11
8.9128942125984256
21
-4.2103939370078738
0
LINE
8
BLACK
6
CONTINUOUS
10
8.9128942125984256
20
-4.2103939370078738
11
8.9171363779527564
21
-4.2085433070866145
0
LINE
8
BLACK
6
CONTINUOUS
10
8.9171363779527564
20
-4.2085433070866145
11
8.9216840944881888
21
-4.2076829527559054
0
LINE
8
BLACK
6
CONTINUOUS
10
8.9216840944881888
20
-4.2076829527559054
11
8.9263092125984258
21
-4.2078561023622045
0
LINE
8
BLACK
6
CONTINUOUS
10
8.9160104330708663
20
-4.2108679133858269
11
8.9138783464566931
21
-4.2120987401574803
0
LINE
8
BLACK
6
CONTINUOUS
10
8.9138783464566931
20
-4.2120987401574803
11
8.9138783070866143
21
-4.2120988188976378
0
LINE
8
BLACK
6
CONTINUOUS
10
8.9138783070866143
20
-4.2120988188976378
11
8.4709649606299209
21
-4.4678149212598424
0
LINE
8
BLACK
6
CONTINUOUS
10
8.4709649606299209
20
-4.4678149212598424
11
8.4707295275590546
21
-4.4680765354330712
0
LINE
8
BLACK
6
CONTINUOUS
10
8.4707295275590546
20
-4.4680765354330712
11
8.4707288188976371
21
-4.4680753149606298
0
LINE
8
BLACK
6
CONTINUOUS
10
8.4707288188976371
20
-4.4680753149606298
11
8.4685967716535426
21
-4.4693065748031495
0
LINE
8
BLACK
6
CONTINUOUS
10
8.4685967716535426
20
-4.4693065748031495
11
8.4651152755905503
21
-4.4727888188976381
0
LINE
8
BLACK
6
CONTINUOUS
10
8.4651152755905503
20
-4.4727888188976381
11
8.4626535039370072
21
-4.4770533464566924
0
LINE
8
BLACK
6
CONTINUOUS
10
8.4626535039370072
20
-4.4770533464566924
11
8.4613792519685038
21
-4.481809724409449
0
LINE
8
BLACK
6
CONTINUOUS
10
8.4613792519685038
20
-4.481809724409449
11
8.4613792913385826
21
-4.4867338188976378
0
LINE
8
BLACK
6
CONTINUOUS
10
8.4613792913385826
20
-4.4867338188976378
11
8.4626535826771647
21
-4.4914901574803148
0
LINE
8
BLACK
6
CONTINUOUS
10
8.4626535826771647
20
-4.4914901574803148
11
8.4638845275590544
21
-4.493622401574803
0
LINE
8
BLACK
6
CONTINUOUS
10
8.4638845275590544
20
-4.493622401574803
11
8.4638844881889757
21
-4.493622401574803
0
LINE
8
BLACK
6
CONTINUOUS
10
8.4638844881889757
20
-4.493622401574803
11
8.4639140157480313
21
-4.4937614173228342
0
LINE
8
BLACK
6
CONTINUOUS
10
8.4639140157480313
20
-4.4937614173228342
11
8.7196975196850399
21
-4.9367914173228344
0
LINE
8
BLACK
6
CONTINUOUS
10
8.7196975196850399
20
-4.9367914173228344
11
8.7196984645669282
21
-4.9367908661417319
0
LINE
8
BLACK
6
CONTINUOUS
10
8.7196984645669282
20
-4.9367908661417319
11
8.7209294094488179
21
-4.9389229921259838
0
LINE
8
BLACK
6
CONTINUOUS
10
8.7209294094488179
20
-4.9389229921259838
11
8.7244110236220465
21
-4.9424047637795274
0
LINE
8
BLACK
6
CONTINUOUS
10
8.7244110236220465
20
-4.9424047637795274
11
8.7286751181102353
21
-4.9448668110236218
0
LINE
8
BLACK
6
CONTINUOUS
10
8.7286751181102353
20
-4.9448668110236218
11
8.7334311811023628
21
-4.9461412992125986
0
LINE
8
BLACK
6
CONTINUOUS
10
8.7334311811023628
20
-4.9461412992125986
11
8.7383550393700791
21
-4.9461414566929136
0
LINE
8
BLACK
6
CONTINUOUS
10
8.7383550393700791
20
-4.9461414566929136
11
8.7431111417322835
21
-4.9448672440944881
0
LINE
8
BLACK
6
CONTINUOUS
10
8.7431111417322835
20
-4.9448672440944881
11
8.7452433070866142
21
-4.9436363385826771
0
LINE
8
BLACK
6
CONTINUOUS
10
8.7452433070866142
20
-4.9436363385826771
11
9.1884846062992125
21
-4.6877308661417318
0
LINE
8
BLACK
6
CONTINUOUS
10
9.1884846062992125
20
-4.6877308661417318
11
9.1884847637795275
21
-4.6877307874015743
0
LINE
8
BLACK
6
CONTINUOUS
10
9.1884847637795275
20
-4.6877307874015743
11
9.1906167322834644
21
-4.6864998818897634
0
LINE
8
BLACK
6
CONTINUOUS
10
9.1906167322834644
20
-4.6864998818897634
11
9.194098503937008
21
-4.683018070866142
0
LINE
8
BLACK
6
CONTINUOUS
10
9.194098503937008
20
-4.683018070866142
11
9.1965605118110236
21
-4.6787537401574806
0
LINE
8
BLACK
6
CONTINUOUS
10
9.1965605118110236
20
-4.6787537401574806
11
9.197834921259842
21
-4.673997519685039
0
LINE
8
BLACK
6
CONTINUOUS
10
9.197834921259842
20
-4.673997519685039
11
9.1978349606299208
21
-4.6690735039370077
0
LINE
8
BLACK
6
CONTINUOUS
10
9.1978349606299208
20
-4.6690735039370077
11
9.1965605511811024
21
-4.664317283464567
0
LINE
8
BLACK
6
CONTINUOUS
10
9.1965605511811024
20
-4.664317283464567
11
9.1953295669291339
21
-4.6621851181102363
0
LINE
8
BLACK
6
CONTINUOUS
10
9.1953295669291339
20
-4.6621851181102363
11
8.9394240944881886
21
-4.218943818897638
0
LINE
8
BLACK
6
CONTINUOUS
10
8.9394240944881886
20
-4.218943818897638
11
8.9394240157480311
21
-4.2189438582677168
0
LINE
8
BLACK
6
CONTINUOUS
10
8.9394240157480311
20
-4.2189438582677168
11
8.9381929527559052
21
-4.2168117716535436
0
LINE
8
BLACK
6
CONTINUOUS
10
8.9381929527559052
20
-4.2168117716535436
11
8.9347111023622041
21
-4.2133300787401575
0
LINE
8
BLACK
6
CONTINUOUS
10
8.9347111023622041
20
-4.2133300787401575
11
8.9304468110236215
21
-4.2108681496062994
0
LINE
8
BLACK
6
CONTINUOUS
10
8.9304468110236215
20
-4.2108681496062994
11
8.9256906299212595
21
-4.2095937401574801
0
LINE
8
BLACK
6
CONTINUOUS
10
8.9256906299212595
20
-4.2095937401574801
11
8.920766653543307
21
-4.2095936220472439
0
LINE
8
BLACK
6
CONTINUOUS
10
8.920766653543307
20
-4.2095936220472439
11
8.9160104330708663
21
-4.2108679133858269
0
LINE
8
BLACK
6
CONTINUOUS
10
9.8856090944881885
20
-4.084310236220472
11
9.8900321653543308
21
-4.0856743700787401
0
LINE
8
BLACK
6
CONTINUOUS
10
9.8900321653543308
20
-4.0856743700787401
11
9.8940407086614179
21
-4.0879886220472441
0
LINE
8
BLACK
6
CONTINUOUS
10
9.8940407086614179
20
-4.0879886220472441
11
9.8974337401574797
21
-4.0911369291338584
0
LINE
8
BLACK
6
CONTINUOUS
10
9.8974337401574797
20
-4.0911369291338584
11
9.9000410236220464
21
-4.0949613779527558
0
LINE
8
BLACK
6
CONTINUOUS
10
9.9000410236220464
20
-4.0949613779527558
11
9.9017318110236214
21
-4.0992701574803148
0
LINE
8
BLACK
6
CONTINUOUS
10
9.9017318110236214
20
-4.0992701574803148
11
9.9017311811023614
21
-4.0992703149606298
0
LINE
8
BLACK
6
CONTINUOUS
10
9.9017311811023614
20
-4.0992703149606298
11
9.9017311417322826
21
-4.0992703937007873
0
LINE
8
BLACK
6
CONTINUOUS
10
9.9017311417322826
20
-4.0992703937007873
11
10.0341975984251963
21
-4.5936417716535436
0
LINE
8
BLACK
6
CONTINUOUS
10
10.0341975984251963
20
-4.5936417716535436
11
10.0341975984251963
21
-4.593642204724409
0
LINE
8
BLACK
6
CONTINUOUS
10
10.0341975984251963
20
-4.593642204724409
11
10.0348875590551181
21
-4.5982186220472441
0
LINE
8
BLACK
6
CONTINUOUS
10
10.0348875590551181
20
-4.5982186220472441
11
10.0345418110236224
21
-4.6028342913385822
0
LINE
8
BLACK
6
CONTINUOUS
10
10.0345418110236224
20
-4.6028342913385822
11
10.0331776377952746
21
-4.6072572440944883
0
LINE
8
BLACK
6
CONTINUOUS
10
10.0331776377952746
20
-4.6072572440944883
11
10.030863464566929
21
-4.6112657874015746
0
LINE
8
BLACK
6
CONTINUOUS
10
10.030863464566929
20
-4.6112657874015746
11
10.0277153149606288
21
-4.6146588582677168
0
LINE
8
BLACK
6
CONTINUOUS
10
10.0277153149606288
20
-4.6146588582677168
11
10.0238911023622048
21
-4.6172663385826773
0
LINE
8
BLACK
6
CONTINUOUS
10
10.0238911023622048
20
-4.6172663385826773
11
10.0195825196850397
21
-4.6189574409448815
0
LINE
8
BLACK
6
CONTINUOUS
10
10.0195825196850397
20
-4.6189574409448815
11
10.0195822047244096
21
-4.6189563385826773
0
LINE
8
BLACK
6
CONTINUOUS
10
10.0195822047244096
20
-4.6189563385826773
11
10.0195821653543309
21
-4.6189562992125985
0
LINE
8
BLACK
6
CONTINUOUS
10
10.0195821653543309
20
-4.6189562992125985
11
10.0195821653543309
21
-4.6189563385826773
0
LINE
8
BLACK
6
CONTINUOUS
10
10.0195821653543309
20
-4.6189563385826773
11
9.5252106299212596
21
-4.7514227952755901
0
LINE
8
BLACK
6
CONTINUOUS
10
9.5252106299212596
20
-4.7514227952755901
11
9.5248274409448825
21
-4.7514479133858263
0
LINE
8
BLACK
6
CONTINUOUS
10
9.5248274409448825
20
-4.7514479133858263
11
9.5247946062992117
21
-4.7514289370078737
0
LINE
8
BLACK
6
CONTINUOUS
10
9.5247946062992117
20
-4.7514289370078737
11
9.5207275590551177
21
-4.7520414173228342
0
LINE
8
BLACK
6
CONTINUOUS
10
9.5207275590551177
20
-4.7520414173228342
11
9.5161122047244096
21
-4.7516951968503935
0
LINE
8
BLACK
6
CONTINUOUS
10
9.5161122047244096
20
-4.7516951968503935
11
9.5116895275590547
21
-4.7503308661417325
0
LINE
8
BLACK
6
CONTINUOUS
10
9.5116895275590547
20
-4.7503308661417325
11
9.5076812204724401
21
-4.748016850393701
0
LINE
8
BLACK
6
CONTINUOUS
10
9.5076812204724401
20
-4.748016850393701
11
9.5042881102362209
21
-4.744869133858268
0
LINE
8
BLACK
6
CONTINUOUS
10
9.5042881102362209
20
-4.744869133858268
11
9.5016803149606304
21
-4.741045433070866
0
LINE
8
BLACK
6
CONTINUOUS
10
9.5016803149606304
20
-4.741045433070866
11
9.50017622047244
21
-4.737215472440945
0
LINE
8
BLACK
6
CONTINUOUS
10
9.50017622047244
20
-4.737215472440945
11
9.5000659448818894
21
-4.7371518110236224
0
LINE
8
BLACK
6
CONTINUOUS
10
9.5000659448818894
20
-4.7371518110236224
11
9.4998961023622037
21
-4.7368073622047246
0
LINE
8
BLACK
6
CONTINUOUS
10
9.4998961023622037
20
-4.7368073622047246
11
9.3674296456692918
21
-4.2424358267716533
0
LINE
8
BLACK
6
CONTINUOUS
10
9.3674296456692918
20
-4.2424358267716533
11
9.3667398818897638
21
-4.2378591732283466
0
LINE
8
BLACK
6
CONTINUOUS
10
9.3667398818897638
20
-4.2378591732283466
11
9.3670858267716532
21
-4.2332437401574801
0
LINE
8
BLACK
6
CONTINUOUS
10
9.3670858267716532
20
-4.2332437401574801
11
9.3684501574803143
21
-4.2288210629921261
0
LINE
8
BLACK
6
CONTINUOUS
10
9.3684501574803143
20
-4.2288210629921261
11
9.3707644488188979
21
-4.224812834645669
0
LINE
8
BLACK
6
CONTINUOUS
10
9.3707644488188979
20
-4.224812834645669
11
9.3739126377952751
21
-4.2214201181102364
0
LINE
8
BLACK
6
CONTINUOUS
10
9.3739126377952751
20
-4.2214201181102364
11
9.3777368897637796
21
-4.2188130314960626
0
LINE
8
BLACK
6
CONTINUOUS
10
9.3777368897637796
20
-4.2188130314960626
11
9.3820336614173225
21
-4.2171268897637795
0
LINE
8
BLACK
6
CONTINUOUS
10
9.3820336614173225
20
-4.2171268897637795
11
9.3820450787401573
21
-4.2171212992125984
0
LINE
8
BLACK
6
CONTINUOUS
10
9.3820450787401573
20
-4.2171212992125984
11
9.8764164173228348
21
-4.0846548425196847
0
LINE
8
BLACK
6
CONTINUOUS
10
9.8764164173228348
20
-4.0846548425196847
11
9.8764164960629923
21
-4.0846548425196847
0
LINE
8
BLACK
6
CONTINUOUS
10
9.8764164960629923
20
-4.0846548425196847
11
9.8764165748031498
21
-4.0846548425196847
0
LINE
8
BLACK
6
CONTINUOUS
10
9.8764165748031498
20
-4.0846548425196847
11
9.8764168897637798
21
-4.0846548031496059
0
LINE
8
BLACK
6
CONTINUOUS
10
9.8764168897637798
20
-4.0846548031496059
11
9.8809933858267716
21
-4.0839646456692913
0
LINE
8
BLACK
6
CONTINUOUS
10
9.8809933858267716
20
-4.0839646456692913
11
9.8856090944881885
21
-4.084310236220472
0
LINE
8
BLACK
6
CONTINUOUS
10
9.8793043307086617
20
-4.0859188582677168
11
9.8769261811023625
21
-4.0865562598425198
0
LINE
8
BLACK
6
CONTINUOUS
10
9.8769261811023625
20
-4.0865562598425198
11
9.8769260629921263
21
-4.086556220472441
0
LINE
8
BLACK
6
CONTINUOUS
10
9.8769260629921263
20
-4.086556220472441
11
9.8769260629921263
21
-4.0865562598425198
0
LINE
8
BLACK
6
CONTINUOUS
10
9.8769260629921263
20
-4.0865562598425198
11
9.3825545275590549
21
-4.2190227165354326
0
LINE
8
BLACK
6
CONTINUOUS
10
9.3825545275590549
20
-4.2190227165354326
11
9.3825544881889762
21
-4.2190227165354326
0
LINE
8
BLACK
6
CONTINUOUS
10
9.3825544881889762
20
-4.2190227165354326
11
9.3825547637795275
21
-4.2190237795275589
0
LINE
8
BLACK
6
CONTINUOUS
10
9.3825547637795275
20
-4.2190237795275589
11
9.3801766929133858
21
-4.2196608661417319
0
LINE
8
BLACK
6
CONTINUOUS
10
9.3801766929133858
20
-4.2196608661417319
11
9.3759123622047245
21
-4.2221225984251971
0
LINE
8
BLACK
6
CONTINUOUS
10
9.3759123622047245
20
-4.2221225984251971
11
9.3724305118110234
21
-4.225604173228346
0
LINE
8
BLACK
6
CONTINUOUS
10
9.3724305118110234
20
-4.225604173228346
11
9.369968464566929
21
-4.2298683464566924
0
LINE
8
BLACK
6
CONTINUOUS
10
9.369968464566929
20
-4.2298683464566924
11
9.3686939763779531
21
-4.234624409448819
0
LINE
8
BLACK
6
CONTINUOUS
10
9.3686939763779531
20
-4.234624409448819
11
9.3686938976377956
21
-4.239548307086614
0
LINE
8
BLACK
6
CONTINUOUS
10
9.3686938976377956
20
-4.239548307086614
11
9.3693311023622048
21
-4.2419263779527556
0
LINE
8
BLACK
6
CONTINUOUS
10
9.3693311023622048
20
-4.2419263779527556
11
9.369331062992126
21
-4.2419263779527556
0
LINE
8
BLACK
6
CONTINUOUS
10
9.369331062992126
20
-4.2419263779527556
11
9.5016994881889758
21
-4.7359320078740152
0
LINE
8
BLACK
6
CONTINUOUS
10
9.5016994881889758
20
-4.7359320078740152
11
9.5018912204724408
21
-4.7362270866141731
0
LINE
8
BLACK
6
CONTINUOUS
10
9.5018912204724408
20
-4.7362270866141731
11
9.5018898031496057
21
-4.7362274409448819
0
LINE
8
BLACK
6
CONTINUOUS
10
9.5018898031496057
20
-4.7362274409448819
11
9.50252748031496
21
-4.738605433070866
0
LINE
8
BLACK
6
CONTINUOUS
10
9.50252748031496
20
-4.738605433070866
11
9.5049901968503931
21
-4.7428693307086611
0
LINE
8
BLACK
6
CONTINUOUS
10
9.5049901968503931
20
-4.7428693307086611
11
9.5084723622047242
21
-4.7463507480314959
0
LINE
8
BLACK
6
CONTINUOUS
10
9.5084723622047242
20
-4.7463507480314959
11
9.5127367322834644
21
-4.7488125984251965
0
LINE
8
BLACK
6
CONTINUOUS
10
9.5127367322834644
20
-4.7488125984251965
11
9.5174929133858264
21
-4.7500871259842521
0
LINE
8
BLACK
6
CONTINUOUS
10
9.5174929133858264
20
-4.7500871259842521
11
9.5224168897637789
21
-4.7500875984251971
0
LINE
8
BLACK
6
CONTINUOUS
10
9.5224168897637789
20
-4.7500875984251971
11
9.5247950787401567
21
-4.7494507086614171
0
LINE
8
BLACK
6
CONTINUOUS
10
9.5247950787401567
20
-4.7494507086614171
11
9.5249370472440944
21
-4.7494581496062995
0
LINE
8
BLACK
6
CONTINUOUS
10
9.5249370472440944
20
-4.7494581496062995
11
10.0190726771653544
21
-4.6170549212598422
0
LINE
8
BLACK
6
CONTINUOUS
10
10.0190726771653544
20
-4.6170549212598422
11
10.0190785039370081
21
-4.6170545275590547
0
LINE
8
BLACK
6
CONTINUOUS
10
10.0190785039370081
20
-4.6170545275590547
11
10.0214511417322836
21
-4.6164187401574805
0
LINE
8
BLACK
6
CONTINUOUS
10
10.0214511417322836
20
-4.6164187401574805
11
10.0257155118110237
21
-4.6139565748031499
0
LINE
8
BLACK
6
CONTINUOUS
10
10.0257155118110237
20
-4.6139565748031499
11
10.029197322834646
21
-4.6104745669291338
0
LINE
8
BLACK
6
CONTINUOUS
10
10.029197322834646
20
-4.6104745669291338
11
10.0316592913385829
21
-4.6062100393700787
0
LINE
8
BLACK
6
CONTINUOUS
10
10.0316592913385829
20
-4.6062100393700787
11
10.0329336220472438
21
-4.6014536220472442
0
LINE
8
BLACK
6
CONTINUOUS
10
10.0329336220472438
20
-4.6014536220472442
11
10.0329334645669288
21
-4.5965294881889767
0
LINE
8
BLACK
6
CONTINUOUS
10
10.0329334645669288
20
-4.5965294881889767
11
10.0322961417322833
21
-4.5941512992125979
0
LINE
8
BLACK
6
CONTINUOUS
10
10.0322961417322833
20
-4.5941512992125979
11
10.0322961811023621
21
-4.5941512992125979
0
LINE
8
BLACK
6
CONTINUOUS
10
10.0322961811023621
20
-4.5941512992125979
11
10.0322961811023621
21
-4.5941512598425192
0
LINE
8
BLACK
6
CONTINUOUS
10
10.0322961811023621
20
-4.5941512598425192
11
9.8998297244094484
21
-4.0997797244094487
0
LINE
8
BLACK
6
CONTINUOUS
10
9.8998297244094484
20
-4.0997797244094487
11
9.8998296850393697
21
-4.09977968503937
0
LINE
8
BLACK
6
CONTINUOUS
10
9.8998296850393697
20
-4.09977968503937
11
9.8998296850393697
21
-4.0997796456692912
0
LINE
8
BLACK
6
CONTINUOUS
10
9.8998296850393697
20
-4.0997796456692912
11
9.8998294881889759
21
-4.0997762598425194
0
LINE
8
BLACK
6
CONTINUOUS
10
9.8998294881889759
20
-4.0997762598425194
11
9.8991932283464568
21
-4.0974012992125983
0
LINE
8
BLACK
6
CONTINUOUS
10
9.8991932283464568
20
-4.0974012992125983
11
9.8967312992125986
21
-4.0931367322834644
0
LINE
8
BLACK
6
CONTINUOUS
10
9.8967312992125986
20
-4.0931367322834644
11
9.8932494094488188
21
-4.0896548031496058
0
LINE
8
BLACK
6
CONTINUOUS
10
9.8932494094488188
20
-4.0896548031496058
11
9.8889849212598424
21
-4.0871927559055115
0
LINE
8
BLACK
6
CONTINUOUS
10
9.8889849212598424
20
-4.0871927559055115
11
9.8842285039370079
21
-4.0859185039370081
0
LINE
8
BLACK
6
CONTINUOUS
10
9.8842285039370079
20
-4.0859185039370081
11
9.8793043307086617
21
-4.0859188582677168
0
LINE
8
BLACK
6
CONTINUOUS
10
11.9942903149606295
20
-3.348110118110236
11
11.9942903543307082
21
-3.348110118110236
0
LINE
8
BLACK
6
CONTINUOUS
10
11.9942903543307082
20
-3.348110118110236
11
12.5061013779527563
21
-3.348110118110236
0
LINE
8
BLACK
6
CONTINUOUS
10
12.5061013779527563
20
-3.348110118110236
11
12.5061014173228351
21
-3.348110118110236
0
LINE
8
BLACK
6
CONTINUOUS
10
12.5061014173228351
20
-3.348110118110236
11
12.5107008661417325
21
-3.3486281496062991
0
LINE
8
BLACK
6
CONTINUOUS
10
12.5107008661417325
20
-3.3486281496062991
11
12.5150698031496059
21
-3.3501566929133859
0
LINE
8
BLACK
6
CONTINUOUS
10
12.5150698031496059
20
-3.3501566929133859
11
12.5189890157480317
21
-3.3526191338582678
0
LINE
8
BLACK
6
CONTINUOUS
10
12.5189890157480317
20
-3.3526191338582678
11
12.5222620472440944
21
-3.3558919685039368
0
LINE
8
BLACK
6
CONTINUOUS
10
12.5222620472440944
20
-3.3558919685039368
11
12.5247246850393701
21
-3.3598110629921258
0
LINE
8
BLACK
6
CONTINUOUS
10
12.5247246850393701
20
-3.3598110629921258
11
12.5262535039370082
21
-3.3641799212598427
0
LINE
8
BLACK
6
CONTINUOUS
10
12.5262535039370082
20
-3.3641799212598427
11
12.5267717716535429
21
-3.3687794094488188
0
LINE
8
BLACK
6
CONTINUOUS
10
12.5267717716535429
20
-3.3687794094488188
11
12.5267706692913379
21
-3.3687794094488188
0
LINE
8
BLACK
6
CONTINUOUS
10
12.5267706692913379
20
-3.3687794094488188
11
12.5267706692913379
21
-3.880590433070866
0
LINE
8
BLACK
6
CONTINUOUS
10
12.5267706692913379
20
-3.880590433070866
11
12.5262524803149606
21
-3.8851897244094489
0
LINE
8
BLACK
6
CONTINUOUS
10
12.5262524803149606
20
-3.8851897244094489
11
12.5247237795275588
21
-3.8895583858267715
0
LINE
8
BLACK
6
CONTINUOUS
10
12.5247237795275588
20
-3.8895583858267715
11
12.5222612598425194
21
-3.8934773228346455
0
LINE
8
BLACK
6
CONTINUOUS
10
12.5222612598425194
20
-3.8934773228346455
11
12.5189884251968504
21
-3.8967499999999999
0
LINE
8
BLACK
6
CONTINUOUS
10
12.5189884251968504
20
-3.8967499999999999
11
12.5150693700787397
21
-3.8992123622047243
0
LINE
8
BLACK
6
CONTINUOUS
10
12.5150693700787397
20
-3.8992123622047243
11
12.51070062992126
21
-3.900740866141732
0
LINE
8
BLACK
6
CONTINUOUS
10
12.51070062992126
20
-3.900740866141732
11
12.5061114566929135
21
-3.901257716535433
0
LINE
8
BLACK
6
CONTINUOUS
10
12.5061114566929135
20
-3.901257716535433
11
12.5061013779527563
21
-3.9012597244094489
0
LINE
8
BLACK
6
CONTINUOUS
10
12.5061013779527563
20
-3.9012597244094489
11
12.5061013385826776
21
-3.9012597244094489
0
LINE
8
BLACK
6
CONTINUOUS
10
12.5061013385826776
20
-3.9012597244094489
11
11.9942903543307082
21
-3.9012597244094489
0
LINE
8
BLACK
6
CONTINUOUS
10
11.9942903543307082
20
-3.9012597244094489
11
11.9939137007874006
21
-3.9011848031496061
0
LINE
8
BLACK
6
CONTINUOUS
10
11.9939137007874006
20
-3.9011848031496061
11
11.9938869291338577
21
-3.9011580314960628
0
LINE
8
BLACK
6
CONTINUOUS
10
11.9938869291338577
20
-3.9011580314960628
11
11.9897998818897626
21
-3.900697125984252
0
LINE
8
BLACK
6
CONTINUOUS
10
11.9897998818897626
20
-3.900697125984252
11
11.9854313779527555
21
-3.8991681889763781
0
LINE
8
BLACK
6
CONTINUOUS
10
11.9854313779527555
20
-3.8991681889763781
11
11.9815124803149597
21
-3.8967057086614174
0
LINE
8
BLACK
6
CONTINUOUS
10
11.9815124803149597
20
-3.8967057086614174
11
11.9782396850393695
21
-3.893433031496063
0
LINE
8
BLACK
6
CONTINUOUS
10
11.9782396850393695
20
-3.893433031496063
11
11.9757770472440939
21
-3.889514251968504
0
LINE
8
BLACK
6
CONTINUOUS
10
11.9757770472440939
20
-3.889514251968504
11
11.9742479527559045
21
-3.8851458267716534
0
LINE
8
BLACK
6
CONTINUOUS
10
11.9742479527559045
20
-3.8851458267716534
11
11.9737867322834646
21
-3.8810578346456692
0
LINE
8
BLACK
6
CONTINUOUS
10
11.9737867322834646
20
-3.8810578346456692
11
11.9736959842519681
21
-3.8809670866141732
0
LINE
8
BLACK
6
CONTINUOUS
10
11.9736959842519681
20
-3.8809670866141732
11
11.9736210629921249
21
-3.880590433070866
0
LINE
8
BLACK
6
CONTINUOUS
10
11.9736210629921249
20
-3.880590433070866
11
11.9736210629921249
21
-3.3687794094488188
0
LINE
8
BLACK
6
CONTINUOUS
10
11.9736210629921249
20
-3.3687794094488188
11
11.9741392913385827
21
-3.3641799999999997
0
LINE
8
BLACK
6
CONTINUOUS
10
11.9741392913385827
20
-3.3641799999999997
11
11.9756679921259845
21
-3.3598112204724409
0
LINE
8
BLACK
6
CONTINUOUS
10
11.9756679921259845
20
-3.3598112204724409
11
11.9781304330708664
21
-3.3558921259842518
0
LINE
8
BLACK
6
CONTINUOUS
10
11.9781304330708664
20
-3.3558921259842518
11
11.9814032283464567
21
-3.3526191732283466
0
LINE
8
BLACK
6
CONTINUOUS
10
11.9814032283464567
20
-3.3526191732283466
11
11.9853222047244099
21
-3.3501565748031497
0
LINE
8
BLACK
6
CONTINUOUS
10
11.9853222047244099
20
-3.3501565748031497
11
11.9896909055118108
21
-3.348627677165354
0
LINE
8
BLACK
6
CONTINUOUS
10
11.9896909055118108
20
-3.348627677165354
11
11.9942903149606295
21
-3.3481092519685038
0
LINE
8
BLACK
6
CONTINUOUS
10
11.9942903149606295
20
-3.3481092519685038
11
11.9942903149606295
21
-3.348110118110236
0
LINE
8
BLACK
6
CONTINUOUS
10
11.9918283464566926
20
-3.350077874015748
11
11.9870720866141731
21
-3.3513525196850393
0
LINE
8
BLACK
6
CONTINUOUS
10
11.9870720866141731
20
-3.3513525196850393
11
11.9828077952755905
21
-3.35381468503937
0
LINE
8
BLACK
6
CONTINUOUS
10
11.9828077952755905
20
-3.35381468503937
11
11.9793259842519682
21
-3.3572966141732281
0
LINE
8
BLACK
6
CONTINUOUS
10
11.9793259842519682
20
-3.3572966141732281
11
11.9768640157480313
21
-3.3615610629921258
0
LINE
8
BLACK
6
CONTINUOUS
10
11.9768640157480313
20
-3.3615610629921258
11
11.9755895669291341
21
-3.3663173622047244
0
LINE
8
BLACK
6
CONTINUOUS
10
11.9755895669291341
20
-3.3663173622047244
11
11.9755895669291341
21
-3.3687794094488188
0
LINE
8
BLACK
6
CONTINUOUS
10
11.9755895669291341
20
-3.3687794094488188
11
11.9755895669291341
21
-3.8802115748031496
0
LINE
8
BLACK
6
CONTINUOUS
10
11.9755895669291341
20
-3.8802115748031496
11
11.9756983858267709
21
-3.8805463385826773
0
LINE
8
BLACK
6
CONTINUOUS
10
11.9756983858267709
20
-3.8805463385826773
11
11.9756975984251959
21
-3.8805463385826773
0
LINE
8
BLACK
6
CONTINUOUS
10
11.9756975984251959
20
-3.8805463385826773
11
11.9756979527559047
21
-3.8830083070866142
0
LINE
8
BLACK
6
CONTINUOUS
10
11.9756979527559047
20
-3.8830083070866142
11
11.9769729133858274
21
-3.8877643700787399
0
LINE
8
BLACK
6
CONTINUOUS
10
11.9769729133858274
20
-3.8877643700787399
11
11.9794351968503943
21
-3.8920284645669292
0
LINE
8
BLACK
6
CONTINUOUS
10
11.9794351968503943
20
-3.8920284645669292
11
11.9829170078740148
21
-3.8955101574803148
0
LINE
8
BLACK
6
CONTINUOUS
10
11.9829170078740148
20
-3.8955101574803148
11
11.9871812204724399
21
-3.8979722440944879
0
LINE
8
BLACK
6
CONTINUOUS
10
11.9871812204724399
20
-3.8979722440944879
11
11.9919373228346462
21
-3.8992470078740156
0
LINE
8
BLACK
6
CONTINUOUS
10
11.9919373228346462
20
-3.8992470078740156
11
11.9943992913385831
21
-3.8992472834645668
0
LINE
8
BLACK
6
CONTINUOUS
10
11.9943992913385831
20
-3.8992472834645668
11
11.9945344881889753
21
-3.899291220472441
0
LINE
8
BLACK
6
CONTINUOUS
10
11.9945344881889753
20
-3.899291220472441
11
12.5061013779527563
21
-3.899291220472441
0
LINE
8
BLACK
6
CONTINUOUS
10
12.5061013779527563
20
-3.899291220472441
11
12.5061014173228351
21
-3.899291220472441
0
LINE
8
BLACK
6
CONTINUOUS
10
12.5061014173228351
20
-3.899291220472441
11
12.5061014173228351
21
-3.8992903543307085
0
LINE
8
BLACK
6
CONTINUOUS
10
12.5061014173228351
20
-3.8992903543307085
11
12.508563385826772
21
-3.8992904724409447
0
LINE
8
BLACK
6
CONTINUOUS
10
12.508563385826772
20
-3.8992904724409447
11
12.5133196062992127
21
-3.8980162598425196
0
LINE
8
BLACK
6
CONTINUOUS
10
12.5133196062992127
20
-3.8980162598425196
11
12.5175839370078741
21
-3.8955544488188973
0
LINE
8
BLACK
6
CONTINUOUS
10
12.5175839370078741
20
-3.8955544488188973
11
12.5210657480314964
21
-3.8920727559055117
0
LINE
8
BLACK
6
CONTINUOUS
10
12.5210657480314964
20
-3.8920727559055117
11
12.523527755905512
21
-3.8878085433070866
0
LINE
8
BLACK
6
CONTINUOUS
10
12.523527755905512
20
-3.8878085433070866
11
12.5248022047244092
21
-3.8830524015748029
0
LINE
8
BLACK
6
CONTINUOUS
10
12.5248022047244092
20
-3.8830524015748029
11
12.5248021653543304
21
-3.880590433070866
0
LINE
8
BLACK
6
CONTINUOUS
10
12.5248021653543304
20
-3.880590433070866
11
12.5248021653543304
21
-3.3687794094488188
0
LINE
8
BLACK
6
CONTINUOUS
10
12.5248021653543304
20
-3.3687794094488188
11
12.5248032677165355
21
-3.3687738582677165
0
LINE
8
BLACK
6
CONTINUOUS
10
12.5248032677165355
20
-3.3687738582677165
11
12.5248032677165355
21
-3.3663173228346457
0
LINE
8
BLACK
6
CONTINUOUS
10
12.5248032677165355
20
-3.3663173228346457
11
12.5235287007874021
21
-3.3615609448818895
0
LINE
8
BLACK
6
CONTINUOUS
10
12.5235287007874021
20
-3.3615609448818895
11
12.5210665354330715
21
-3.3572965354330706
0
LINE
8
BLACK
6
CONTINUOUS
10
12.5210665354330715
20
-3.3572965354330706
11
12.5175845275590554
21
-3.3538147244094487
0
LINE
8
BLACK
6
CONTINUOUS
10
12.5175845275590554
20
-3.3538147244094487
11
12.5133199606299215
21
-3.3513527559055118
0
LINE
8
BLACK
6
CONTINUOUS
10
12.5133199606299215
20
-3.3513527559055118
11
12.5085635039370082
21
-3.350078503937008
0
LINE
8
BLACK
6
CONTINUOUS
10
12.5085635039370082
20
-3.350078503937008
11
12.5061014173228351
21
-3.3500786220472438
0
LINE
8
BLACK
6
CONTINUOUS
10
12.5061014173228351
20
-3.3500786220472438
11
12.5061013779527563
21
-3.3500785826771651
0
LINE
8
BLACK
6
CONTINUOUS
10
12.5061013779527563
20
-3.3500785826771651
11
12.5061013779527563
21
-3.3500786220472438
0
LINE
8
BLACK
6
CONTINUOUS
10
12.5061013779527563
20
-3.3500786220472438
11
11.994290393700787
21
-3.3500786220472438
0
LINE
8
BLACK
6
CONTINUOUS
10
11.994290393700787
20
-3.3500786220472438
11
11.9942903543307082
21
-3.3500786220472438
0
LINE
8
BLACK
6
CONTINUOUS
10
11.9942903543307082
20
-3.3500786220472438
11
11.9942859842519685
21
-3.3500777559055117
0
LINE
8
BLACK
6
CONTINUOUS
10
11.9942859842519685
20
-3.3500777559055117
11
11.9918283464566926
21
-3.350077874015748
0
LINE
8
BLACK
6
CONTINUOUS
10
12.7443295275590547
20
-3.3479918897637795
11
12.7443295669291334
21
-3.3479918897637795
0
LINE
8
BLACK
6
CONTINUOUS
10
12.7443295669291334
20
-3.3479918897637795
11
13.2561405905511815
21
-3.3479918897637795
0
LINE
8
BLACK
6
CONTINUOUS
10
13.2561405905511815
20
-3.3479918897637795
11
13.2561406299212603
21
-3.3479918897637795
0
LINE
8
BLACK
6
CONTINUOUS
10
13.2561406299212603
20
-3.3479918897637795
11
13.2607401181102365
21
-3.3485098818897638
0
LINE
8
BLACK
6
CONTINUOUS
10
13.2607401181102365
20
-3.3485098818897638
11
13.2651090551181099
21
-3.3500384251968502
0
LINE
8
BLACK
6
CONTINUOUS
10
13.2651090551181099
20
-3.3500384251968502
11
13.2690283464566932
21
-3.3525008267716534
0
LINE
8
BLACK
6
CONTINUOUS
10
13.2690283464566932
20
-3.3525008267716534
11
13.2723014173228346
21
-3.3557736614173228
0
LINE
8
BLACK
6
CONTINUOUS
10
13.2723014173228346
20
-3.3557736614173228
11
13.2747640944881891
21
-3.3596927952755906
0
LINE
8
BLACK
6
CONTINUOUS
10
13.2747640944881891
20
-3.3596927952755906
11
13.2762929527559059
21
-3.364061653543307
0
LINE
8
BLACK
6
CONTINUOUS
10
13.2762929527559059
20
-3.364061653543307
11
13.2768112598425194
21
-3.3686611811023623
0
LINE
8
BLACK
6
CONTINUOUS
10
13.2768112598425194
20
-3.3686611811023623
11
13.2768098818897631
21
-3.3686611811023623
0
LINE
8
BLACK
6
CONTINUOUS
10
13.2768098818897631
20
-3.3686611811023623
11
13.2768098818897631
21
-3.8804722047244096
0
LINE
8
BLACK
6
CONTINUOUS
10
13.2768098818897631
20
-3.8804722047244096
11
13.2762916929133858
21
-3.885071496062992
0
LINE
8
BLACK
6
CONTINUOUS
10
13.2762916929133858
20
-3.885071496062992
11
13.2747630314960627
21
-3.889440157480315
0
LINE
8
BLACK
6
CONTINUOUS
10
13.2747630314960627
20
-3.889440157480315
11
13.2723005118110233
21
-3.8933590944881891
0
LINE
8
BLACK
6
CONTINUOUS
10
13.2723005118110233
20
-3.8933590944881891
11
13.2690276771653544
21
-3.8966318110236218
0
LINE
8
BLACK
6
CONTINUOUS
10
13.2690276771653544
20
-3.8966318110236218
11
13.2651085826771649
21
-3.8990941338582674
0
LINE
8
BLACK
6
CONTINUOUS
10
13.2651085826771649
20
-3.8990941338582674
11
13.2607398425196852
21
-3.9006225984251968
0
LINE
8
BLACK
6
CONTINUOUS
10
13.2607398425196852
20
-3.9006225984251968
11
13.256151102362205
21
-3.9011393700787402
0
LINE
8
BLACK
6
CONTINUOUS
10
13.256151102362205
20
-3.9011393700787402
11
13.2561405905511815
21
-3.901141496062992
0
LINE
8
BLACK
6
CONTINUOUS
10
13.2561405905511815
20
-3.901141496062992
11
13.2561405511811028
21
-3.901141496062992
0
LINE
8
BLACK
6
CONTINUOUS
10
13.2561405511811028
20
-3.901141496062992
11
12.7443295669291334
21
-3.901141496062992
0
LINE
8
BLACK
6
CONTINUOUS
10
12.7443295669291334
20
-3.901141496062992
11
12.7439529133858258
21
-3.9010665748031497
0
LINE
8
BLACK
6
CONTINUOUS
10
12.7439529133858258
20
-3.9010665748031497
11
12.7439261023622041
21
-3.9010397637795275
0
LINE
8
BLACK
6
CONTINUOUS
10
12.7439261023622041
20
-3.9010397637795275
11
12.7398391338582666
21
-3.9005788582677163
0
LINE
8
BLACK
6
CONTINUOUS
10
12.7398391338582666
20
-3.9005788582677163
11
12.7354706299212594
21
-3.8990499212598424
0
LINE
8
BLACK
6
CONTINUOUS
10
12.7354706299212594
20
-3.8990499212598424
11
12.7315518110236212
21
-3.896587401574803
0
LINE
8
BLACK
6
CONTINUOUS
10
12.7315518110236212
20
-3.896587401574803
11
12.7282790551181098
21
-3.8933147244094486
0
LINE
8
BLACK
6
CONTINUOUS
10
12.7282790551181098
20
-3.8933147244094486
11
12.7258164566929128
21
-3.8893959842519683
0
LINE
8
BLACK
6
CONTINUOUS
10
12.7258164566929128
20
-3.8893959842519683
11
12.7242874015748022
21
-3.8850275590551182
0
LINE
8
BLACK
6
CONTINUOUS
10
12.7242874015748022
20
-3.8850275590551182
11
12.7238262598425198
21
-3.8809399212598423
0
LINE
8
BLACK
6
CONTINUOUS
10
12.7238262598425198
20
-3.8809399212598423
11
12.7237351968503933
21
-3.8808488582677163
0
LINE
8
BLACK
6
CONTINUOUS
10
12.7237351968503933
20
-3.8808488582677163
11
12.7236602755905501
21
-3.8804722047244096
0
LINE
8
BLACK
6
CONTINUOUS
10
12.7236602755905501
20
-3.8804722047244096
11
12.7236602755905501
21
-3.3686611811023623
0
LINE
8
BLACK
6
CONTINUOUS
10
12.7236602755905501
20
-3.3686611811023623
11
12.7241785433070866
21
-3.3640617716535433
0
LINE
8
BLACK
6
CONTINUOUS
10
12.7241785433070866
20
-3.3640617716535433
11
12.7257072047244097
21
-3.3596929921259844
0
LINE
8
BLACK
6
CONTINUOUS
10
12.7257072047244097
20
-3.3596929921259844
11
12.7281696850393704
21
-3.3557738976377953
0
LINE
8
BLACK
6
CONTINUOUS
10
12.7281696850393704
20
-3.3557738976377953
11
12.7314424409448819
21
-3.3525009842519684
0
LINE
8
BLACK
6
CONTINUOUS
10
12.7314424409448819
20
-3.3525009842519684
11
12.7353614173228351
21
-3.3500383464566927
0
LINE
8
BLACK
6
CONTINUOUS
10
12.7353614173228351
20
-3.3500383464566927
11
12.739730118110236
21
-3.3485094488188976
0
LINE
8
BLACK
6
CONTINUOUS
10
12.739730118110236
20
-3.3485094488188976
11
12.7443295275590547
21
-3.3479909842519686
0
LINE
8
BLACK
6
CONTINUOUS
10
12.7443295275590547
20
-3.3479909842519686
11
12.7443295275590547
21
-3.3479918897637795
0
LINE
8
BLACK
6
CONTINUOUS
10
12.7418675590551178
20
-3.3499596062992123
11
12.7371113385826771
21
-3.3512342913385824
0
LINE
8
BLACK
6
CONTINUOUS
10
12.7371113385826771
20
-3.3512342913385824
11
12.7328470078740157
21
-3.3536964960629922
0
LINE
8
BLACK
6
CONTINUOUS
10
12.7328470078740157
20
-3.3536964960629922
11
12.7293652362204721
21
-3.3571784251968504
0
LINE
8
BLACK
6
CONTINUOUS
10
12.7293652362204721
20
-3.3571784251968504
11
12.7269032283464565
21
-3.3614428346456693
0
LINE
8
BLACK
6
CONTINUOUS
10
12.7269032283464565
20
-3.3614428346456693
11
12.7256287795275593
21
-3.3661991338582675
0
LINE
8
BLACK
6
CONTINUOUS
10
12.7256287795275593
20
-3.3661991338582675
11
12.7256287795275593
21
-3.3686611811023623
0
LINE
8
BLACK
6
CONTINUOUS
10
12.7256287795275593
20
-3.3686611811023623
11
12.7256287795275593
21
-3.8800933464566927
0
LINE
8
BLACK
6
CONTINUOUS
10
12.7256287795275593
20
-3.8800933464566927
11
12.7257375984251961
21
-3.8804281102362204
0
LINE
8
BLACK
6
CONTINUOUS
10
12.7257375984251961
20
-3.8804281102362204
11
12.7257370866141724
21
-3.8804281102362204
0
LINE
8
BLACK
6
CONTINUOUS
10
12.7257370866141724
20
-3.8804281102362204
11
12.7257374409448811
21
-3.8828900787401572
0
LINE
8
BLACK
6
CONTINUOUS
10
12.7257374409448811
20
-3.8828900787401572
11
12.7270123622047233
21
-3.8876461023622046
0
LINE
8
BLACK
6
CONTINUOUS
10
12.7270123622047233
20
-3.8876461023622046
11
12.7294745669291327
21
-3.8919101574803148
0
LINE
8
BLACK
6
CONTINUOUS
10
12.7294745669291327
20
-3.8919101574803148
11
12.7329563385826763
21
-3.8953918897637796
0
LINE
8
BLACK
6
CONTINUOUS
10
12.7329563385826763
20
-3.8953918897637796
11
12.7372205118110227
21
-3.8978539763779527
0
LINE
8
BLACK
6
CONTINUOUS
10
12.7372205118110227
20
-3.8978539763779527
11
12.7419765354330714
21
-3.8991287795275591
0
LINE
8
BLACK
6
CONTINUOUS
10
12.7419765354330714
20
-3.8991287795275591
11
12.7444385039370083
21
-3.8991290551181104
0
LINE
8
BLACK
6
CONTINUOUS
10
12.7444385039370083
20
-3.8991290551181104
11
12.7445737007874005
21
-3.8991729921259841
0
LINE
8
BLACK
6
CONTINUOUS
10
12.7445737007874005
20
-3.8991729921259841
11
13.2561405905511815
21
-3.8991729921259841
0
LINE
8
BLACK
6
CONTINUOUS
10
13.2561405905511815
20
-3.8991729921259841
11
13.2561406299212603
21
-3.8991729921259841
0
LINE
8
BLACK
6
CONTINUOUS
10
13.2561406299212603
20
-3.8991729921259841
11
13.2561406299212603
21
-3.8991720866141732
0
LINE
8
BLACK
6
CONTINUOUS
10
13.2561406299212603
20
-3.8991720866141732
11
13.2586025984251972
21
-3.8991722440944883
0
LINE
8
BLACK
6
CONTINUOUS
10
13.2586025984251972
20
-3.8991722440944883
11
13.2633588188976379
21
-3.8978980314960627
0
LINE
8
BLACK
6
CONTINUOUS
10
13.2633588188976379
20
-3.8978980314960627
11
13.2676231496062993
21
-3.8954362204724409
0
LINE
8
BLACK
6
CONTINUOUS
10
13.2676231496062993
20
-3.8954362204724409
11
13.2711050000000004
21
-3.8919545669291336
0
LINE
8
BLACK
6
CONTINUOUS
10
13.2711050000000004
20
-3.8919545669291336
11
13.273567007874016
21
-3.8876903543307084
0
LINE
8
BLACK
6
CONTINUOUS
10
13.273567007874016
20
-3.8876903543307084
11
13.2748414173228344
21
-3.8829341732283464
0
LINE
8
BLACK
6
CONTINUOUS
10
13.2748414173228344
20
-3.8829341732283464
11
13.2748413779527556
21
-3.8804722047244096
0
LINE
8
BLACK
6
CONTINUOUS
10
13.2748413779527556
20
-3.8804722047244096
11
13.2748413779527556
21
-3.3686611811023623
0
LINE
8
BLACK
6
CONTINUOUS
10
13.2748413779527556
20
-3.3686611811023623
11
13.2748427165354332
21
-3.3686542519685037
0
LINE
8
BLACK
6
CONTINUOUS
10
13.2748427165354332
20
-3.3686542519685037
11
13.2748427165354332
21
-3.3661990944881888
0
LINE
8
BLACK
6
CONTINUOUS
10
13.2748427165354332
20
-3.3661990944881888
11
13.2735681496062981
21
-3.3614426771653543
0
LINE
8
BLACK
6
CONTINUOUS
10
13.2735681496062981
20
-3.3614426771653543
11
13.2711059055118099
21
-3.3571782677165354
0
LINE
8
BLACK
6
CONTINUOUS
10
13.2711059055118099
20
-3.3571782677165354
11
13.2676238582677168
21
-3.3536964173228347
0
LINE
8
BLACK
6
CONTINUOUS
10
13.2676238582677168
20
-3.3536964173228347
11
13.2633592519685042
21
-3.3512344881889762
0
LINE
8
BLACK
6
CONTINUOUS
10
13.2633592519685042
20
-3.3512344881889762
11
13.2586027559055122
21
-3.3499602362204723
0
LINE
8
BLACK
6
CONTINUOUS
10
13.2586027559055122
20
-3.3499602362204723
11
13.2561406299212603
21
-3.3499603937007874
0
LINE
8
BLACK
6
CONTINUOUS
10
13.2561406299212603
20
-3.3499603937007874
11
13.2561405905511815
21
-3.3499603543307086
0
LINE
8
BLACK
6
CONTINUOUS
10
13.2561405905511815
20
-3.3499603543307086
11
13.2561405905511815
21
-3.3499603937007874
0
LINE
8
BLACK
6
CONTINUOUS
10
13.2561405905511815
20
-3.3499603937007874
11
12.7443296062992122
21
-3.3499603937007874
0
LINE
8
BLACK
6
CONTINUOUS
10
12.7443296062992122
20
-3.3499603937007874
11
12.7443295669291334
21
-3.3499603937007874
0
LINE
8
BLACK
6
CONTINUOUS
10
12.7443295669291334
20
-3.3499603937007874
11
12.7443249999999999
21
-3.3499594881889765
0
LINE
8
BLACK
6
CONTINUOUS
10
12.7443249999999999
20
-3.3499594881889765
11
12.7418675590551178
21
-3.3499596062992123
0
LINE
8
BLACK
6
CONTINUOUS
10
8.9942509448818893
20
-3.2542518897637795
11
8.994250984251968
21
-3.2542518897637795
0
LINE
8
BLACK
6
CONTINUOUS
10
8.994250984251968
20
-3.2542518897637795
11
9.5060620078740161
21
-3.2542518897637795
0
LINE
8
BLACK
6
CONTINUOUS
10
9.5060620078740161
20
-3.2542518897637795
11
9.5060620472440949
21
-3.2542518897637795
0
LINE
8
BLACK
6
CONTINUOUS
10
9.5060620472440949
20
-3.2542518897637795
11
9.5106614960629923
21
-3.2547699212598427
0
LINE
8
BLACK
6
CONTINUOUS
10
9.5106614960629923
20
-3.2547699212598427
11
9.515030393700787
21
-3.2562984645669291
0
LINE
8
BLACK
6
CONTINUOUS
10
9.515030393700787
20
-3.2562984645669291
11
9.5189496456692915
21
-3.258760905511811
0
LINE
8
BLACK
6
CONTINUOUS
10
9.5189496456692915
20
-3.258760905511811
11
9.5222226377952754
21
-3.2620337401574804
0
LINE
8
BLACK
6
CONTINUOUS
10
9.5222226377952754
20
-3.2620337401574804
11
9.5246853149606299
21
-3.2659528346456694
0
LINE
8
BLACK
6
CONTINUOUS
10
9.5246853149606299
20
-3.2659528346456694
11
9.5262140944881892
21
-3.2703216929133858
0
LINE
8
BLACK
6
CONTINUOUS
10
9.5262140944881892
20
-3.2703216929133858
11
9.526732362204724
21
-3.274921181102362
0
LINE
8
BLACK
6
CONTINUOUS
10
9.526732362204724
20
-3.274921181102362
11
9.5267312992125976
21
-3.274921181102362
0
LINE
8
BLACK
6
CONTINUOUS
10
9.5267312992125976
20
-3.274921181102362
11
9.5267312992125976
21
-3.7867322047244092
0
LINE
8
BLACK
6
CONTINUOUS
10
9.5267312992125976
20
-3.7867322047244092
11
9.5262130708661417
21
-3.791331496062992
0
LINE
8
BLACK
6
CONTINUOUS
10
9.5262130708661417
20
-3.791331496062992
11
9.5246844094488186
21
-3.7957001574803151
0
LINE
8
BLACK
6
CONTINUOUS
10
9.5246844094488186
20
-3.7957001574803151
11
9.5222218897637791
21
-3.7996190551181099
0
LINE
8
BLACK
6
CONTINUOUS
10
9.5222218897637791
20
-3.7996190551181099
11
9.5189490551181102
21
-3.8028917716535431
0
LINE
8
BLACK
6
CONTINUOUS
10
9.5189490551181102
20
-3.8028917716535431
11
9.5150299999999994
21
-3.8053540944881887
0
LINE
8
BLACK
6
CONTINUOUS
10
9.5150299999999994
20
-3.8053540944881887
11
9.5106612598425198
21
-3.8068825984251968
0
LINE
8
BLACK
6
CONTINUOUS
10
9.5106612598425198
20
-3.8068825984251968
11
9.5060725196850395
21
-3.8073993700787399
0
LINE
8
BLACK
6
CONTINUOUS
10
9.5060725196850395
20
-3.8073993700787399
11
9.5060620078740161
21
-3.8074014960629921
0
LINE
8
BLACK
6
CONTINUOUS
10
9.5060620078740161
20
-3.8074014960629921
11
9.5060619685039374
21
-3.8074014960629921
0
LINE
8
BLACK
6
CONTINUOUS
10
9.5060619685039374
20
-3.8074014960629921
11
8.994250984251968
21
-3.8074014960629921
0
LINE
8
BLACK
6
CONTINUOUS
10
8.994250984251968
20
-3.8074014960629921
11
8.9938743307086604
21
-3.8073265748031497
0
LINE
8
BLACK
6
CONTINUOUS
10
8.9938743307086604
20
-3.8073265748031497
11
8.9938475590551175
21
-3.8072998031496064
0
LINE
8
BLACK
6
CONTINUOUS
10
8.9938475590551175
20
-3.8072998031496064
11
8.9897605118110242
21
-3.8068388976377951
0
LINE
8
BLACK
6
CONTINUOUS
10
8.9897605118110242
20
-3.8068388976377951
11
8.9853919685039365
21
-3.8053099606299212
0
LINE
8
BLACK
6
CONTINUOUS
10
8.9853919685039365
20
-3.8053099606299212
11
8.9814731102362195
21
-3.8028474803149606
0
LINE
8
BLACK
6
CONTINUOUS
10
8.9814731102362195
20
-3.8028474803149606
11
8.9782003149606293
21
-3.7995748031496062
0
LINE
8
BLACK
6
CONTINUOUS
10
8.9782003149606293
20
-3.7995748031496062
11
8.9757376377952749
21
-3.7956560236220471
0
LINE
8
BLACK
6
CONTINUOUS
10
8.9757376377952749
20
-3.7956560236220471
11
8.9742085433070873
21
-3.7912875984251966
0
LINE
8
BLACK
6
CONTINUOUS
10
8.9742085433070873
20
-3.7912875984251966
11
8.9737473228346456
21
-3.7871995669291336
0
LINE
8
BLACK
6
CONTINUOUS
10
8.9737473228346456
20
-3.7871995669291336
11
8.9736566141732279
21
-3.7871088582677164
0
LINE
8
BLACK
6
CONTINUOUS
10
8.9736566141732279
20
-3.7871088582677164
11
8.9735816929133865
21
-3.7867322047244092
0
LINE
8
BLACK
6
CONTINUOUS
10
8.9735816929133865
20
-3.7867322047244092
11
8.9735816929133865
21
-3.274921181102362
0
LINE
8
BLACK
6
CONTINUOUS
10
8.9735816929133865
20
-3.274921181102362
11
8.9740999212598425
21
-3.2703217716535433
0
LINE
8
BLACK
6
CONTINUOUS
10
8.9740999212598425
20
-3.2703217716535433
11
8.9756285826771656
21
-3.265952992125984
0
LINE
8
BLACK
6
CONTINUOUS
10
8.9756285826771656
20
-3.265952992125984
11
8.9780910629921262
21
-3.2620338582677166
0
LINE
8
BLACK
6
CONTINUOUS
10
8.9780910629921262
20
-3.2620338582677166
11
8.9813638188976377
21
-3.2587609448818897
0
LINE
8
BLACK
6
CONTINUOUS
10
8.9813638188976377
20
-3.2587609448818897
11
8.9852828346456697
21
-3.2562983070866141
0
LINE
8
BLACK
6
CONTINUOUS
10
8.9852828346456697
20
-3.2562983070866141
11
8.9896515354330706
21
-3.2547694094488189
0
LINE
8
BLACK
6
CONTINUOUS
10
8.9896515354330706
20
-3.2547694094488189
11
8.9942509448818893
21
-3.2542509842519682
0
LINE
8
BLACK
6
CONTINUOUS
10
8.9942509448818893
20
-3.2542509842519682
11
8.9942509448818893
21
-3.2542518897637795
0
LINE
8
BLACK
6
CONTINUOUS
10
8.9917889763779524
20
-3.2562196062992124
11
8.9870327165354329
21
-3.2574942519685037
0
LINE
8
BLACK
6
CONTINUOUS
10
8.9870327165354329
20
-3.2574942519685037
11
8.9827683858267715
21
-3.2599564173228344
0
LINE
8
BLACK
6
CONTINUOUS
10
8.9827683858267715
20
-3.2599564173228344
11
8.9792866141732279
21
-3.2634383858267717
0
LINE
8
BLACK
6
CONTINUOUS
10
8.9792866141732279
20
-3.2634383858267717
11
8.9768246062992123
21
-3.2677027952755906
0
LINE
8
BLACK
6
CONTINUOUS
10
8.9768246062992123
20
-3.2677027952755906
11
8.9755501968503939
21
-3.2724591338582676
0
LINE
8
BLACK
6
CONTINUOUS
10
8.9755501968503939
20
-3.2724591338582676
11
8.9755501968503939
21
-3.274921181102362
0
LINE
8
BLACK
6
CONTINUOUS
10
8.9755501968503939
20
-3.274921181102362
11
8.9755501968503939
21
-3.7863533464566927
0
LINE
8
BLACK
6
CONTINUOUS
10
8.9755501968503939
20
-3.7863533464566927
11
8.9756590157480307
21
-3.7866881102362204
0
LINE
8
BLACK
6
CONTINUOUS
10
8.9756590157480307
20
-3.7866881102362204
11
8.9756581889763769
21
-3.7866881102362204
0
LINE
8
BLACK
6
CONTINUOUS
10
8.9756581889763769
20
-3.7866881102362204
11
8.9756585433070857
21
-3.7891500787401573
0
LINE
8
BLACK
6
CONTINUOUS
10
8.9756585433070857
20
-3.7891500787401573
11
8.9769335039370084
21
-3.7939061417322835
0
LINE
8
BLACK
6
CONTINUOUS
10
8.9769335039370084
20
-3.7939061417322835
11
8.9793957874015753
21
-3.7981702362204723
0
LINE
8
BLACK
6
CONTINUOUS
10
8.9793957874015753
20
-3.7981702362204723
11
8.9828776377952746
21
-3.801651929133858
0
LINE
8
BLACK
6
CONTINUOUS
10
8.9828776377952746
20
-3.801651929133858
11
8.9871418503936997
21
-3.8041140157480315
0
LINE
8
BLACK
6
CONTINUOUS
10
8.9871418503936997
20
-3.8041140157480315
11
8.991897952755906
21
-3.8053887795275592
0
LINE
8
BLACK
6
CONTINUOUS
10
8.991897952755906
20
-3.8053887795275592
11
8.9943599212598428
21
-3.80538905511811
0
LINE
8
BLACK
6
CONTINUOUS
10
8.9943599212598428
20
-3.80538905511811
11
8.9944951181102368
21
-3.8054329921259842
0
LINE
8
BLACK
6
CONTINUOUS
10
8.9944951181102368
20
-3.8054329921259842
11
9.5060620078740161
21
-3.8054329921259842
0
LINE
8
BLACK
6
CONTINUOUS
10
9.5060620078740161
20
-3.8054329921259842
11
9.5060620472440949
21
-3.8054329921259842
0
LINE
8
BLACK
6
CONTINUOUS
10
9.5060620472440949
20
-3.8054329921259842
11
9.5060620472440949
21
-3.8054320866141733
0
LINE
8
BLACK
6
CONTINUOUS
10
9.5060620472440949
20
-3.8054320866141733
11
9.5085240157480317
21
-3.8054322047244096
0
LINE
8
BLACK
6
CONTINUOUS
10
9.5085240157480317
20
-3.8054322047244096
11
9.5132802362204725
21
-3.804157992125984
0
LINE
8
BLACK
6
CONTINUOUS
10
9.5132802362204725
20
-3.804157992125984
11
9.5175445275590551
21
-3.8016961811023622
0
LINE
8
BLACK
6
CONTINUOUS
10
9.5175445275590551
20
-3.8016961811023622
11
9.5210263779527562
21
-3.7982145275590549
0
LINE
8
BLACK
6
CONTINUOUS
10
9.5210263779527562
20
-3.7982145275590549
11
9.5234883858267718
21
-3.7939503149606297
0
LINE
8
BLACK
6
CONTINUOUS
10
9.5234883858267718
20
-3.7939503149606297
11
9.5247627952755902
21
-3.7891941732283465
0
LINE
8
BLACK
6
CONTINUOUS
10
9.5247627952755902
20
-3.7891941732283465
11
9.5247627952755902
21
-3.7867322047244092
0
LINE
8
BLACK
6
CONTINUOUS
10
9.5247627952755902
20
-3.7867322047244092
11
9.5247627952755902
21
-3.274921181102362
0
LINE
8
BLACK
6
CONTINUOUS
10
9.5247627952755902
20
-3.274921181102362
11
9.5247638582677165
21
-3.2749158267716534
0
LINE
8
BLACK
6
CONTINUOUS
10
9.5247638582677165
20
-3.2749158267716534
11
9.5247638582677165
21
-3.2724590944881888
0
LINE
8
BLACK
6
CONTINUOUS
10
9.5247638582677165
20
-3.2724590944881888
11
9.5234893307086619
21
-3.2677027165354331
0
LINE
8
BLACK
6
CONTINUOUS
10
9.5234893307086619
20
-3.2677027165354331
11
9.5210271653543312
21
-3.2634383070866142
0
LINE
8
BLACK
6
CONTINUOUS
10
9.5210271653543312
20
-3.2634383070866142
11
9.5175451181102364
21
-3.2599564960629919
0
LINE
8
BLACK
6
CONTINUOUS
10
9.5175451181102364
20
-3.2599564960629919
11
9.5132805905511812
21
-3.257494527559055
0
LINE
8
BLACK
6
CONTINUOUS
10
9.5132805905511812
20
-3.257494527559055
11
9.508524133858268
21
-3.2562202755905512
0
LINE
8
BLACK
6
CONTINUOUS
10
9.508524133858268
20
-3.2562202755905512
11
9.5060620472440949
21
-3.2562203937007874
0
LINE
8
BLACK
6
CONTINUOUS
10
9.5060620472440949
20
-3.2562203937007874
11
9.5060620078740161
21
-3.2562203543307087
0
LINE
8
BLACK
6
CONTINUOUS
10
9.5060620078740161
20
-3.2562203543307087
11
9.5060620078740161
21
-3.2562203937007874
0
LINE
8
BLACK
6
CONTINUOUS
10
9.5060620078740161
20
-3.2562203937007874
11
8.9942510236220468
21
-3.2562203937007874
0
LINE
8
BLACK
6
CONTINUOUS
10
8.9942510236220468
20
-3.2562203937007874
11
8.994250984251968
21
-3.2562203937007874
0
LINE
8
BLACK
6
CONTINUOUS
10
8.994250984251968
20
-3.2562203937007874
11
8.9942464173228345
21
-3.2562194881889761
0
LINE
8
BLACK
6
CONTINUOUS
10
8.9942464173228345
20
-3.2562194881889761
11
8.9917889763779524
21
-3.2562196062992124
0
LINE
8
BLACK
6
CONTINUOUS
10
11.2442902755905507
20
-3.1608266929133859
11
11.2442903149606295
21
-3.1608266929133859
0
LINE
8
BLACK
6
CONTINUOUS
10
11.2442903149606295
20
-3.1608266929133859
11
11.7561013385826776
21
-3.1608266929133859
0
LINE
8
BLACK
6
CONTINUOUS
10
11.7561013385826776
20
-3.1608266929133859
11
11.7561013779527563
21
-3.1608266929133859
0
LINE
8
BLACK
6
CONTINUOUS
10
11.7561013779527563
20
-3.1608266929133859
11
11.7607008267716537
21
-3.1613447244094486
0
LINE
8
BLACK
6
CONTINUOUS
10
11.7607008267716537
20
-3.1613447244094486
11
11.7650697637795272
21
-3.1628732677165354
0
LINE
8
BLACK
6
CONTINUOUS
10
11.7650697637795272
20
-3.1628732677165354
11
11.7689889763779529
21
-3.1653357086614173
0
LINE
8
BLACK
6
CONTINUOUS
10
11.7689889763779529
20
-3.1653357086614173
11
11.7722620078740157
21
-3.1686085433070867
0
LINE
8
BLACK
6
CONTINUOUS
10
11.7722620078740157
20
-3.1686085433070867
11
11.7747246456692913
21
-3.1725276377952754
0
LINE
8
BLACK
6
CONTINUOUS
10
11.7747246456692913
20
-3.1725276377952754
11
11.7762534645669295
21
-3.1768964960629922
0
LINE
8
BLACK
6
CONTINUOUS
10
11.7762534645669295
20
-3.1768964960629922
11
11.7767717322834642
21
-3.1814959842519683
0
LINE
8
BLACK
6
CONTINUOUS
10
11.7767717322834642
20
-3.1814959842519683
11
11.7767706299212591
21
-3.1814959842519683
0
LINE
8
BLACK
6
CONTINUOUS
10
11.7767706299212591
20
-3.1814959842519683
11
11.7767706299212591
21
-3.6933070078740156
0
LINE
8
BLACK
6
CONTINUOUS
10
11.7767706299212591
20
-3.6933070078740156
11
11.7762524015748031
21
-3.6979062992125984
0
LINE
8
BLACK
6
CONTINUOUS
10
11.7762524015748031
20
-3.6979062992125984
11
11.7747237007874013
21
-3.7022749212598423
0
LINE
8
BLACK
6
CONTINUOUS
10
11.7747237007874013
20
-3.7022749212598423
11
11.7722612204724406
21
-3.7061938582677163
0
LINE
8
BLACK
6
CONTINUOUS
10
11.7722612204724406
20
-3.7061938582677163
11
11.7689883464566929
21
-3.7094665354330707
0
LINE
8
BLACK
6
CONTINUOUS
10
11.7689883464566929
20
-3.7094665354330707
11
11.7650693307086609
21
-3.7119288582677163
0
LINE
8
BLACK
6
CONTINUOUS
10
11.7650693307086609
20
-3.7119288582677163
11
11.7607005905511812
21
-3.7134573622047244
0
LINE
8
BLACK
6
CONTINUOUS
10
11.7607005905511812
20
-3.7134573622047244
11
11.756112322834646
21
-3.7139740944881887
0
LINE
8
BLACK
6
CONTINUOUS
10
11.756112322834646
20
-3.7139740944881887
11
11.7561013385826776
21
-3.7139762992125984
0
LINE
8
BLACK
6
CONTINUOUS
10
11.7561013385826776
20
-3.7139762992125984
11
11.7561012992125988
21
-3.7139762992125984
0
LINE
8
BLACK
6
CONTINUOUS
10
11.7561012992125988
20
-3.7139762992125984
11
11.2442903149606295
21
-3.7139762992125984
0
LINE
8
BLACK
6
CONTINUOUS
10
11.2442903149606295
20
-3.7139762992125984
11
11.2439136614173218
21
-3.7139013779527557
0
LINE
8
BLACK
6
CONTINUOUS
10
11.2439136614173218
20
-3.7139013779527557
11
11.2438868503937002
21
-3.713874566929134
0
LINE
8
BLACK
6
CONTINUOUS
10
11.2438868503937002
20
-3.713874566929134
11
11.2397998425196857
21
-3.7134136614173228
0
LINE
8
BLACK
6
CONTINUOUS
10
11.2397998425196857
20
-3.7134136614173228
11
11.2354313385826767
21
-3.7118847637795276
0
LINE
8
BLACK
6
CONTINUOUS
10
11.2354313385826767
20
-3.7118847637795276
11
11.231512440944881
21
-3.7094222440944882
0
LINE
8
BLACK
6
CONTINUOUS
10
11.231512440944881
20
-3.7094222440944882
11
11.2282396850393695
21
-3.7061496062992125
0
LINE
8
BLACK
6
CONTINUOUS
10
11.2282396850393695
20
-3.7061496062992125
11
11.2257770078740151
21
-3.7022308267716535
0
LINE
8
BLACK
6
CONTINUOUS
10
11.2257770078740151
20
-3.7022308267716535
11
11.2242479133858257
21
-3.6978624015748029
0
LINE
8
BLACK
6
CONTINUOUS
10
11.2242479133858257
20
-3.6978624015748029
11
11.2237866929133858
21
-3.6937744094488187
0
LINE
8
BLACK
6
CONTINUOUS
10
11.2237866929133858
20
-3.6937744094488187
11
11.2236959448818894
21
-3.6936836614173227
0
LINE
8
BLACK
6
CONTINUOUS
10
11.2236959448818894
20
-3.6936836614173227
11
11.2236210236220462
21
-3.6933070078740156
0
LINE
8
BLACK
6
CONTINUOUS
10
11.2236210236220462
20
-3.6933070078740156
11
11.2236210236220462
21
-3.1814959842519683
0
LINE
8
BLACK
6
CONTINUOUS
10
11.2236210236220462
20
-3.1814959842519683
11
11.2241392519685039
21
-3.1768965748031497
0
LINE
8
BLACK
6
CONTINUOUS
10
11.2241392519685039
20
-3.1768965748031497
11
11.225667913385827
21
-3.1725277559055116
0
LINE
8
BLACK
6
CONTINUOUS
10
11.225667913385827
20
-3.1725277559055116
11
11.2281303937007877
21
-3.1686086614173226
0
LINE
8
BLACK
6
CONTINUOUS
10
11.2281303937007877
20
-3.1686086614173226
11
11.2314031496062992
21
-3.1653357086614173
0
LINE
8
BLACK
6
CONTINUOUS
10
11.2314031496062992
20
-3.1653357086614173
11
11.2353221653543311
21
-3.1628730708661417
0
LINE
8
BLACK
6
CONTINUOUS
10
11.2353221653543311
20
-3.1628730708661417
11
11.2396908661417321
21
-3.1613442125984252
0
LINE
8
BLACK
6
CONTINUOUS
10
11.2396908661417321
20
-3.1613442125984252
11
11.2442902755905507
21
-3.1608257480314959
0
LINE
8
BLACK
6
CONTINUOUS
10
11.2442902755905507
20
-3.1608257480314959
11
11.2442902755905507
21
-3.1608266929133859
0
LINE
8
BLACK
6
CONTINUOUS
10
11.2418283070866138
20
-3.16279437007874
11
11.2370720472440944
21
-3.1640690157480313
0
LINE
8
BLACK
6
CONTINUOUS
10
11.2370720472440944
20
-3.1640690157480313
11
11.232807716535433
21
-3.1665312204724407
0
LINE
8
BLACK
6
CONTINUOUS
10
11.232807716535433
20
-3.1665312204724407
11
11.2293259448818894
21
-3.1700131889763781
0
LINE
8
BLACK
6
CONTINUOUS
10
11.2293259448818894
20
-3.1700131889763781
11
11.2268639370078738
21
-3.174277598425197
0
LINE
8
BLACK
6
CONTINUOUS
10
11.2268639370078738
20
-3.174277598425197
11
11.2255895275590554
21
-3.179033937007874
0
LINE
8
BLACK
6
CONTINUOUS
10
11.2255895275590554
20
-3.179033937007874
11
11.2255895275590554
21
-3.1814959842519683
0
LINE
8
BLACK
6
CONTINUOUS
10
11.2255895275590554
20
-3.1814959842519683
11
11.2255895275590554
21
-3.6929281496062991
0
LINE
8
BLACK
6
CONTINUOUS
10
11.2255895275590554
20
-3.6929281496062991
11
11.2256983464566922
21
-3.6932629133858268
0
LINE
8
BLACK
6
CONTINUOUS
10
11.2256983464566922
20
-3.6932629133858268
11
11.2256975590551171
21
-3.6932629133858268
0
LINE
8
BLACK
6
CONTINUOUS
10
11.2256975590551171
20
-3.6932629133858268
11
11.2256979133858259
21
-3.6957248818897637
0
LINE
8
BLACK
6
CONTINUOUS
10
11.2256979133858259
20
-3.6957248818897637
11
11.2269728740157486
21
-3.7004809055118111
0
LINE
8
BLACK
6
CONTINUOUS
10
11.2269728740157486
20
-3.7004809055118111
11
11.2294351574803155
21
-3.7047450393700787
0
LINE
8
BLACK
6
CONTINUOUS
10
11.2294351574803155
20
-3.7047450393700787
11
11.2329170078740148
21
-3.7082267322834643
0
LINE
8
BLACK
6
CONTINUOUS
10
11.2329170078740148
20
-3.7082267322834643
11
11.2371811811023612
21
-3.7106888188976379
0
LINE
8
BLACK
6
CONTINUOUS
10
11.2371811811023612
20
-3.7106888188976379
11
11.2419372834645674
21
-3.7119635826771651
0
LINE
8
BLACK
6
CONTINUOUS
10
11.2419372834645674
20
-3.7119635826771651
11
11.2443992519685043
21
-3.7119638582677164
0
LINE
8
BLACK
6
CONTINUOUS
10
11.2443992519685043
20
-3.7119638582677164
11
11.2445344488188965
21
-3.7120077952755905
0
LINE
8
BLACK
6
CONTINUOUS
10
11.2445344488188965
20
-3.7120077952755905
11
11.7561013385826776
21
-3.7120077952755905
0
LINE
8
BLACK
6
CONTINUOUS
10
11.7561013385826776
20
-3.7120077952755905
11
11.7561013779527563
21
-3.7120077952755905
0
LINE
8
BLACK
6
CONTINUOUS
10
11.7561013779527563
20
-3.7120077952755905
11
11.7561013779527563
21
-3.7120068503937005
0
LINE
8
BLACK
6
CONTINUOUS
10
11.7561013779527563
20
-3.7120068503937005
11
11.7585633464566932
21
-3.7120069685039367
0
LINE
8
BLACK
6
CONTINUOUS
10
11.7585633464566932
20
-3.7120069685039367
11
11.7633195275590552
21
-3.7107327952755904
0
LINE
8
BLACK
6
CONTINUOUS
10
11.7633195275590552
20
-3.7107327952755904
11
11.7675838582677166
21
-3.7082709842519685
0
LINE
8
BLACK
6
CONTINUOUS
10
11.7675838582677166
20
-3.7082709842519685
11
11.7710657086614177
21
-3.7047893307086612
0
LINE
8
BLACK
6
CONTINUOUS
10
11.7710657086614177
20
-3.7047893307086612
11
11.7735277165354333
21
-3.7005251181102361
0
LINE
8
BLACK
6
CONTINUOUS
10
11.7735277165354333
20
-3.7005251181102361
11
11.7748021259842517
21
-3.6957689763779529
0
LINE
8
BLACK
6
CONTINUOUS
10
11.7748021259842517
20
-3.6957689763779529
11
11.7748021259842517
21
-3.6933070078740156
0
LINE
8
BLACK
6
CONTINUOUS
10
11.7748021259842517
20
-3.6933070078740156
11
11.7748021259842517
21
-3.1814959842519683
0
LINE
8
BLACK
6
CONTINUOUS
10
11.7748021259842517
20
-3.1814959842519683
11
11.7748032283464568
21
-3.181490433070866
0
LINE
8
BLACK
6
CONTINUOUS
10
11.7748032283464568
20
-3.181490433070866
11
11.7748032283464568
21
-3.1790338976377952
0
LINE
8
BLACK
6
CONTINUOUS
10
11.7748032283464568
20
-3.1790338976377952
11
11.7735287007874021
21
-3.1742775196850395
0
LINE
8
BLACK
6
CONTINUOUS
10
11.7735287007874021
20
-3.1742775196850395
11
11.7710664960629927
21
-3.1700131102362206
0
LINE
8
BLACK
6
CONTINUOUS
10
11.7710664960629927
20
-3.1700131102362206
11
11.7675844881889766
21
-3.1665312598425195
0
LINE
8
BLACK
6
CONTINUOUS
10
11.7675844881889766
20
-3.1665312598425195
11
11.7633199212598427
21
-3.1640693307086614
0
LINE
8
BLACK
6
CONTINUOUS
10
11.7633199212598427
20
-3.1640693307086614
11
11.7585634645669295
21
-3.1627950787401575
0
LINE
8
BLACK
6
CONTINUOUS
10
11.7585634645669295
20
-3.1627950787401575
11
11.7561013779527563
21
-3.1627951968503938
0
LINE
8
BLACK
6
CONTINUOUS
10
11.7561013779527563
20
-3.1627951968503938
11
11.7561013385826776
21
-3.162795157480315
0
LINE
8
BLACK
6
CONTINUOUS
10
11.7561013385826776
20
-3.162795157480315
11
11.7561013385826776
21
-3.1627951968503938
0
LINE
8
BLACK
6
CONTINUOUS
10
11.7561013385826776
20
-3.1627951968503938
11
11.2442903543307082
21
-3.1627951968503938
0
LINE
8
BLACK
6
CONTINUOUS
10
11.2442903543307082
20
-3.1627951968503938
11
11.2442903149606295
21
-3.1627951968503938
0
LINE
8
BLACK
6
CONTINUOUS
10
11.2442903149606295
20
-3.1627951968503938
11
11.2442855511811022
21
-3.1627942519685037
0
LINE
8
BLACK
6
CONTINUOUS
10
11.2442855511811022
20
-3.1627942519685037
11
11.2418283070866138
21
-3.16279437007874
0
LINE
8
BLACK
6
CONTINUOUS
10
9.7442510629921255
20
-3.1605510236220473
11
9.7442511023622043
21
-3.1605510236220473
0
LINE
8
BLACK
6
CONTINUOUS
10
9.7442511023622043
20
-3.1605510236220473
11
10.2560621259842524
21
-3.1605510236220473
0
LINE
8
BLACK
6
CONTINUOUS
10
10.2560621259842524
20
-3.1605510236220473
11
10.2560621653543311
21
-3.1605510236220473
0
LINE
8
BLACK
6
CONTINUOUS
10
10.2560621653543311
20
-3.1605510236220473
11
10.2606615748031498
21
-3.16106905511811
0
LINE
8
BLACK
6
CONTINUOUS
10
10.2606615748031498
20
-3.16106905511811
11
10.2650305118110232
21
-3.1625976377952756
0
LINE
8
BLACK
6
CONTINUOUS
10
10.2650305118110232
20
-3.1625976377952756
11
10.268949724409449
21
-3.1650600787401575
0
LINE
8
BLACK
6
CONTINUOUS
10
10.268949724409449
20
-3.1650600787401575
11
10.272222716535433
21
-3.1683329133858269
0
LINE
8
BLACK
6
CONTINUOUS
10
10.272222716535433
20
-3.1683329133858269
11
10.2746853543307086
21
-3.1722520078740155
0
LINE
8
BLACK
6
CONTINUOUS
10
10.2746853543307086
20
-3.1722520078740155
11
10.2762141732283467
21
-3.1766208267716536
0
LINE
8
BLACK
6
CONTINUOUS
10
10.2762141732283467
20
-3.1766208267716536
11
10.2767324409448815
21
-3.1812203149606297
0
LINE
8
BLACK
6
CONTINUOUS
10
10.2767324409448815
20
-3.1812203149606297
11
10.2767314173228339
21
-3.1812203149606297
0
LINE
8
BLACK
6
CONTINUOUS
10
10.2767314173228339
20
-3.1812203149606297
11
10.2767314173228339
21
-3.693031338582677
0
LINE
8
BLACK
6
CONTINUOUS
10
10.2767314173228339
20
-3.693031338582677
11
10.2762132283464567
21
-3.6976306299212598
0
LINE
8
BLACK
6
CONTINUOUS
10
10.2762132283464567
20
-3.6976306299212598
11
10.2746845275590548
21
-3.7019993307086612
0
LINE
8
BLACK
6
CONTINUOUS
10
10.2746845275590548
20
-3.7019993307086612
11
10.2722220472440942
21
-3.7059182677165352
0
LINE
8
BLACK
6
CONTINUOUS
10
10.2722220472440942
20
-3.7059182677165352
11
10.2689492125984252
21
-3.7091909842519684
0
LINE
8
BLACK
6
CONTINUOUS
10
10.2689492125984252
20
-3.7091909842519684
11
10.2650301574803144
21
-3.7116533464566928
0
LINE
8
BLACK
6
CONTINUOUS
10
10.2650301574803144
20
-3.7116533464566928
11
10.2606614173228348
21
-3.7131818897637796
0
LINE
8
BLACK
6
CONTINUOUS
10
10.2606614173228348
20
-3.7131818897637796
11
10.2560703543307081
21
-3.7136989763779527
0
LINE
8
BLACK
6
CONTINUOUS
10
10.2560703543307081
20
-3.7136989763779527
11
10.2560621259842524
21
-3.7137006299212598
0
LINE
8
BLACK
6
CONTINUOUS
10
10.2560621259842524
20
-3.7137006299212598
11
10.2560620866141736
21
-3.7137006299212598
0
LINE
8
BLACK
6
CONTINUOUS
10
10.2560620866141736
20
-3.7137006299212598
11
9.7442511023622043
21
-3.7137006299212598
0
LINE
8
BLACK
6
CONTINUOUS
10
9.7442511023622043
20
-3.7137006299212598
11
9.7438744488188966
21
-3.7136257086614171
0
LINE
8
BLACK
6
CONTINUOUS
10
9.7438744488188966
20
-3.7136257086614171
11
9.7438476771653537
21
-3.7135989370078741
0
LINE
8
BLACK
6
CONTINUOUS
10
9.7438476771653537
20
-3.7135989370078741
11
9.7397606299212605
21
-3.7131380314960629
0
LINE
8
BLACK
6
CONTINUOUS
10
9.7397606299212605
20
-3.7131380314960629
11
9.7353920866141728
21
-3.7116091338582677
0
LINE
8
BLACK
6
CONTINUOUS
10
9.7353920866141728
20
-3.7116091338582677
11
9.731473188976377
21
-3.7091466535433071
0
LINE
8
BLACK
6
CONTINUOUS
10
9.731473188976377
20
-3.7091466535433071
11
9.7282003937007868
21
-3.7058739763779527
0
LINE
8
BLACK
6
CONTINUOUS
10
9.7282003937007868
20
-3.7058739763779527
11
9.7257377165354324
21
-3.7019551968503936
0
LINE
8
BLACK
6
CONTINUOUS
10
9.7257377165354324
20
-3.7019551968503936
11
9.724208622047243
21
-3.6975867322834644
0
LINE
8
BLACK
6
CONTINUOUS
10
9.724208622047243
20
-3.6975867322834644
11
9.7237474015748031
21
-3.6934986614173226
0
LINE
8
BLACK
6
CONTINUOUS
10
9.7237474015748031
20
-3.6934986614173226
11
9.7236567322834642
21
-3.6934079921259841
0
LINE
8
BLACK
6
CONTINUOUS
10
9.7236567322834642
20
-3.6934079921259841
11
9.723581811023621
21
-3.693031338582677
0
LINE
8
BLACK
6
CONTINUOUS
10
9.723581811023621
20
-3.693031338582677
11
9.723581811023621
21
-3.1812203149606297
0
LINE
8
BLACK
6
CONTINUOUS
10
9.723581811023621
20
-3.1812203149606297
11
9.7241000393700787
21
-3.1766209055118111
0
LINE
8
BLACK
6
CONTINUOUS
10
9.7241000393700787
20
-3.1766209055118111
11
9.7256287401574806
21
-3.1722521653543305
0
LINE
8
BLACK
6
CONTINUOUS
10
9.7256287401574806
20
-3.1722521653543305
11
9.7280912204724412
21
-3.1683330708661415
0
LINE
8
BLACK
6
CONTINUOUS
10
9.7280912204724412
20
-3.1683330708661415
11
9.7313639763779527
21
-3.165060157480315
0
LINE
8
BLACK
6
CONTINUOUS
10
9.7313639763779527
20
-3.165060157480315
11
9.7352829921259847
21
-3.1625975590551181
0
LINE
8
BLACK
6
CONTINUOUS
10
9.7352829921259847
20
-3.1625975590551181
11
9.7396516929133856
21
-3.1610687401574804
0
LINE
8
BLACK
6
CONTINUOUS
10
9.7396516929133856
20
-3.1610687401574804
11
9.7442510629921255
21
-3.1605503149606298
0
LINE
8
BLACK
6
CONTINUOUS
10
9.7442510629921255
20
-3.1605503149606298
11
9.7442510629921255
21
-3.1605510236220473
0
LINE
8
BLACK
6
CONTINUOUS
10
9.7417890944881886
20
-3.1625188976377951
11
9.7370328740157479
21
-3.1637935433070865
0
LINE
8
BLACK
6
CONTINUOUS
10
9.7370328740157479
20
-3.1637935433070865
11
9.7327685433070865
21
-3.1662556692913384
0
LINE
8
BLACK
6
CONTINUOUS
10
9.7327685433070865
20
-3.1662556692913384
11
9.7292867716535429
21
-3.169737598425197
0
LINE
8
BLACK
6
CONTINUOUS
10
9.7292867716535429
20
-3.169737598425197
11
9.7268247637795273
21
-3.1740020078740159
0
LINE
8
BLACK
6
CONTINUOUS
10
9.7268247637795273
20
-3.1740020078740159
11
9.7255503149606302
21
-3.1787582677165354
0
LINE
8
BLACK
6
CONTINUOUS
10
9.7255503149606302
20
-3.1787582677165354
11
9.7255503149606302
21
-3.1812203149606297
0
LINE
8
BLACK
6
CONTINUOUS
10
9.7255503149606302
20
-3.1812203149606297
11
9.7255503149606302
21
-3.6926524803149605
0
LINE
8
BLACK
6
CONTINUOUS
10
9.7255503149606302
20
-3.6926524803149605
11
9.725659133858267
21
-3.6929872440944882
0
LINE
8
BLACK
6
CONTINUOUS
10
9.725659133858267
20
-3.6929872440944882
11
9.7256582677165344
21
-3.6929872440944882
0
LINE
8
BLACK
6
CONTINUOUS
10
9.7256582677165344
20
-3.6929872440944882
11
9.7256586220472432
21
-3.6954492125984251
0
LINE
8
BLACK
6
CONTINUOUS
10
9.7256586220472432
20
-3.6954492125984251
11
9.7269335826771659
21
-3.7002052755905512
0
LINE
8
BLACK
6
CONTINUOUS
10
9.7269335826771659
20
-3.7002052755905512
11
9.7293958661417328
21
-3.7044694094488189
0
LINE
8
BLACK
6
CONTINUOUS
10
9.7293958661417328
20
-3.7044694094488189
11
9.7328777165354321
21
-3.7079511023622045
0
LINE
8
BLACK
6
CONTINUOUS
10
9.7328777165354321
20
-3.7079511023622045
11
9.7371419291338572
21
-3.7104131889763781
0
LINE
8
BLACK
6
CONTINUOUS
10
9.7371419291338572
20
-3.7104131889763781
11
9.7418980314960635
21
-3.7116879527559052
0
LINE
8
BLACK
6
CONTINUOUS
10
9.7418980314960635
20
-3.7116879527559052
11
9.7443600393700791
21
-3.7116881889763778
0
LINE
8
BLACK
6
CONTINUOUS
10
9.7443600393700791
20
-3.7116881889763778
11
9.7444952362204731
21
-3.711732125984252
0
LINE
8
BLACK
6
CONTINUOUS
10
9.7444952362204731
20
-3.711732125984252
11
10.2560621259842524
21
-3.711732125984252
0
LINE
8
BLACK
6
CONTINUOUS
10
10.2560621259842524
20
-3.711732125984252
11
10.2560621653543311
21
-3.711732125984252
0
LINE
8
BLACK
6
CONTINUOUS
10
10.2560621653543311
20
-3.711732125984252
11
10.2560621653543311
21
-3.7117314173228344
0
LINE
8
BLACK
6
CONTINUOUS
10
10.2560621653543311
20
-3.7117314173228344
11
10.258524133858268
21
-3.7117315354330707
0
LINE
8
BLACK
6
CONTINUOUS
10
10.258524133858268
20
-3.7117315354330707
11
10.2632803543307087
21
-3.7104572834645668
0
LINE
8
BLACK
6
CONTINUOUS
10
10.2632803543307087
20
-3.7104572834645668
11
10.2675446850393701
21
-3.7079954330708662
0
LINE
8
BLACK
6
CONTINUOUS
10
10.2675446850393701
20
-3.7079954330708662
11
10.2710264960629925
21
-3.7045137401574801
0
LINE
8
BLACK
6
CONTINUOUS
10
10.2710264960629925
20
-3.7045137401574801
11
10.2734885433070868
21
-3.7002494881889763
0
LINE
8
BLACK
6
CONTINUOUS
10
10.2734885433070868
20
-3.7002494881889763
11
10.2747629527559052
21
-3.6954933070866143
0
LINE
8
BLACK
6
CONTINUOUS
10
10.2747629527559052
20
-3.6954933070866143
11
10.2747629133858265
21
-3.693031338582677
0
LINE
8
BLACK
6
CONTINUOUS
10
10.2747629133858265
20
-3.693031338582677
11
10.2747629133858265
21
-3.1812203149606297
0
LINE
8
BLACK
6
CONTINUOUS
10
10.2747629133858265
20
-3.1812203149606297
11
10.274763937007874
21
-3.1812151574803149
0
LINE
8
BLACK
6
CONTINUOUS
10
10.274763937007874
20
-3.1812151574803149
11
10.274763937007874
21
-3.1787582283464566
0
LINE
8
BLACK
6
CONTINUOUS
10
10.274763937007874
20
-3.1787582283464566
11
10.2734893700787406
21
-3.1740018897637796
0
LINE
8
BLACK
6
CONTINUOUS
10
10.2734893700787406
20
-3.1740018897637796
11
10.27102720472441
21
-3.1697374803149607
0
LINE
8
BLACK
6
CONTINUOUS
10
10.27102720472441
20
-3.1697374803149607
11
10.2675451968503939
21
-3.1662556692913384
0
LINE
8
BLACK
6
CONTINUOUS
10
10.2675451968503939
20
-3.1662556692913384
11
10.2632806692913388
21
-3.1637937007874015
0
LINE
8
BLACK
6
CONTINUOUS
10
10.2632806692913388
20
-3.1637937007874015
11
10.2585242519685043
21
-3.1625194094488189
0
LINE
8
BLACK
6
CONTINUOUS
10
10.2585242519685043
20
-3.1625194094488189
11
10.2560621653543311
21
-3.1625195275590552
0
LINE
8
BLACK
6
CONTINUOUS
10
10.2560621653543311
20
-3.1625195275590552
11
10.2560621259842524
21
-3.1625194881889764
0
LINE
8
BLACK
6
CONTINUOUS
10
10.2560621259842524
20
-3.1625194881889764
11
10.2560621259842524
21
-3.1625195275590552
0
LINE
8
BLACK
6
CONTINUOUS
10
10.2560621259842524
20
-3.1625195275590552
11
9.744251141732283
21
-3.1625195275590552
0
LINE
8
BLACK
6
CONTINUOUS
10
9.744251141732283
20
-3.1625195275590552
11
9.7442511023622043
21
-3.1625195275590552
0
LINE
8
BLACK
6
CONTINUOUS
10
9.7442511023622043
20
-3.1625195275590552
11
9.7442475196850395
21
-3.1625188188976376
0
LINE
8
BLACK
6
CONTINUOUS
10
9.7442475196850395
20
-3.1625188188976376
11
9.7417890944881886
21
-3.1625188976377951
0
LINE
8
BLACK
6
CONTINUOUS
10
10.494290236220472
20
-3.0668108661417324
11
10.4942902755905507
21
-3.0668108661417324
0
LINE
8
BLACK
6
CONTINUOUS
10
10.4942902755905507
20
-3.0668108661417324
11
11.0061012992125988
21
-3.0668108661417324
0
LINE
8
BLACK
6
CONTINUOUS
10
11.0061012992125988
20
-3.0668108661417324
11
11.0061013385826776
21
-3.0668108661417324
0
LINE
8
BLACK
6
CONTINUOUS
10
11.0061013385826776
20
-3.0668108661417324
11
11.010700787401575
21
-3.0673288582677163
0
LINE
8
BLACK
6
CONTINUOUS
10
11.010700787401575
20
-3.0673288582677163
11
11.0150697244094484
21
-3.0688574015748031
0
LINE
8
BLACK
6
CONTINUOUS
10
11.0150697244094484
20
-3.0688574015748031
11
11.0189890157480317
21
-3.071319842519685
0
LINE
8
BLACK
6
CONTINUOUS
10
11.0189890157480317
20
-3.071319842519685
11
11.0222620472440944
21
-3.0745926771653544
0
LINE
8
BLACK
6
CONTINUOUS
10
11.0222620472440944
20
-3.0745926771653544
11
11.0247246850393701
21
-3.0785117716535431
0
LINE
8
BLACK
6
CONTINUOUS
10
11.0247246850393701
20
-3.0785117716535431
11
11.0262535039370082
21
-3.0828806299212599
0
LINE
8
BLACK
6
CONTINUOUS
10
11.0262535039370082
20
-3.0828806299212599
11
11.0267718110236217
21
-3.0874801574803148
0
LINE
8
BLACK
6
CONTINUOUS
10
11.0267718110236217
20
-3.0874801574803148
11
11.0267705905511804
21
-3.0874801574803148
0
LINE
8
BLACK
6
CONTINUOUS
10
11.0267705905511804
20
-3.0874801574803148
11
11.0267705905511804
21
-3.599291181102362
0
LINE
8
BLACK
6
CONTINUOUS
10
11.0267705905511804
20
-3.599291181102362
11
11.0262524015748031
21
-3.6038904724409448
0
LINE
8
BLACK
6
CONTINUOUS
10
11.0262524015748031
20
-3.6038904724409448
11
11.0247237007874013
21
-3.6082591338582675
0
LINE
8
BLACK
6
CONTINUOUS
10
11.0247237007874013
20
-3.6082591338582675
11
11.0222611811023619
21
-3.6121780708661415
0
LINE
8
BLACK
6
CONTINUOUS
10
11.0222611811023619
20
-3.6121780708661415
11
11.0189883464566929
21
-3.6154507480314959
0
LINE
8
BLACK
6
CONTINUOUS
10
11.0189883464566929
20
-3.6154507480314959
11
11.0150692913385821
21
-3.6179131102362203
0
LINE
8
BLACK
6
CONTINUOUS
10
11.0150692913385821
20
-3.6179131102362203
11
11.0107005511811025
21
-3.6194415748031497
0
LINE
8
BLACK
6
CONTINUOUS
10
11.0107005511811025
20
-3.6194415748031497
11
11.0061118110236222
21
-3.6199583464566927
0
LINE
8
BLACK
6
CONTINUOUS
10
11.0061118110236222
20
-3.6199583464566927
11
11.0061012992125988
21
-3.6199604724409449
0
LINE
8
BLACK
6
CONTINUOUS
10
11.0061012992125988
20
-3.6199604724409449
11
11.0061012598425201
21
-3.6199604724409449
0
LINE
8
BLACK
6
CONTINUOUS
10
11.0061012598425201
20
-3.6199604724409449
11
10.4942902755905507
21
-3.6199604724409449
0
LINE
8
BLACK
6
CONTINUOUS
10
10.4942902755905507
20
-3.6199604724409449
11
10.4939136220472431
21
-3.6198855511811021
0
LINE
8
BLACK
6
CONTINUOUS
10
10.4939136220472431
20
-3.6198855511811021
11
10.4938868110236214
21
-3.6198587401574804
0
LINE
8
BLACK
6
CONTINUOUS
10
10.4938868110236214
20
-3.6198587401574804
11
10.4897998031496069
21
-3.6193978346456692
0
LINE
8
BLACK
6
CONTINUOUS
10
10.4897998031496069
20
-3.6193978346456692
11
10.485431299212598
21
-3.617868937007874
0
LINE
8
BLACK
6
CONTINUOUS
10
10.485431299212598
20
-3.617868937007874
11
10.4815124803149597
21
-3.6154064173228346
0
LINE
8
BLACK
6
CONTINUOUS
10
10.4815124803149597
20
-3.6154064173228346
11
10.4782396850393695
21
-3.6121337401574802
0
LINE
8
BLACK
6
CONTINUOUS
10
10.4782396850393695
20
-3.6121337401574802
11
10.4757770472440939
21
-3.608215
0
LINE
8
BLACK
6
CONTINUOUS
10
10.4757770472440939
20
-3.608215
11
10.4742479921259832
21
-3.6038465354330707
0
LINE
8
BLACK
6
CONTINUOUS
10
10.4742479921259832
20
-3.6038465354330707
11
10.4737868110236221
21
-3.5997587401574802
0
LINE
8
BLACK
6
CONTINUOUS
10
10.4737868110236221
20
-3.5997587401574802
11
10.4736959055118106
21
-3.5996678346456692
0
LINE
8
BLACK
6
CONTINUOUS
10
10.4736959055118106
20
-3.5996678346456692
11
10.4736209842519674
21
-3.599291181102362
0
LINE
8
BLACK
6
CONTINUOUS
10
10.4736209842519674
20
-3.599291181102362
11
10.4736209842519674
21
-3.0874801574803148
0
LINE
8
BLACK
6
CONTINUOUS
10
10.4736209842519674
20
-3.0874801574803148
11
10.4741392125984252
21
-3.0828807480314961
0
LINE
8
BLACK
6
CONTINUOUS
10
10.4741392125984252
20
-3.0828807480314961
11
10.475667913385827
21
-3.0785119685039368
0
LINE
8
BLACK
6
CONTINUOUS
10
10.475667913385827
20
-3.0785119685039368
11
10.4781303543307089
21
-3.0745928740157478
0
LINE
8
BLACK
6
CONTINUOUS
10
10.4781303543307089
20
-3.0745928740157478
11
10.4814031496062992
21
-3.0713199212598425
0
LINE
8
BLACK
6
CONTINUOUS
10
10.4814031496062992
20
-3.0713199212598425
11
10.4853221259842524
21
-3.0688572834645669
0
LINE
8
BLACK
6
CONTINUOUS
10
10.4853221259842524
20
-3.0688572834645669
11
10.4896908267716533
21
-3.0673284251968504
0
LINE
8
BLACK
6
CONTINUOUS
10
10.4896908267716533
20
-3.0673284251968504
11
10.494290236220472
21
-3.0668099606299211
0
LINE
8
BLACK
6
CONTINUOUS
10
10.494290236220472
20
-3.0668099606299211
11
10.494290236220472
21
-3.0668108661417324
0
LINE
8
BLACK
6
CONTINUOUS
10
10.4918282677165351
20
-3.0687785826771652
11
10.4870720078740156
21
-3.0700532283464566
0
LINE
8
BLACK
6
CONTINUOUS
10
10.4870720078740156
20
-3.0700532283464566
11
10.482807716535433
21
-3.0725154330708659
0
LINE
8
BLACK
6
CONTINUOUS
10
10.482807716535433
20
-3.0725154330708659
11
10.4793259448818894
21
-3.0759973622047245
0
LINE
8
BLACK
6
CONTINUOUS
10
10.4793259448818894
20
-3.0759973622047245
11
10.4768639370078738
21
-3.0802618110236222
0
LINE
8
BLACK
6
CONTINUOUS
10
10.4768639370078738
20
-3.0802618110236222
11
10.4755894881889766
21
-3.0850181102362204
0
LINE
8
BLACK
6
CONTINUOUS
10
10.4755894881889766
20
-3.0850181102362204
11
10.4755894881889766
21
-3.0874801574803148
0
LINE
8
BLACK
6
CONTINUOUS
10
10.4755894881889766
20
-3.0874801574803148
11
10.4755894881889766
21
-3.5989123228346456
0
LINE
8
BLACK
6
CONTINUOUS
10
10.4755894881889766
20
-3.5989123228346456
11
10.4756983070866134
21
-3.5992470866141733
0
LINE
8
BLACK
6
CONTINUOUS
10
10.4756983070866134
20
-3.5992470866141733
11
10.4756976377952746
21
-3.5992470866141733
0
LINE
8
BLACK
6
CONTINUOUS
10
10.4756976377952746
20
-3.5992470866141733
11
10.4756979921259834
21
-3.6017090551181101
0
LINE
8
BLACK
6
CONTINUOUS
10
10.4756979921259834
20
-3.6017090551181101
11
10.4769729527559061
21
-3.6064650787401575
0
LINE
8
BLACK
6
CONTINUOUS
10
10.4769729527559061
20
-3.6064650787401575
11
10.4794351968503943
21
-3.6107291732283464
0
LINE
8
BLACK
6
CONTINUOUS
10
10.4794351968503943
20
-3.6107291732283464
11
10.4829170078740148
21
-3.614210866141732
0
LINE
8
BLACK
6
CONTINUOUS
10
10.4829170078740148
20
-3.614210866141732
11
10.4871811811023612
21
-3.6166729921259844
0
LINE
8
BLACK
6
CONTINUOUS
10
10.4871811811023612
20
-3.6166729921259844
11
10.4919372440944887
21
-3.6179477559055115
0
LINE
8
BLACK
6
CONTINUOUS
10
10.4919372440944887
20
-3.6179477559055115
11
10.4943992125984256
21
-3.6179480314960628
0
LINE
8
BLACK
6
CONTINUOUS
10
10.4943992125984256
20
-3.6179480314960628
11
10.4945344094488195
21
-3.617991968503937
0
LINE
8
BLACK
6
CONTINUOUS
10
10.4945344094488195
20
-3.617991968503937
11
11.0061012992125988
21
-3.617991968503937
0
LINE
8
BLACK
6
CONTINUOUS
10
11.0061012992125988
20
-3.617991968503937
11
11.0061013385826776
21
-3.617991968503937
0
LINE
8
BLACK
6
CONTINUOUS
10
11.0061013385826776
20
-3.617991968503937
11
11.0061013385826776
21
-3.6179910629921257
0
LINE
8
BLACK
6
CONTINUOUS
10
11.0061013385826776
20
-3.6179910629921257
11
11.0085633070866145
21
-3.6179912204724407
0
LINE
8
BLACK
6
CONTINUOUS
10
11.0085633070866145
20
-3.6179912204724407
11
11.0133195275590552
21
-3.6167170078740156
0
LINE
8
BLACK
6
CONTINUOUS
10
11.0133195275590552
20
-3.6167170078740156
11
11.0175838582677166
21
-3.6142551968503938
0
LINE
8
BLACK
6
CONTINUOUS
10
11.0175838582677166
20
-3.6142551968503938
11
11.0210656692913389
21
-3.6107735039370077
0
LINE
8
BLACK
6
CONTINUOUS
10
11.0210656692913389
20
-3.6107735039370077
11
11.0235276771653545
21
-3.6065092913385826
0
LINE
8
BLACK
6
CONTINUOUS
10
11.0235276771653545
20
-3.6065092913385826
11
11.0248021259842517
21
-3.6017531496062993
0
LINE
8
BLACK
6
CONTINUOUS
10
11.0248021259842517
20
-3.6017531496062993
11
11.0248020866141729
21
-3.599291181102362
0
LINE
8
BLACK
6
CONTINUOUS
10
11.0248020866141729
20
-3.599291181102362
11
11.0248020866141729
21
-3.0874801574803148
0
LINE
8
BLACK
6
CONTINUOUS
10
11.0248020866141729
20
-3.0874801574803148
11
11.0248032677165355
21
-3.0874740157480316
0
LINE
8
BLACK
6
CONTINUOUS
10
11.0248032677165355
20
-3.0874740157480316
11
11.0248032677165355
21
-3.0850180708661417
0
LINE
8
BLACK
6
CONTINUOUS
10
11.0248032677165355
20
-3.0850180708661417
11
11.0235287401574809
21
-3.0802616929133859
0
LINE
8
BLACK
6
CONTINUOUS
10
11.0235287401574809
20
-3.0802616929133859
11
11.0210665354330715
21
-3.0759972440944883
0
LINE
8
BLACK
6
CONTINUOUS
10
11.0210665354330715
20
-3.0759972440944883
11
11.0175844881889766
21
-3.0725154330708659
0
LINE
8
BLACK
6
CONTINUOUS
10
11.0175844881889766
20
-3.0725154330708659
11
11.0133199212598427
21
-3.0700535039370078
0
LINE
8
BLACK
6
CONTINUOUS
10
11.0133199212598427
20
-3.0700535039370078
11
11.0085634645669295
21
-3.068779251968504
0
LINE
8
BLACK
6
CONTINUOUS
10
11.0085634645669295
20
-3.068779251968504
11
11.0061013385826776
21
-3.0687793700787402
0
LINE
8
BLACK
6
CONTINUOUS
10
11.0061013385826776
20
-3.0687793700787402
11
11.0061012992125988
21
-3.0687793307086615
0
LINE
8
BLACK
6
CONTINUOUS
10
11.0061012992125988
20
-3.0687793307086615
11
11.0061012992125988
21
-3.0687793700787402
0
LINE
8
BLACK
6
CONTINUOUS
10
11.0061012992125988
20
-3.0687793700787402
11
10.4942903149606295
21
-3.0687793700787402
0
LINE
8
BLACK
6
CONTINUOUS
10
10.4942903149606295
20
-3.0687793700787402
11
10.4942902755905507
21
-3.0687793700787402
0
LINE
8
BLACK
6
CONTINUOUS
10
10.4942902755905507
20
-3.0687793700787402
11
10.4942857086614172
21
-3.0687784645669289
0
LINE
8
BLACK
6
CONTINUOUS
10
10.4942857086614172
20
-3.0687784645669289
11
10.4918282677165351
21
-3.0687785826771652
0
LINE
8
BLACK
6
CONTINUOUS
10
8.2442120866141728
20
-2.8796062598425198
11
8.2442121259842516
21
-2.8796062598425198
0
LINE
8
BLACK
6
CONTINUOUS
10
8.2442121259842516
20
-2.8796062598425198
11
8.7560231496062997
21
-2.8796062598425198
0
LINE
8
BLACK
6
CONTINUOUS
10
8.7560231496062997
20
-2.8796062598425198
11
8.7560231889763784
21
-2.8796062598425198
0
LINE
8
BLACK
6
CONTINUOUS
10
8.7560231889763784
20
-2.8796062598425198
11
8.7606225590551183
21
-2.88012437007874
0
LINE
8
BLACK
6
CONTINUOUS
10
8.7606225590551183
20
-2.88012437007874
11
8.7649913779527555
21
-2.8816529921259844
0
LINE
8
BLACK
6
CONTINUOUS
10
8.7649913779527555
20
-2.8816529921259844
11
8.7689105118110238
21
-2.884115472440945
0
LINE
8
BLACK
6
CONTINUOUS
10
8.7689105118110238
20
-2.884115472440945
11
8.7721834251968502
21
-2.887388307086614
0
LINE
8
BLACK
6
CONTINUOUS
10
8.7721834251968502
20
-2.887388307086614
11
8.7746459842519684
21
-2.8913073622047243
0
LINE
8
BLACK
6
CONTINUOUS
10
8.7746459842519684
20
-2.8913073622047243
11
8.776174724409449
21
-2.8956761417322836
0
LINE
8
BLACK
6
CONTINUOUS
10
8.776174724409449
20
-2.8956761417322836
11
8.776692952755905
21
-2.9002755511811023
0
LINE
8
BLACK
6
CONTINUOUS
10
8.776692952755905
20
-2.9002755511811023
11
8.7766924409448812
21
-2.9002755511811023
0
LINE
8
BLACK
6
CONTINUOUS
10
8.7766924409448812
20
-2.9002755511811023
11
8.7766924409448812
21
-3.4120865748031495
0
LINE
8
BLACK
6
CONTINUOUS
10
8.7766924409448812
20
-3.4120865748031495
11
8.7761742125984252
21
-3.4166859055118111
0
LINE
8
BLACK
6
CONTINUOUS
10
8.7761742125984252
20
-3.4166859055118111
11
8.7746455511811021
21
-3.4210545669291337
0
LINE
8
BLACK
6
CONTINUOUS
10
8.7746455511811021
20
-3.4210545669291337
11
8.7721830314960627
21
-3.4249735433070865
0
LINE
8
BLACK
6
CONTINUOUS
10
8.7721830314960627
20
-3.4249735433070865
11
8.7689101968503937
21
-3.4282462992125984
0
LINE
8
BLACK
6
CONTINUOUS
10
8.7689101968503937
20
-3.4282462992125984
11
8.7649911811023618
21
-3.4307087401574803
0
LINE
8
BLACK
6
CONTINUOUS
10
8.7649911811023618
20
-3.4307087401574803
11
8.7606224409448821
21
-3.4322373228346454
0
LINE
8
BLACK
6
CONTINUOUS
10
8.7606224409448821
20
-3.4322373228346454
11
8.7560281889763782
21
-3.4327548425196848
0
LINE
8
BLACK
6
CONTINUOUS
10
8.7560281889763782
20
-3.4327548425196848
11
8.7560231496062997
21
-3.4327558661417323
0
LINE
8
BLACK
6
CONTINUOUS
10
8.7560231496062997
20
-3.4327558661417323
11
8.7560231102362209
21
-3.4327558661417323
0
LINE
8
BLACK
6
CONTINUOUS
10
8.7560231102362209
20
-3.4327558661417323
11
8.2442121259842516
21
-3.4327558661417323
0
LINE
8
BLACK
6
CONTINUOUS
10
8.2442121259842516
20
-3.4327558661417323
11
8.2438354724409439
21
-3.4326809448818896
0
LINE
8
BLACK
6
CONTINUOUS
10
8.2438354724409439
20
-3.4326809448818896
11
8.243808700787401
21
-3.4326541732283462
0
LINE
8
BLACK
6
CONTINUOUS
10
8.243808700787401
20
-3.4326541732283462
11
8.2397215748031503
21
-3.4321933464566929
0
LINE
8
BLACK
6
CONTINUOUS
10
8.2397215748031503
20
-3.4321933464566929
11
8.2353529527559051
21
-3.4306645275590548
0
LINE
8
BLACK
6
CONTINUOUS
10
8.2353529527559051
20
-3.4306645275590548
11
8.2314339763779518
21
-3.4282020472440946
0
LINE
8
BLACK
6
CONTINUOUS
10
8.2314339763779518
20
-3.4282020472440946
11
8.2281610629921254
21
-3.4249293700787402
0
LINE
8
BLACK
6
CONTINUOUS
10
8.2281610629921254
20
-3.4249293700787402
11
8.2256983070866134
21
-3.4210105511811024
0
LINE
8
BLACK
6
CONTINUOUS
10
8.2256983070866134
20
-3.4210105511811024
11
8.2241691732283471
21
-3.4166420472440944
0
LINE
8
BLACK
6
CONTINUOUS
10
8.2241691732283471
20
-3.4166420472440944
11
8.2237078740157479
21
-3.4125533464566926
0
LINE
8
BLACK
6
CONTINUOUS
10
8.2237078740157479
20
-3.4125533464566926
11
8.2236177559055115
21
-3.4124632283464567
0
LINE
8
BLACK
6
CONTINUOUS
10
8.2236177559055115
20
-3.4124632283464567
11
8.2235428346456683
21
-3.4120865748031495
0
LINE
8
BLACK
6
CONTINUOUS
10
8.2235428346456683
20
-3.4120865748031495
11
8.2235428346456683
21
-2.9002755511811023
0
LINE
8
BLACK
6
CONTINUOUS
10
8.2235428346456683
20
-2.9002755511811023
11
8.224061062992126
21
-2.8956761811023624
0
LINE
8
BLACK
6
CONTINUOUS
10
8.224061062992126
20
-2.8956761811023624
11
8.2255897244094491
21
-2.891307401574803
0
LINE
8
BLACK
6
CONTINUOUS
10
8.2255897244094491
20
-2.891307401574803
11
8.2280522047244098
21
-2.8873883464566927
0
LINE
8
BLACK
6
CONTINUOUS
10
8.2280522047244098
20
-2.8873883464566927
11
8.231325
21
-2.884115472440945
0
LINE
8
BLACK
6
CONTINUOUS
10
8.231325
20
-2.884115472440945
11
8.235244015748032
21
-2.8816529133858269
0
LINE
8
BLACK
6
CONTINUOUS
10
8.235244015748032
20
-2.8816529133858269
11
8.2396127165354329
21
-2.8801241732283462
0
LINE
8
BLACK
6
CONTINUOUS
10
8.2396127165354329
20
-2.8801241732283462
11
8.2442120866141728
21
-2.8796058267716536
0
LINE
8
BLACK
6
CONTINUOUS
10
8.2442120866141728
20
-2.8796058267716536
11
8.2442120866141728
21
-2.8796062598425198
0
LINE
8
BLACK
6
CONTINUOUS
10
8.2417501181102359
20
-2.8815743700787402
11
8.2369938582677165
21
-2.8828488976377953
0
LINE
8
BLACK
6
CONTINUOUS
10
8.2369938582677165
20
-2.8828488976377953
11
8.2327295669291338
21
-2.8853110236220472
0
LINE
8
BLACK
6
CONTINUOUS
10
8.2327295669291338
20
-2.8853110236220472
11
8.2292477559055115
21
-2.8887928740157478
0
LINE
8
BLACK
6
CONTINUOUS
10
8.2292477559055115
20
-2.8887928740157478
11
8.2267857480314959
21
-2.8930572440944879
0
LINE
8
BLACK
6
CONTINUOUS
10
8.2267857480314959
20
-2.8930572440944879
11
8.2255113385826775
21
-2.8978135433070866
0
LINE
8
BLACK
6
CONTINUOUS
10
8.2255113385826775
20
-2.8978135433070866
11
8.2255113385826775
21
-2.9002755511811023
0
LINE
8
BLACK
6
CONTINUOUS
10
8.2255113385826775
20
-2.9002755511811023
11
8.2255113385826775
21
-3.411707716535433
0
LINE
8
BLACK
6
CONTINUOUS
10
8.2255113385826775
20
-3.411707716535433
11
8.2256201574803143
21
-3.4120424803149607
0
LINE
8
BLACK
6
CONTINUOUS
10
8.2256201574803143
20
-3.4120424803149607
11
8.2256187795275597
21
-3.4120424803149607
0
LINE
8
BLACK
6
CONTINUOUS
10
8.2256187795275597
20
-3.4120424803149607
11
8.2256191338582667
21
-3.4145044881889763
0
LINE
8
BLACK
6
CONTINUOUS
10
8.2256191338582667
20
-3.4145044881889763
11
8.2268941732283469
21
-3.4192606299212596
0
LINE
8
BLACK
6
CONTINUOUS
10
8.2268941732283469
20
-3.4192606299212596
11
8.2293565354330713
21
-3.4235247637795276
0
LINE
8
BLACK
6
CONTINUOUS
10
8.2293565354330713
20
-3.4235247637795276
11
8.2328384645669281
21
-3.4270064566929133
0
LINE
8
BLACK
6
CONTINUOUS
10
8.2328384645669281
20
-3.4270064566929133
11
8.2371027952755895
21
-3.4294685433070864
0
LINE
8
BLACK
6
CONTINUOUS
10
8.2371027952755895
20
-3.4294685433070864
11
8.241859015748032
21
-3.4307432283464565
0
LINE
8
BLACK
6
CONTINUOUS
10
8.241859015748032
20
-3.4307432283464565
11
8.2443210236220477
21
-3.4307434251968503
0
LINE
8
BLACK
6
CONTINUOUS
10
8.2443210236220477
20
-3.4307434251968503
11
8.2444562204724416
21
-3.4307873622047245
0
LINE
8
BLACK
6
CONTINUOUS
10
8.2444562204724416
20
-3.4307873622047245
11
8.7560231496062997
21
-3.4307873622047245
0
LINE
8
BLACK
6
CONTINUOUS
10
8.7560231496062997
20
-3.4307873622047245
11
8.7560231889763784
21
-3.4307873622047245
0
LINE
8
BLACK
6
CONTINUOUS
10
8.7560231889763784
20
-3.4307873622047245
11
8.7560231889763784
21
-3.4307869291338582
0
LINE
8
BLACK
6
CONTINUOUS
10
8.7560231889763784
20
-3.4307869291338582
11
8.7584851574803153
21
-3.4307870078740157
0
LINE
8
BLACK
6
CONTINUOUS
10
8.7584851574803153
20
-3.4307870078740157
11
8.763241377952756
21
-3.4295126771653544
0
LINE
8
BLACK
6
CONTINUOUS
10
8.763241377952756
20
-3.4295126771653544
11
8.7675057086614174
21
-3.4270507480314958
0
LINE
8
BLACK
6
CONTINUOUS
10
8.7675057086614174
20
-3.4270507480314958
11
8.7709875196850398
21
-3.4235690157480314
0
LINE
8
BLACK
6
CONTINUOUS
10
8.7709875196850398
20
-3.4235690157480314
11
8.7734495275590554
21
-3.4193047637795275
0
LINE
8
BLACK
6
CONTINUOUS
10
8.7734495275590554
20
-3.4193047637795275
11
8.7747239370078738
21
-3.4145485433070863
0
LINE
8
BLACK
6
CONTINUOUS
10
8.7747239370078738
20
-3.4145485433070863
11
8.7747239370078738
21
-3.4120865748031495
0
LINE
8
BLACK
6
CONTINUOUS
10
8.7747239370078738
20
-3.4120865748031495
11
8.7747239370078738
21
-2.9002755511811023
0
LINE
8
BLACK
6
CONTINUOUS
10
8.7747239370078738
20
-2.9002755511811023
11
8.7747244488188976
21
-2.9002729527559055
0
LINE
8
BLACK
6
CONTINUOUS
10
8.7747244488188976
20
-2.9002729527559055
11
8.7747244488188976
21
-2.8978135039370079
0
LINE
8
BLACK
6
CONTINUOUS
10
8.7747244488188976
20
-2.8978135039370079
11
8.7734499606299217
21
-2.8930572047244092
0
LINE
8
BLACK
6
CONTINUOUS
10
8.7734499606299217
20
-2.8930572047244092
11
8.7709878740157485
21
-2.888792834645669
0
LINE
8
BLACK
6
CONTINUOUS
10
8.7709878740157485
20
-2.888792834645669
11
8.7675059842519687
21
-2.8853110236220472
0
LINE
8
BLACK
6
CONTINUOUS
10
8.7675059842519687
20
-2.8853110236220472
11
8.763241535433071
21
-2.8828490551181103
0
LINE
8
BLACK
6
CONTINUOUS
10
8.763241535433071
20
-2.8828490551181103
11
8.7584852362204728
21
-2.8815746850393702
0
LINE
8
BLACK
6
CONTINUOUS
10
8.7584852362204728
20
-2.8815746850393702
11
8.7560231889763784
21
-2.8815747637795277
0
LINE
8
BLACK
6
CONTINUOUS
10
8.7560231889763784
20
-2.8815747637795277
11
8.7560231496062997
21
-2.881574724409449
0
LINE
8
BLACK
6
CONTINUOUS
10
8.7560231496062997
20
-2.881574724409449
11
8.7560231496062997
21
-2.8815747637795277
0
LINE
8
BLACK
6
CONTINUOUS
10
8.7560231496062997
20
-2.8815747637795277
11
8.2442121653543303
21
-2.8815747637795277
0
LINE
8
BLACK
6
CONTINUOUS
10
8.2442121653543303
20
-2.8815747637795277
11
8.2442121259842516
21
-2.8815747637795277
0
LINE
8
BLACK
6
CONTINUOUS
10
8.2442121259842516
20
-2.8815747637795277
11
8.2442099212598432
21
-2.8815743307086614
0
LINE
8
BLACK
6
CONTINUOUS
10
8.2442099212598432
20
-2.8815743307086614
11
8.2417501181102359
21
-2.8815743700787402
0
LINE
8
BLACK
6
CONTINUOUS
10
11.9942901968503932
20
-2.598110118110236
11
11.994290236220472
21
-2.598110118110236
0
LINE
8
BLACK
6
CONTINUOUS
10
11.994290236220472
20
-2.598110118110236
11
12.5061012598425201
21
-2.598110118110236
0
LINE
8
BLACK
6
CONTINUOUS
10
12.5061012598425201
20
-2.598110118110236
11
12.5061012992125988
21
-2.598110118110236
0
LINE
8
BLACK
6
CONTINUOUS
10
12.5061012992125988
20
-2.598110118110236
11
12.5107007480314962
21
-2.5986281102362203
0
LINE
8
BLACK
6
CONTINUOUS
10
12.5107007480314962
20
-2.5986281102362203
11
12.5150697244094484
21
-2.6001566535433072
0
LINE
8
BLACK
6
CONTINUOUS
10
12.5150697244094484
20
-2.6001566535433072
11
12.5189889763779529
21
-2.6026190944881891
0
LINE
8
BLACK
6
CONTINUOUS
10
12.5189889763779529
20
-2.6026190944881891
11
12.5222620078740157
21
-2.605891929133858
0
LINE
8
BLACK
6
CONTINUOUS
10
12.5222620078740157
20
-2.605891929133858
11
12.5247246850393701
21
-2.6098110236220471
0
LINE
8
BLACK
6
CONTINUOUS
10
12.5247246850393701
20
-2.6098110236220471
11
12.5262535039370082
21
-2.6141798818897639
0
LINE
8
BLACK
6
CONTINUOUS
10
12.5262535039370082
20
-2.6141798818897639
11
12.5267717716535429
21
-2.6187794094488188
0
LINE
8
BLACK
6
CONTINUOUS
10
12.5267717716535429
20
-2.6187794094488188
11
12.5267705511811016
21
-2.6187794094488188
0
LINE
8
BLACK
6
CONTINUOUS
10
12.5267705511811016
20
-2.6187794094488188
11
12.5267705511811016
21
-3.130590433070866
0
LINE
8
BLACK
6
CONTINUOUS
10
12.5267705511811016
20
-3.130590433070866
11
12.5262523622047244
21
-3.1351897244094489
0
LINE
8
BLACK
6
CONTINUOUS
10
12.5262523622047244
20
-3.1351897244094489
11
12.5247236614173225
21
-3.1395583464566927
0
LINE
8
BLACK
6
CONTINUOUS
10
12.5247236614173225
20
-3.1395583464566927
11
12.5222611417322831
21
-3.1434772834645668
0
LINE
8
BLACK
6
CONTINUOUS
10
12.5222611417322831
20
-3.1434772834645668
11
12.5189883070866141
21
-3.1467499606299212
0
LINE
8
BLACK
6
CONTINUOUS
10
12.5189883070866141
20
-3.1467499606299212
11
12.5150692519685034
21
-3.1492122834645668
0
LINE
8
BLACK
6
CONTINUOUS
10
12.5150692519685034
20
-3.1492122834645668
11
12.5107005118110237
21
-3.1507407480314962
0
LINE
8
BLACK
6
CONTINUOUS
10
12.5107005118110237
20
-3.1507407480314962
11
12.5061127165354335
21
-3.1512574409448817
0
LINE
8
BLACK
6
CONTINUOUS
10
12.5061127165354335
20
-3.1512574409448817
11
12.5061012598425201
21
-3.1512597244094489
0
LINE
8
BLACK
6
CONTINUOUS
10
12.5061012598425201
20
-3.1512597244094489
11
12.5061012204724413
21
-3.1512597244094489
0
LINE
8
BLACK
6
CONTINUOUS
10
12.5061012204724413
20
-3.1512597244094489
11
11.994290236220472
21
-3.1512597244094489
0
LINE
8
BLACK
6
CONTINUOUS
10
11.994290236220472
20
-3.1512597244094489
11
11.9939135826771643
21
-3.1511848031496061
0
LINE
8
BLACK
6
CONTINUOUS
10
11.9939135826771643
20
-3.1511848031496061
11
11.9938867716535427
21
-3.151157992125984
0
LINE
8
BLACK
6
CONTINUOUS
10
11.9938867716535427
20
-3.151157992125984
11
11.9897997637795282
21
-3.1506970866141732
0
LINE
8
BLACK
6
CONTINUOUS
10
11.9897997637795282
20
-3.1506970866141732
11
11.985431299212598
21
-3.1491681496062993
0
LINE
8
BLACK
6
CONTINUOUS
10
11.985431299212598
20
-3.1491681496062993
11
11.981512440944881
21
-3.1467056692913387
0
LINE
8
BLACK
6
CONTINUOUS
10
11.981512440944881
20
-3.1467056692913387
11
11.9782396456692908
21
-3.1434329921259843
0
LINE
8
BLACK
6
CONTINUOUS
10
11.9782396456692908
20
-3.1434329921259843
11
11.9757770078740151
21
-3.139514251968504
0
LINE
8
BLACK
6
CONTINUOUS
10
11.9757770078740151
20
-3.139514251968504
11
11.9742479527559045
21
-3.1351457874015747
0
LINE
8
BLACK
6
CONTINUOUS
10
11.9742479527559045
20
-3.1351457874015747
11
11.9737867716535433
21
-3.1310579921259842
0
LINE
8
BLACK
6
CONTINUOUS
10
11.9737867716535433
20
-3.1310579921259842
11
11.9736958661417319
21
-3.1309670866141732
0
LINE
8
BLACK
6
CONTINUOUS
10
11.9736958661417319
20
-3.1309670866141732
11
11.9736209448818887
21
-3.130590433070866
0
LINE
8
BLACK
6
CONTINUOUS
10
11.9736209448818887
20
-3.130590433070866
11
11.9736209448818887
21
-2.6187794094488188
0
LINE
8
BLACK
6
CONTINUOUS
10
11.9736209448818887
20
-2.6187794094488188
11
11.9741391732283464
21
-2.6141799999999997
0
LINE
8
BLACK
6
CONTINUOUS
10
11.9741391732283464
20
-2.6141799999999997
11
11.9756678346456695
21
-2.6098111811023621
0
LINE
8
BLACK
6
CONTINUOUS
10
11.9756678346456695
20
-2.6098111811023621
11
11.9781303149606302
21
-2.605892086614173
0
LINE
8
BLACK
6
CONTINUOUS
10
11.9781303149606302
20
-2.605892086614173
11
11.9814030708661416
21
-2.6026191338582678
0
LINE
8
BLACK
6
CONTINUOUS
10
11.9814030708661416
20
-2.6026191338582678
11
11.9853220866141736
21
-2.6001564960629922
0
LINE
8
BLACK
6
CONTINUOUS
10
11.9853220866141736
20
-2.6001564960629922
11
11.9896907874015746
21
-2.598627598425197
0
LINE
8
BLACK
6
CONTINUOUS
10
11.9896907874015746
20
-2.598627598425197
11
11.9942901968503932
21
-2.5981091338582676
0
LINE
8
BLACK
6
CONTINUOUS
10
11.9942901968503932
20
-2.5981091338582676
11
11.9942901968503932
21
-2.598110118110236
0
LINE
8
BLACK
6
CONTINUOUS
10
11.9918282283464563
20
-2.6000777559055117
11
11.9870719685039369
21
-2.6013524409448818
0
LINE
8
BLACK
6
CONTINUOUS
10
11.9870719685039369
20
-2.6013524409448818
11
11.9828076377952755
21
-2.6038146456692912
0
LINE
8
BLACK
6
CONTINUOUS
10
11.9828076377952755
20
-2.6038146456692912
11
11.9793258661417319
21
-2.6072966141732281
0
LINE
8
BLACK
6
CONTINUOUS
10
11.9793258661417319
20
-2.6072966141732281
11
11.976863897637795
21
-2.611561023622047
0
LINE
8
BLACK
6
CONTINUOUS
10
11.976863897637795
20
-2.611561023622047
11
11.9755894488188979
21
-2.6163173622047244
0
LINE
8
BLACK
6
CONTINUOUS
10
11.9755894488188979
20
-2.6163173622047244
11
11.9755894488188979
21
-2.6187794094488188
0
LINE
8
BLACK
6
CONTINUOUS
10
11.9755894488188979
20
-2.6187794094488188
11
11.9755894488188979
21
-3.1302115748031496
0
LINE
8
BLACK
6
CONTINUOUS
10
11.9755894488188979
20
-3.1302115748031496
11
11.9756982677165347
21
-3.1305463385826773
0
LINE
8
BLACK
6
CONTINUOUS
10
11.9756982677165347
20
-3.1305463385826773
11
11.9756975984251959
21
-3.1305463385826773
0
LINE
8
BLACK
6
CONTINUOUS
10
11.9756975984251959
20
-3.1305463385826773
11
11.9756979527559047
21
-3.1330083070866142
0
LINE
8
BLACK
6
CONTINUOUS
10
11.9756979527559047
20
-3.1330083070866142
11
11.9769729133858274
21
-3.1377643307086616
0
LINE
8
BLACK
6
CONTINUOUS
10
11.9769729133858274
20
-3.1377643307086616
11
11.9794351574803155
21
-3.1420284251968504
0
LINE
8
BLACK
6
CONTINUOUS
10
11.9794351574803155
20
-3.1420284251968504
11
11.9829169685039361
21
-3.1455101181102361
0
LINE
8
BLACK
6
CONTINUOUS
10
11.9829169685039361
20
-3.1455101181102361
11
11.9871811417322824
21
-3.1479722047244092
0
LINE
8
BLACK
6
CONTINUOUS
10
11.9871811417322824
20
-3.1479722047244092
11
11.9919372047244099
21
-3.1492470078740156
0
LINE
8
BLACK
6
CONTINUOUS
10
11.9919372047244099
20
-3.1492470078740156
11
11.9943991732283468
21
-3.1492472834645668
0
LINE
8
BLACK
6
CONTINUOUS
10
11.9943991732283468
20
-3.1492472834645668
11
11.994534370078739
21
-3.149291220472441
0
LINE
8
BLACK
6
CONTINUOUS
10
11.994534370078739
20
-3.149291220472441
11
12.5061012598425201
21
-3.149291220472441
0
LINE
8
BLACK
6
CONTINUOUS
10
12.5061012598425201
20
-3.149291220472441
11
12.5061012992125988
21
-3.149291220472441
0
LINE
8
BLACK
6
CONTINUOUS
10
12.5061012992125988
20
-3.149291220472441
11
12.5061012992125988
21
-3.1492902362204722
0
LINE
8
BLACK
6
CONTINUOUS
10
12.5061012992125988
20
-3.1492902362204722
11
12.5085632677165357
21
-3.1492903937007872
0
LINE
8
BLACK
6
CONTINUOUS
10
12.5085632677165357
20
-3.1492903937007872
11
12.5133194881889764
21
-3.1480161811023621
0
LINE
8
BLACK
6
CONTINUOUS
10
12.5133194881889764
20
-3.1480161811023621
11
12.5175837795275591
21
-3.1455543700787403
0
LINE
8
BLACK
6
CONTINUOUS
10
12.5175837795275591
20
-3.1455543700787403
11
12.5210656299212602
21
-3.142072716535433
0
LINE
8
BLACK
6
CONTINUOUS
10
12.5210656299212602
20
-3.142072716535433
11
12.5235276377952758
21
-3.1378085433070866
0
LINE
8
BLACK
6
CONTINUOUS
10
12.5235276377952758
20
-3.1378085433070866
11
12.5248020866141729
21
-3.1330524015748029
0
LINE
8
BLACK
6
CONTINUOUS
10
12.5248020866141729
20
-3.1330524015748029
11
12.5248020472440942
21
-3.130590433070866
0
LINE
8
BLACK
6
CONTINUOUS
10
12.5248020472440942
20
-3.130590433070866
11
12.5248020472440942
21
-2.6187794094488188
0
LINE
8
BLACK
6
CONTINUOUS
10
12.5248020472440942
20
-2.6187794094488188
11
12.5248032677165355
21
-2.6187732677165352
0
LINE
8
BLACK
6
CONTINUOUS
10
12.5248032677165355
20
-2.6187732677165352
11
12.5248032677165355
21
-2.6163173228346457
0
LINE
8
BLACK
6
CONTINUOUS
10
12.5248032677165355
20
-2.6163173228346457
11
12.5235287007874021
21
-2.6115609055118107
0
LINE
8
BLACK
6
CONTINUOUS
10
12.5235287007874021
20
-2.6115609055118107
11
12.5210664960629927
21
-2.6072964960629919
0
LINE
8
BLACK
6
CONTINUOUS
10
12.5210664960629927
20
-2.6072964960629919
11
12.5175844488188979
21
-2.60381468503937
0
LINE
8
BLACK
6
CONTINUOUS
10
12.5175844488188979
20
-2.60381468503937
11
12.513319881889764
21
-2.6013527165354331
0
LINE
8
BLACK
6
CONTINUOUS
10
12.513319881889764
20
-2.6013527165354331
11
12.5085634251968507
21
-2.600078503937008
0
LINE
8
BLACK
6
CONTINUOUS
10
12.5085634251968507
20
-2.600078503937008
11
12.5061012992125988
21
-2.6000786220472438
0
LINE
8
BLACK
6
CONTINUOUS
10
12.5061012992125988
20
-2.6000786220472438
11
12.5061012598425201
21
-2.6000785826771651
0
LINE
8
BLACK
6
CONTINUOUS
10
12.5061012598425201
20
-2.6000785826771651
11
12.5061012598425201
21
-2.6000786220472438
0
LINE
8
BLACK
6
CONTINUOUS
10
12.5061012598425201
20
-2.6000786220472438
11
11.9942902755905507
21
-2.6000786220472438
0
LINE
8
BLACK
6
CONTINUOUS
10
11.9942902755905507
20
-2.6000786220472438
11
11.994290236220472
21
-2.6000786220472438
0
LINE
8
BLACK
6
CONTINUOUS
10
11.994290236220472
20
-2.6000786220472438
11
11.9942852755905509
21
-2.6000776377952755
0
LINE
8
BLACK
6
CONTINUOUS
10
11.9942852755905509
20
-2.6000776377952755
11
11.9918282283464563
21
-2.6000777559055117
0
LINE
8
BLACK
6
CONTINUOUS
10
12.7443295275590547
20
-2.598110118110236
11
12.7443295669291334
21
-2.598110118110236
0
LINE
8
BLACK
6
CONTINUOUS
10
12.7443295669291334
20
-2.598110118110236
11
13.2561405905511815
21
-2.598110118110236
0
LINE
8
BLACK
6
CONTINUOUS
10
13.2561405905511815
20
-2.598110118110236
11
13.2561406299212603
21
-2.598110118110236
0
LINE
8
BLACK
6
CONTINUOUS
10
13.2561406299212603
20
-2.598110118110236
11
13.2607400787401577
21
-2.5986281102362203
0
LINE
8
BLACK
6
CONTINUOUS
10
13.2607400787401577
20
-2.5986281102362203
11
13.2651090551181099
21
-2.6001566535433072
0
LINE
8
BLACK
6
CONTINUOUS
10
13.2651090551181099
20
-2.6001566535433072
11
13.2690283070866144
21
-2.6026190551181103
0
LINE
8
BLACK
6
CONTINUOUS
10
13.2690283070866144
20
-2.6026190551181103
11
13.2723013779527559
21
-2.6058918897637793
0
LINE
8
BLACK
6
CONTINUOUS
10
13.2723013779527559
20
-2.6058918897637793
11
13.2747640551181103
21
-2.6098110236220471
0
LINE
8
BLACK
6
CONTINUOUS
10
13.2747640551181103
20
-2.6098110236220471
11
13.2762928740157484
21
-2.6141798818897639
0
LINE
8
BLACK
6
CONTINUOUS
10
13.2762928740157484
20
-2.6141798818897639
11
13.2768111417322832
21
-2.6187794094488188
0
LINE
8
BLACK
6
CONTINUOUS
10
13.2768111417322832
20
-2.6187794094488188
11
13.2768098818897631
21
-2.6187794094488188
0
LINE
8
BLACK
6
CONTINUOUS
10
13.2768098818897631
20
-2.6187794094488188
11
13.2768098818897631
21
-3.130590433070866
0
LINE
8
BLACK
6
CONTINUOUS
10
13.2768098818897631
20
-3.130590433070866
11
13.2762916929133858
21
-3.1351897244094489
0
LINE
8
BLACK
6
CONTINUOUS
10
13.2762916929133858
20
-3.1351897244094489
11
13.274762992125984
21
-3.1395583464566927
0
LINE
8
BLACK
6
CONTINUOUS
10
13.274762992125984
20
-3.1395583464566927
11
13.2723004724409446
21
-3.1434772834645668
0
LINE
8
BLACK
6
CONTINUOUS
10
13.2723004724409446
20
-3.1434772834645668
11
13.2690276377952756
21
-3.1467499606299212
0
LINE
8
BLACK
6
CONTINUOUS
10
13.2690276377952756
20
-3.1467499606299212
11
13.2651085826771649
21
-3.1492122834645668
0
LINE
8
BLACK
6
CONTINUOUS
10
13.2651085826771649
20
-3.1492122834645668
11
13.2607398425196852
21
-3.1507407480314962
0
LINE
8
BLACK
6
CONTINUOUS
10
13.2607398425196852
20
-3.1507407480314962
11
13.2561524803149595
21
-3.1512573228346454
0
LINE
8
BLACK
6
CONTINUOUS
10
13.2561524803149595
20
-3.1512573228346454
11
13.2561405905511815
21
-3.1512597244094489
0
LINE
8
BLACK
6
CONTINUOUS
10
13.2561405905511815
20
-3.1512597244094489
11
13.2561405511811028
21
-3.1512597244094489
0
LINE
8
BLACK
6
CONTINUOUS
10
13.2561405511811028
20
-3.1512597244094489
11
12.7443295669291334
21
-3.1512597244094489
0
LINE
8
BLACK
6
CONTINUOUS
10
12.7443295669291334
20
-3.1512597244094489
11
12.7439529133858258
21
-3.1511848031496061
0
LINE
8
BLACK
6
CONTINUOUS
10
12.7439529133858258
20
-3.1511848031496061
11
12.7439261023622041
21
-3.151157992125984
0
LINE
8
BLACK
6
CONTINUOUS
10
12.7439261023622041
20
-3.151157992125984
11
12.7398390944881879
21
-3.1506970866141732
0
LINE
8
BLACK
6
CONTINUOUS
10
12.7398390944881879
20
-3.1506970866141732
11
12.7354706299212594
21
-3.1491681496062993
0
LINE
8
BLACK
6
CONTINUOUS
10
12.7354706299212594
20
-3.1491681496062993
11
12.7315517716535425
21
-3.1467056299212599
0
LINE
8
BLACK
6
CONTINUOUS
10
12.7315517716535425
20
-3.1467056299212599
11
12.728279015748031
21
-3.1434329921259843
0
LINE
8
BLACK
6
CONTINUOUS
10
12.728279015748031
20
-3.1434329921259843
11
12.7258163779527553
21
-3.1395142125984252
0
LINE
8
BLACK
6
CONTINUOUS
10
12.7258163779527553
20
-3.1395142125984252
11
12.7242873228346447
21
-3.1351457874015747
0
LINE
8
BLACK
6
CONTINUOUS
10
12.7242873228346447
20
-3.1351457874015747
11
12.7238261417322835
21
-3.131058031496063
0
LINE
8
BLACK
6
CONTINUOUS
10
12.7238261417322835
20
-3.131058031496063
11
12.7237351968503933
21
-3.1309670866141732
0
LINE
8
BLACK
6
CONTINUOUS
10
12.7237351968503933
20
-3.1309670866141732
11
12.7236602755905501
21
-3.130590433070866
0
LINE
8
BLACK
6
CONTINUOUS
10
12.7236602755905501
20
-3.130590433070866
11
12.7236602755905501
21
-2.6187794094488188
0
LINE
8
BLACK
6
CONTINUOUS
10
12.7236602755905501
20
-2.6187794094488188
11
12.7241785039370079
21
-2.6141799999999997
0
LINE
8
BLACK
6
CONTINUOUS
10
12.7241785039370079
20
-2.6141799999999997
11
12.725707165354331
21
-2.6098111811023621
0
LINE
8
BLACK
6
CONTINUOUS
10
12.725707165354331
20
-2.6098111811023621
11
12.7281696456692917
21
-2.605892086614173
0
LINE
8
BLACK
6
CONTINUOUS
10
12.7281696456692917
20
-2.605892086614173
11
12.7314424015748031
21
-2.6026191338582678
0
LINE
8
BLACK
6
CONTINUOUS
10
12.7314424015748031
20
-2.6026191338582678
11
12.7353614173228351
21
-2.6001564566929134
0
LINE
8
BLACK
6
CONTINUOUS
10
12.7353614173228351
20
-2.6001564566929134
11
12.739730118110236
21
-2.5986275590551182
0
LINE
8
BLACK
6
CONTINUOUS
10
12.739730118110236
20
-2.5986275590551182
11
12.7443295275590547
21
-2.5981090944881888
0
LINE
8
BLACK
6
CONTINUOUS
10
12.7443295275590547
20
-2.5981090944881888
11
12.7443295275590547
21
-2.598110118110236
0
LINE
8
BLACK
6
CONTINUOUS
10
12.7418675590551178
20
-2.600077716535433
11
12.7371112992125983
21
-2.6013524015748031
0
LINE
8
BLACK
6
CONTINUOUS
10
12.7371112992125983
20
-2.6013524015748031
11
12.7328469685039369
21
-2.6038146062992125
0
LINE
8
BLACK
6
CONTINUOUS
10
12.7328469685039369
20
-2.6038146062992125
11
12.7293651968503934
21
-2.6072965748031494
0
LINE
8
BLACK
6
CONTINUOUS
10
12.7293651968503934
20
-2.6072965748031494
11
12.7269032283464565
21
-2.611561023622047
0
LINE
8
BLACK
6
CONTINUOUS
10
12.7269032283464565
20
-2.611561023622047
11
12.7256287795275593
21
-2.6163173622047244
0
LINE
8
BLACK
6
CONTINUOUS
10
12.7256287795275593
20
-2.6163173622047244
11
12.7256287795275593
21
-2.6187794094488188
0
LINE
8
BLACK
6
CONTINUOUS
10
12.7256287795275593
20
-2.6187794094488188
11
12.7256287795275593
21
-3.1302115748031496
0
LINE
8
BLACK
6
CONTINUOUS
10
12.7256287795275593
20
-3.1302115748031496
11
12.7257375984251961
21
-3.1305463385826773
0
LINE
8
BLACK
6
CONTINUOUS
10
12.7257375984251961
20
-3.1305463385826773
11
12.7257369685039361
21
-3.1305463385826773
0
LINE
8
BLACK
6
CONTINUOUS
10
12.7257369685039361
20
-3.1305463385826773
11
12.7257373228346449
21
-3.1330083070866142
0
LINE
8
BLACK
6
CONTINUOUS
10
12.7257373228346449
20
-3.1330083070866142
11
12.7270122834645658
21
-3.1377643307086616
0
LINE
8
BLACK
6
CONTINUOUS
10
12.7270122834645658
20
-3.1377643307086616
11
12.729474527559054
21
-3.1420284251968504
0
LINE
8
BLACK
6
CONTINUOUS
10
12.729474527559054
20
-3.1420284251968504
11
12.7329563385826763
21
-3.1455101181102361
0
LINE
8
BLACK
6
CONTINUOUS
10
12.7329563385826763
20
-3.1455101181102361
11
12.7372205118110227
21
-3.1479722047244092
0
LINE
8
BLACK
6
CONTINUOUS
10
12.7372205118110227
20
-3.1479722047244092
11
12.7419765354330714
21
-3.1492470078740156
0
LINE
8
BLACK
6
CONTINUOUS
10
12.7419765354330714
20
-3.1492470078740156
11
12.7444385039370083
21
-3.1492472834645668
0
LINE
8
BLACK
6
CONTINUOUS
10
12.7444385039370083
20
-3.1492472834645668
11
12.7445737007874005
21
-3.149291220472441
0
LINE
8
BLACK
6
CONTINUOUS
10
12.7445737007874005
20
-3.149291220472441
11
13.2561405905511815
21
-3.149291220472441
0
LINE
8
BLACK
6
CONTINUOUS
10
13.2561405905511815
20
-3.149291220472441
11
13.2561406299212603
21
-3.149291220472441
0
LINE
8
BLACK
6
CONTINUOUS
10
13.2561406299212603
20
-3.149291220472441
11
13.2561406299212603
21
-3.1492901968503935
0
LINE
8
BLACK
6
CONTINUOUS
10
13.2561406299212603
20
-3.1492901968503935
11
13.2586025984251972
21
-3.1492903543307085
0
LINE
8
BLACK
6
CONTINUOUS
10
13.2586025984251972
20
-3.1492903543307085
11
13.2633588188976379
21
-3.1480161811023621
0
LINE
8
BLACK
6
CONTINUOUS
10
13.2633588188976379
20
-3.1480161811023621
11
13.2676231102362205
21
-3.1455543700787403
0
LINE
8
BLACK
6
CONTINUOUS
10
13.2676231102362205
20
-3.1455543700787403
11
13.2711049606299216
21
-3.142072716535433
0
LINE
8
BLACK
6
CONTINUOUS
10
13.2711049606299216
20
-3.142072716535433
11
13.2735669685039372
21
-3.1378085433070866
0
LINE
8
BLACK
6
CONTINUOUS
10
13.2735669685039372
20
-3.1378085433070866
11
13.2748414173228344
21
-3.1330524015748029
0
LINE
8
BLACK
6
CONTINUOUS
10
13.2748414173228344
20
-3.1330524015748029
11
13.2748413779527556
21
-3.130590433070866
0
LINE
8
BLACK
6
CONTINUOUS
10
13.2748413779527556
20
-3.130590433070866
11
13.2748413779527556
21
-2.6187794094488188
0
LINE
8
BLACK
6
CONTINUOUS
10
13.2748413779527556
20
-2.6187794094488188
11
13.2748426377952757
21
-2.6187730708661419
0
LINE
8
BLACK
6
CONTINUOUS
10
13.2748426377952757
20
-2.6187730708661419
11
13.2748426377952757
21
-2.6163173228346457
0
LINE
8
BLACK
6
CONTINUOUS
10
13.2748426377952757
20
-2.6163173228346457
11
13.2735680708661405
21
-2.6115609055118107
0
LINE
8
BLACK
6
CONTINUOUS
10
13.2735680708661405
20
-2.6115609055118107
11
13.2711058661417312
21
-2.6072964960629919
0
LINE
8
BLACK
6
CONTINUOUS
10
13.2711058661417312
20
-2.6072964960629919
11
13.2676238188976381
21
-2.6038146456692912
0
LINE
8
BLACK
6
CONTINUOUS
10
13.2676238188976381
20
-2.6038146456692912
11
13.2633592125984254
21
-2.6013527165354331
0
LINE
8
BLACK
6
CONTINUOUS
10
13.2633592125984254
20
-2.6013527165354331
11
13.2586027559055122
21
-2.6000784645669293
0
LINE
8
BLACK
6
CONTINUOUS
10
13.2586027559055122
20
-2.6000784645669293
11
13.2561406299212603
21
-2.6000786220472438
0
LINE
8
BLACK
6
CONTINUOUS
10
13.2561406299212603
20
-2.6000786220472438
11
13.2561405905511815
21
-2.6000785826771651
0
LINE
8
BLACK
6
CONTINUOUS
10
13.2561405905511815
20
-2.6000785826771651
11
13.2561405905511815
21
-2.6000786220472438
0
LINE
8
BLACK
6
CONTINUOUS
10
13.2561405905511815
20
-2.6000786220472438
11
12.7443296062992122
21
-2.6000786220472438
0
LINE
8
BLACK
6
CONTINUOUS
10
12.7443296062992122
20
-2.6000786220472438
11
12.7443295669291334
21
-2.6000786220472438
0
LINE
8
BLACK
6
CONTINUOUS
10
12.7443295669291334
20
-2.6000786220472438
11
12.7443244094488186
21
-2.6000775984251967
0
LINE
8
BLACK
6
CONTINUOUS
10
12.7443244094488186
20
-2.6000775984251967
11
12.7418675590551178
21
-2.600077716535433
0
LINE
8
BLACK
6
CONTINUOUS
10
8.9942509448818893
20
-2.5044092913385825
11
8.994250984251968
21
-2.5044092913385825
0
LINE
8
BLACK
6
CONTINUOUS
10
8.994250984251968
20
-2.5044092913385825
11
9.5060620078740161
21
-2.5044092913385825
0
LINE
8
BLACK
6
CONTINUOUS
10
9.5060620078740161
20
-2.5044092913385825
11
9.5060620472440949
21
-2.5044092913385825
0
LINE
8
BLACK
6
CONTINUOUS
10
9.5060620472440949
20
-2.5044092913385825
11
9.5106614960629923
21
-2.5049273228346456
0
LINE
8
BLACK
6
CONTINUOUS
10
9.5106614960629923
20
-2.5049273228346456
11
9.5150304330708657
21
-2.5064558661417324
0
LINE
8
BLACK
6
CONTINUOUS
10
9.5150304330708657
20
-2.5064558661417324
11
9.5189496850393702
21
-2.5089183070866139
0
LINE
8
BLACK
6
CONTINUOUS
10
9.5189496850393702
20
-2.5089183070866139
11
9.5222226771653542
21
-2.5121911417322833
0
LINE
8
BLACK
6
CONTINUOUS
10
9.5222226771653542
20
-2.5121911417322833
11
9.5246853543307086
21
-2.5161102362204724
0
LINE
8
BLACK
6
CONTINUOUS
10
9.5246853543307086
20
-2.5161102362204724
11
9.526214133858268
21
-2.52047905511811
0
LINE
8
BLACK
6
CONTINUOUS
10
9.526214133858268
20
-2.52047905511811
11
9.5267324409448815
21
-2.5250785826771653
0
LINE
8
BLACK
6
CONTINUOUS
10
9.5267324409448815
20
-2.5250785826771653
11
9.5267312992125976
21
-2.5250785826771653
0
LINE
8
BLACK
6
CONTINUOUS
10
9.5267312992125976
20
-2.5250785826771653
11
9.5267312992125976
21
-3.0368896062992126
0
LINE
8
BLACK
6
CONTINUOUS
10
9.5267312992125976
20
-3.0368896062992126
11
9.5262131102362204
21
-3.0414888976377954
0
LINE
8
BLACK
6
CONTINUOUS
10
9.5262131102362204
20
-3.0414888976377954
11
9.5246844094488186
21
-3.045857559055118
0
LINE
8
BLACK
6
CONTINUOUS
10
9.5246844094488186
20
-3.045857559055118
11
9.5222218897637791
21
-3.0497764960629921
0
LINE
8
BLACK
6
CONTINUOUS
10
9.5222218897637791
20
-3.0497764960629921
11
9.5189490551181102
21
-3.0530492125984252
0
LINE
8
BLACK
6
CONTINUOUS
10
9.5189490551181102
20
-3.0530492125984252
11
9.5150299999999994
21
-3.0555115748031496
0
LINE
8
BLACK
6
CONTINUOUS
10
9.5150299999999994
20
-3.0555115748031496
11
9.5106612992125985
21
-3.0570400787401573
0
LINE
8
BLACK
6
CONTINUOUS
10
9.5106612992125985
20
-3.0570400787401573
11
9.5060716141732282
21
-3.057556968503937
0
LINE
8
BLACK
6
CONTINUOUS
10
9.5060716141732282
20
-3.057556968503937
11
9.5060620078740161
21
-3.0575588976377954
0
LINE
8
BLACK
6
CONTINUOUS
10
9.5060620078740161
20
-3.0575588976377954
11
9.5060619685039374
21
-3.0575588976377954
0
LINE
8
BLACK
6
CONTINUOUS
10
9.5060619685039374
20
-3.0575588976377954
11
8.994250984251968
21
-3.0575588976377954
0
LINE
8
BLACK
6
CONTINUOUS
10
8.994250984251968
20
-3.0575588976377954
11
8.9938743307086604
21
-3.0574839763779527
0
LINE
8
BLACK
6
CONTINUOUS
10
8.9938743307086604
20
-3.0574839763779527
11
8.9938475590551175
21
-3.0574572047244093
0
LINE
8
BLACK
6
CONTINUOUS
10
8.9938475590551175
20
-3.0574572047244093
11
8.9897605118110242
21
-3.0569962992125985
0
LINE
8
BLACK
6
CONTINUOUS
10
8.9897605118110242
20
-3.0569962992125985
11
8.9853920078740153
21
-3.0554673622047241
0
LINE
8
BLACK
6
CONTINUOUS
10
8.9853920078740153
20
-3.0554673622047241
11
8.9814731496062983
21
-3.0530048818897635
0
LINE
8
BLACK
6
CONTINUOUS
10
8.9814731496062983
20
-3.0530048818897635
11
8.9782003543307081
21
-3.0497322047244095
0
LINE
8
BLACK
6
CONTINUOUS
10
8.9782003543307081
20
-3.0497322047244095
11
8.9757376771653536
21
-3.0458134251968505
0
LINE
8
BLACK
6
CONTINUOUS
10
8.9757376771653536
20
-3.0458134251968505
11
8.974208622047243
21
-3.041445
0
LINE
8
BLACK
6
CONTINUOUS
10
8.974208622047243
20
-3.041445
11
8.9737474409448819
21
-3.0373570866141733
0
LINE
8
BLACK
6
CONTINUOUS
10
8.9737474409448819
20
-3.0373570866141733
11
8.9736566141732279
21
-3.0372662598425197
0
LINE
8
BLACK
6
CONTINUOUS
10
8.9736566141732279
20
-3.0372662598425197
11
8.9735816929133865
21
-3.0368896062992126
0
LINE
8
BLACK
6
CONTINUOUS
10
8.9735816929133865
20
-3.0368896062992126
11
8.9735816929133865
21
-2.5250785826771653
0
LINE
8
BLACK
6
CONTINUOUS
10
8.9735816929133865
20
-2.5250785826771653
11
8.9740999212598425
21
-2.5204791732283462
0
LINE
8
BLACK
6
CONTINUOUS
10
8.9740999212598425
20
-2.5204791732283462
11
8.9756286220472443
21
-2.5161103937007874
0
LINE
8
BLACK
6
CONTINUOUS
10
8.9756286220472443
20
-2.5161103937007874
11
8.9780910629921262
21
-2.5121912992125983
0
LINE
8
BLACK
6
CONTINUOUS
10
8.9780910629921262
20
-2.5121912992125983
11
8.9813638582677164
21
-2.5089183858267714
0
LINE
8
BLACK
6
CONTINUOUS
10
8.9813638582677164
20
-2.5089183858267714
11
8.9852828346456697
21
-2.5064557480314962
0
LINE
8
BLACK
6
CONTINUOUS
10
8.9852828346456697
20
-2.5064557480314962
11
8.9896515748031494
21
-2.5049268897637793
0
LINE
8
BLACK
6
CONTINUOUS
10
8.9896515748031494
20
-2.5049268897637793
11
8.9942509448818893
21
-2.5044084645669291
0
LINE
8
BLACK
6
CONTINUOUS
10
8.9942509448818893
20
-2.5044084645669291
11
8.9942509448818893
21
-2.5044092913385825
0
LINE
8
BLACK
6
CONTINUOUS
10
8.9917889763779524
20
-2.5063770866141732
11
8.9870327165354329
21
-2.5076517322834646
0
LINE
8
BLACK
6
CONTINUOUS
10
8.9870327165354329
20
-2.5076517322834646
11
8.9827684251968503
21
-2.5101138976377952
0
LINE
8
BLACK
6
CONTINUOUS
10
8.9827684251968503
20
-2.5101138976377952
11
8.9792866535433067
21
-2.5135958267716534
0
LINE
8
BLACK
6
CONTINUOUS
10
8.9792866535433067
20
-2.5135958267716534
11
8.9768246456692911
21
-2.5178602362204723
0
LINE
8
BLACK
6
CONTINUOUS
10
8.9768246456692911
20
-2.5178602362204723
11
8.9755501968503939
21
-2.522616535433071
0
LINE
8
BLACK
6
CONTINUOUS
10
8.9755501968503939
20
-2.522616535433071
11
8.9755501968503939
21
-2.5250785826771653
0
LINE
8
BLACK
6
CONTINUOUS
10
8.9755501968503939
20
-2.5250785826771653
11
8.9755501968503939
21
-3.0365107480314961
0
LINE
8
BLACK
6
CONTINUOUS
10
8.9755501968503939
20
-3.0365107480314961
11
8.9756590157480307
21
-3.0368455118110234
0
LINE
8
BLACK
6
CONTINUOUS
10
8.9756590157480307
20
-3.0368455118110234
11
8.9756582677165344
21
-3.0368455118110234
0
LINE
8
BLACK
6
CONTINUOUS
10
8.9756582677165344
20
-3.0368455118110234
11
8.9756586220472432
21
-3.0393074803149607
0
LINE
8
BLACK
6
CONTINUOUS
10
8.9756586220472432
20
-3.0393074803149607
11
8.9769335826771659
21
-3.0440635039370076
0
LINE
8
BLACK
6
CONTINUOUS
10
8.9769335826771659
20
-3.0440635039370076
11
8.979395826771654
21
-3.0483276377952757
0
LINE
8
BLACK
6
CONTINUOUS
10
8.979395826771654
20
-3.0483276377952757
11
8.9828776771653533
21
-3.0518093307086613
0
LINE
8
BLACK
6
CONTINUOUS
10
8.9828776771653533
20
-3.0518093307086613
11
8.9871418503936997
21
-3.0542714173228345
0
LINE
8
BLACK
6
CONTINUOUS
10
8.9871418503936997
20
-3.0542714173228345
11
8.991897952755906
21
-3.0555461811023621
0
LINE
8
BLACK
6
CONTINUOUS
10
8.991897952755906
20
-3.0555461811023621
11
8.9943599212598428
21
-3.0555464566929134
0
LINE
8
BLACK
6
CONTINUOUS
10
8.9943599212598428
20
-3.0555464566929134
11
8.9944951181102368
21
-3.0555903937007871
0
LINE
8
BLACK
6
CONTINUOUS
10
8.9944951181102368
20
-3.0555903937007871
11
9.5060620078740161
21
-3.0555903937007871
0
LINE
8
BLACK
6
CONTINUOUS
10
9.5060620078740161
20
-3.0555903937007871
11
9.5060620472440949
21
-3.0555903937007871
0
LINE
8
BLACK
6
CONTINUOUS
10
9.5060620472440949
20
-3.0555903937007871
11
9.5060620472440949
21
-3.0555895669291337
0
LINE
8
BLACK
6
CONTINUOUS
10
9.5060620472440949
20
-3.0555895669291337
11
9.5085240157480317
21
-3.05558968503937
0
LINE
8
BLACK
6
CONTINUOUS
10
9.5085240157480317
20
-3.05558968503937
11
9.5132802362204725
21
-3.0543154724409449
0
LINE
8
BLACK
6
CONTINUOUS
10
9.5132802362204725
20
-3.0543154724409449
11
9.5175445669291339
21
-3.0518536220472439
0
LINE
8
BLACK
6
CONTINUOUS
10
9.5175445669291339
20
-3.0518536220472439
11
9.5210263779527562
21
-3.048371968503937
0
LINE
8
BLACK
6
CONTINUOUS
10
9.5210263779527562
20
-3.048371968503937
11
9.5234883858267718
21
-3.0441077559055119
0
LINE
8
BLACK
6
CONTINUOUS
10
9.5234883858267718
20
-3.0441077559055119
11
9.524762834645669
21
-3.0393515748031494
0
LINE
8
BLACK
6
CONTINUOUS
10
9.524762834645669
20
-3.0393515748031494
11
9.5247627952755902
21
-3.0368896062992126
0
LINE
8
BLACK
6
CONTINUOUS
10
9.5247627952755902
20
-3.0368896062992126
11
9.5247627952755902
21
-2.5250785826771653
0
LINE
8
BLACK
6
CONTINUOUS
10
9.5247627952755902
20
-2.5250785826771653
11
9.5247638976377953
21
-2.5250728346456692
0
LINE
8
BLACK
6
CONTINUOUS
10
9.5247638976377953
20
-2.5250728346456692
11
9.5247638976377953
21
-2.5226164960629922
0
LINE
8
BLACK
6
CONTINUOUS
10
9.5247638976377953
20
-2.5226164960629922
11
9.5234893700787406
21
-2.517860118110236
0
LINE
8
BLACK
6
CONTINUOUS
10
9.5234893700787406
20
-2.517860118110236
11
9.52102720472441
21
-2.5135957086614171
0
LINE
8
BLACK
6
CONTINUOUS
10
9.52102720472441
20
-2.5135957086614171
11
9.5175451574803152
21
-2.5101138976377952
0
LINE
8
BLACK
6
CONTINUOUS
10
9.5175451574803152
20
-2.5101138976377952
11
9.5132805905511812
21
-2.5076519291338584
0
LINE
8
BLACK
6
CONTINUOUS
10
9.5132805905511812
20
-2.5076519291338584
11
9.508524133858268
21
-2.5063776771653541
0
LINE
8
BLACK
6
CONTINUOUS
10
9.508524133858268
20
-2.5063776771653541
11
9.5060620472440949
21
-2.5063777952755903
0
LINE
8
BLACK
6
CONTINUOUS
10
9.5060620472440949
20
-2.5063777952755903
11
9.5060620078740161
21
-2.5063777559055116
0
LINE
8
BLACK
6
CONTINUOUS
10
9.5060620078740161
20
-2.5063777559055116
11
9.5060620078740161
21
-2.5063777952755903
0
LINE
8
BLACK
6
CONTINUOUS
10
9.5060620078740161
20
-2.5063777952755903
11
8.9942510236220468
21
-2.5063777952755903
0
LINE
8
BLACK
6
CONTINUOUS
10
8.9942510236220468
20
-2.5063777952755903
11
8.994250984251968
21
-2.5063777952755903
0
LINE
8
BLACK
6
CONTINUOUS
10
8.994250984251968
20
-2.5063777952755903
11
8.994246811023622
21
-2.506376968503937
0
LINE
8
BLACK
6
CONTINUOUS
10
8.994246811023622
20
-2.506376968503937
11
8.9917889763779524
21
-2.5063770866141732
0
LINE
8
BLACK
6
CONTINUOUS
10
11.2442902755905507
20
-2.4108266929133859
11
11.2442903149606295
21
-2.4108266929133859
0
LINE
8
BLACK
6
CONTINUOUS
10
11.2442903149606295
20
-2.4108266929133859
11
11.7561013385826776
21
-2.4108266929133859
0
LINE
8
BLACK
6
CONTINUOUS
10
11.7561013385826776
20
-2.4108266929133859
11
11.7561013779527563
21
-2.4108266929133859
0
LINE
8
BLACK
6
CONTINUOUS
10
11.7561013779527563
20
-2.4108266929133859
11
11.7607008267716537
21
-2.4113447244094486
0
LINE
8
BLACK
6
CONTINUOUS
10
11.7607008267716537
20
-2.4113447244094486
11
11.7650697637795272
21
-2.4128732677165354
0
LINE
8
BLACK
6
CONTINUOUS
10
11.7650697637795272
20
-2.4128732677165354
11
11.7689889763779529
21
-2.4153357086614173
0
LINE
8
BLACK
6
CONTINUOUS
10
11.7689889763779529
20
-2.4153357086614173
11
11.7722620078740157
21
-2.4186085433070867
0
LINE
8
BLACK
6
CONTINUOUS
10
11.7722620078740157
20
-2.4186085433070867
11
11.7747246456692913
21
-2.4225276377952754
0
LINE
8
BLACK
6
CONTINUOUS
10
11.7747246456692913
20
-2.4225276377952754
11
11.7762534645669295
21
-2.4268964960629922
0
LINE
8
BLACK
6
CONTINUOUS
10
11.7762534645669295
20
-2.4268964960629922
11
11.7767717322834642
21
-2.4314959842519683
0
LINE
8
BLACK
6
CONTINUOUS
10
11.7767717322834642
20
-2.4314959842519683
11
11.7767706299212591
21
-2.4314959842519683
0
LINE
8
BLACK
6
CONTINUOUS
10
11.7767706299212591
20
-2.4314959842519683
11
11.7767706299212591
21
-2.9433070078740156
0
LINE
8
BLACK
6
CONTINUOUS
10
11.7767706299212591
20
-2.9433070078740156
11
11.7762524015748031
21
-2.9479062992125984
0
LINE
8
BLACK
6
CONTINUOUS
10
11.7762524015748031
20
-2.9479062992125984
11
11.7747237007874013
21
-2.9522749212598423
0
LINE
8
BLACK
6
CONTINUOUS
10
11.7747237007874013
20
-2.9522749212598423
11
11.7722612204724406
21
-2.9561938582677163
0
LINE
8
BLACK
6
CONTINUOUS
10
11.7722612204724406
20
-2.9561938582677163
11
11.7689883464566929
21
-2.9594665354330707
0
LINE
8
BLACK
6
CONTINUOUS
10
11.7689883464566929
20
-2.9594665354330707
11
11.7650693307086609
21
-2.9619288582677163
0
LINE
8
BLACK
6
CONTINUOUS
10
11.7650693307086609
20
-2.9619288582677163
11
11.7607005905511812
21
-2.9634573622047244
0
LINE
8
BLACK
6
CONTINUOUS
10
11.7607005905511812
20
-2.9634573622047244
11
11.756112322834646
21
-2.9639740944881887
0
LINE
8
BLACK
6
CONTINUOUS
10
11.756112322834646
20
-2.9639740944881887
11
11.7561013385826776
21
-2.9639762992125984
0
LINE
8
BLACK
6
CONTINUOUS
10
11.7561013385826776
20
-2.9639762992125984
11
11.7561012992125988
21
-2.9639762992125984
0
LINE
8
BLACK
6
CONTINUOUS
10
11.7561012992125988
20
-2.9639762992125984
11
11.2442903149606295
21
-2.9639762992125984
0
LINE
8
BLACK
6
CONTINUOUS
10
11.2442903149606295
20
-2.9639762992125984
11
11.2439136614173218
21
-2.9639013779527557
0
LINE
8
BLACK
6
CONTINUOUS
10
11.2439136614173218
20
-2.9639013779527557
11
11.2438868503937002
21
-2.963874566929134
0
LINE
8
BLACK
6
CONTINUOUS
10
11.2438868503937002
20
-2.963874566929134
11
11.2397998425196857
21
-2.9634136614173228
0
LINE
8
BLACK
6
CONTINUOUS
10
11.2397998425196857
20
-2.9634136614173228
11
11.2354313385826767
21
-2.9618847637795276
0
LINE
8
BLACK
6
CONTINUOUS
10
11.2354313385826767
20
-2.9618847637795276
11
11.231512440944881
21
-2.9594222440944882
0
LINE
8
BLACK
6
CONTINUOUS
10
11.231512440944881
20
-2.9594222440944882
11
11.2282396850393695
21
-2.9561496062992125
0
LINE
8
BLACK
6
CONTINUOUS
10
11.2282396850393695
20
-2.9561496062992125
11
11.2257770078740151
21
-2.9522308267716535
0
LINE
8
BLACK
6
CONTINUOUS
10
11.2257770078740151
20
-2.9522308267716535
11
11.2242479133858257
21
-2.9478624015748029
0
LINE
8
BLACK
6
CONTINUOUS
10
11.2242479133858257
20
-2.9478624015748029
11
11.2237866929133858
21
-2.9437744094488187
0
LINE
8
BLACK
6
CONTINUOUS
10
11.2237866929133858
20
-2.9437744094488187
11
11.2236959448818894
21
-2.9436836614173227
0
LINE
8
BLACK
6
CONTINUOUS
10
11.2236959448818894
20
-2.9436836614173227
11
11.2236210236220462
21
-2.9433070078740156
0
LINE
8
BLACK
6
CONTINUOUS
10
11.2236210236220462
20
-2.9433070078740156
11
11.2236210236220462
21
-2.4314959842519683
0
LINE
8
BLACK
6
CONTINUOUS
10
11.2236210236220462
20
-2.4314959842519683
11
11.2241392519685039
21
-2.4268965748031497
0
LINE
8
BLACK
6
CONTINUOUS
10
11.2241392519685039
20
-2.4268965748031497
11
11.225667913385827
21
-2.4225277559055116
0
LINE
8
BLACK
6
CONTINUOUS
10
11.225667913385827
20
-2.4225277559055116
11
11.2281303937007877
21
-2.4186086614173226
0
LINE
8
BLACK
6
CONTINUOUS
10
11.2281303937007877
20
-2.4186086614173226
11
11.2314031496062992
21
-2.4153357086614173
0
LINE
8
BLACK
6
CONTINUOUS
10
11.2314031496062992
20
-2.4153357086614173
11
11.2353221653543311
21
-2.4128730708661417
0
LINE
8
BLACK
6
CONTINUOUS
10
11.2353221653543311
20
-2.4128730708661417
11
11.2396908661417321
21
-2.4113442125984252
0
LINE
8
BLACK
6
CONTINUOUS
10
11.2396908661417321
20
-2.4113442125984252
11
11.2442902755905507
21
-2.4108257480314959
0
LINE
8
BLACK
6
CONTINUOUS
10
11.2442902755905507
20
-2.4108257480314959
11
11.2442902755905507
21
-2.4108266929133859
0
LINE
8
BLACK
6
CONTINUOUS
10
11.2418283070866138
20
-2.41279437007874
11
11.2370720472440944
21
-2.4140690157480313
0
LINE
8
BLACK
6
CONTINUOUS
10
11.2370720472440944
20
-2.4140690157480313
11
11.232807716535433
21
-2.4165312204724407
0
LINE
8
BLACK
6
CONTINUOUS
10
11.232807716535433
20
-2.4165312204724407
11
11.2293259448818894
21
-2.4200131889763781
0
LINE
8
BLACK
6
CONTINUOUS
10
11.2293259448818894
20
-2.4200131889763781
11
11.2268639370078738
21
-2.424277598425197
0
LINE
8
BLACK
6
CONTINUOUS
10
11.2268639370078738
20
-2.424277598425197
11
11.2255895275590554
21
-2.429033937007874
0
LINE
8
BLACK
6
CONTINUOUS
10
11.2255895275590554
20
-2.429033937007874
11
11.2255895275590554
21
-2.4314959842519683
0
LINE
8
BLACK
6
CONTINUOUS
10
11.2255895275590554
20
-2.4314959842519683
11
11.2255895275590554
21
-2.9429281496062991
0
LINE
8
BLACK
6
CONTINUOUS
10
11.2255895275590554
20
-2.9429281496062991
11
11.2256983464566922
21
-2.9432629133858268
0
LINE
8
BLACK
6
CONTINUOUS
10
11.2256983464566922
20
-2.9432629133858268
11
11.2256975590551171
21
-2.9432629133858268
0
LINE
8
BLACK
6
CONTINUOUS
10
11.2256975590551171
20
-2.9432629133858268
11
11.2256979133858259
21
-2.9457248818897637
0
LINE
8
BLACK
6
CONTINUOUS
10
11.2256979133858259
20
-2.9457248818897637
11
11.2269728740157486
21
-2.9504809055118111
0
LINE
8
BLACK
6
CONTINUOUS
10
11.2269728740157486
20
-2.9504809055118111
11
11.2294351574803155
21
-2.9547450393700787
0
LINE
8
BLACK
6
CONTINUOUS
10
11.2294351574803155
20
-2.9547450393700787
11
11.2329170078740148
21
-2.9582267322834643
0
LINE
8
BLACK
6
CONTINUOUS
10
11.2329170078740148
20
-2.9582267322834643
11
11.2371811811023612
21
-2.9606888188976379
0
LINE
8
BLACK
6
CONTINUOUS
10
11.2371811811023612
20
-2.9606888188976379
11
11.2419372834645674
21
-2.9619635826771651
0
LINE
8
BLACK
6
CONTINUOUS
10
11.2419372834645674
20
-2.9619635826771651
11
11.2443992519685043
21
-2.9619638582677164
0
LINE
8
BLACK
6
CONTINUOUS
10
11.2443992519685043
20
-2.9619638582677164
11
11.2445344488188965
21
-2.9620077952755905
0
LINE
8
BLACK
6
CONTINUOUS
10
11.2445344488188965
20
-2.9620077952755905
11
11.7561013385826776
21
-2.9620077952755905
0
LINE
8
BLACK
6
CONTINUOUS
10
11.7561013385826776
20
-2.9620077952755905
11
11.7561013779527563
21
-2.9620077952755905
0
LINE
8
BLACK
6
CONTINUOUS
10
11.7561013779527563
20
-2.9620077952755905
11
11.7561013779527563
21
-2.9620068503937009
0
LINE
8
BLACK
6
CONTINUOUS
10
11.7561013779527563
20
-2.9620068503937009
11
11.7585633464566932
21
-2.9620069685039367
0
LINE
8
BLACK
6
CONTINUOUS
10
11.7585633464566932
20
-2.9620069685039367
11
11.7633195275590552
21
-2.9607327952755904
0
LINE
8
BLACK
6
CONTINUOUS
10
11.7633195275590552
20
-2.9607327952755904
11
11.7675838582677166
21
-2.9582709842519685
0
LINE
8
BLACK
6
CONTINUOUS
10
11.7675838582677166
20
-2.9582709842519685
11
11.7710657086614177
21
-2.9547893307086612
0
LINE
8
BLACK
6
CONTINUOUS
10
11.7710657086614177
20
-2.9547893307086612
11
11.7735277165354333
21
-2.9505251181102361
0
LINE
8
BLACK
6
CONTINUOUS
10
11.7735277165354333
20
-2.9505251181102361
11
11.7748021259842517
21
-2.9457689763779529
0
LINE
8
BLACK
6
CONTINUOUS
10
11.7748021259842517
20
-2.9457689763779529
11
11.7748021259842517
21
-2.9433070078740156
0
LINE
8
BLACK
6
CONTINUOUS
10
11.7748021259842517
20
-2.9433070078740156
11
11.7748021259842517
21
-2.4314959842519683
0
LINE
8
BLACK
6
CONTINUOUS
10
11.7748021259842517
20
-2.4314959842519683
11
11.7748032283464568
21
-2.431490433070866
0
LINE
8
BLACK
6
CONTINUOUS
10
11.7748032283464568
20
-2.431490433070866
11
11.7748032283464568
21
-2.4290338976377952
0
LINE
8
BLACK
6
CONTINUOUS
10
11.7748032283464568
20
-2.4290338976377952
11
11.7735287007874021
21
-2.4242775196850395
0
LINE
8
BLACK
6
CONTINUOUS
10
11.7735287007874021
20
-2.4242775196850395
11
11.7710664960629927
21
-2.4200131102362206
0
LINE
8
BLACK
6
CONTINUOUS
10
11.7710664960629927
20
-2.4200131102362206
11
11.7675844881889766
21
-2.4165312598425195
0
LINE
8
BLACK
6
CONTINUOUS
10
11.7675844881889766
20
-2.4165312598425195
11
11.7633199212598427
21
-2.4140693307086614
0
LINE
8
BLACK
6
CONTINUOUS
10
11.7633199212598427
20
-2.4140693307086614
11
11.7585634645669295
21
-2.4127950787401575
0
LINE
8
BLACK
6
CONTINUOUS
10
11.7585634645669295
20
-2.4127950787401575
11
11.7561013779527563
21
-2.4127951968503938
0
LINE
8
BLACK
6
CONTINUOUS
10
11.7561013779527563
20
-2.4127951968503938
11
11.7561013385826776
21
-2.412795157480315
0
LINE
8
BLACK
6
CONTINUOUS
10
11.7561013385826776
20
-2.412795157480315
11
11.7561013385826776
21
-2.4127951968503938
0
LINE
8
BLACK
6
CONTINUOUS
10
11.7561013385826776
20
-2.4127951968503938
11
11.2442903543307082
21
-2.4127951968503938
0
LINE
8
BLACK
6
CONTINUOUS
10
11.2442903543307082
20
-2.4127951968503938
11
11.2442903149606295
21
-2.4127951968503938
0
LINE
8
BLACK
6
CONTINUOUS
10
11.2442903149606295
20
-2.4127951968503938
11
11.2442855511811022
21
-2.4127942519685037
0
LINE
8
BLACK
6
CONTINUOUS
10
11.2442855511811022
20
-2.4127942519685037
11
11.2418283070866138
21
-2.41279437007874
0
LINE
8
BLACK
6
CONTINUOUS
10
9.7442510629921255
20
-2.4106691338582675
11
9.7442511023622043
21
-2.4106691338582675
0
LINE
8
BLACK
6
CONTINUOUS
10
9.7442511023622043
20
-2.4106691338582675
11
10.2560621259842524
21
-2.4106691338582675
0
LINE
8
BLACK
6
CONTINUOUS
10
10.2560621259842524
20
-2.4106691338582675
11
10.2560621653543311
21
-2.4106691338582675
0
LINE
8
BLACK
6
CONTINUOUS
10
10.2560621653543311
20
-2.4106691338582675
11
10.2606615748031498
21
-2.4111871653543306
0
LINE
8
BLACK
6
CONTINUOUS
10
10.2606615748031498
20
-2.4111871653543306
11
10.2650305118110232
21
-2.4127157480314958
0
LINE
8
BLACK
6
CONTINUOUS
10
10.2650305118110232
20
-2.4127157480314958
11
10.268949724409449
21
-2.4151781889763777
0
LINE
8
BLACK
6
CONTINUOUS
10
10.268949724409449
20
-2.4151781889763777
11
10.272222716535433
21
-2.4184510236220471
0
LINE
8
BLACK
6
CONTINUOUS
10
10.272222716535433
20
-2.4184510236220471
11
10.2746853543307086
21
-2.4223701181102362
0
LINE
8
BLACK
6
CONTINUOUS
10
10.2746853543307086
20
-2.4223701181102362
11
10.2762141732283467
21
-2.4267389370078738
0
LINE
8
BLACK
6
CONTINUOUS
10
10.2762141732283467
20
-2.4267389370078738
11
10.2767324409448815
21
-2.4313384251968504
0
LINE
8
BLACK
6
CONTINUOUS
10
10.2767324409448815
20
-2.4313384251968504
11
10.2767314173228339
21
-2.4313384251968504
0
LINE
8
BLACK
6
CONTINUOUS
10
10.2767314173228339
20
-2.4313384251968504
11
10.2767314173228339
21
-2.9431494488188976
0
LINE
8
BLACK
6
CONTINUOUS
10
10.2767314173228339
20
-2.9431494488188976
11
10.2762132283464567
21
-2.9477487401574805
0
LINE
8
BLACK
6
CONTINUOUS
10
10.2762132283464567
20
-2.9477487401574805
11
10.2746845275590548
21
-2.9521174409448818
0
LINE
8
BLACK
6
CONTINUOUS
10
10.2746845275590548
20
-2.9521174409448818
11
10.2722220472440942
21
-2.9560363779527559
0
LINE
8
BLACK
6
CONTINUOUS
10
10.2722220472440942
20
-2.9560363779527559
11
10.2689492125984252
21
-2.959309094488189
0
LINE
8
BLACK
6
CONTINUOUS
10
10.2689492125984252
20
-2.959309094488189
11
10.2650301574803144
21
-2.9617714566929134
0
LINE
8
BLACK
6
CONTINUOUS
10
10.2650301574803144
20
-2.9617714566929134
11
10.2606614173228348
21
-2.9632999999999998
0
LINE
8
BLACK
6
CONTINUOUS
10
10.2606614173228348
20
-2.9632999999999998
11
10.2560703543307081
21
-2.9638170866141733
0
LINE
8
BLACK
6
CONTINUOUS
10
10.2560703543307081
20
-2.9638170866141733
11
10.2560621259842524
21
-2.96381874015748
0
LINE
8
BLACK
6
CONTINUOUS
10
10.2560621259842524
20
-2.96381874015748
11
10.2560620866141736
21
-2.96381874015748
0
LINE
8
BLACK
6
CONTINUOUS
10
10.2560620866141736
20
-2.96381874015748
11
9.7442511023622043
21
-2.96381874015748
0
LINE
8
BLACK
6
CONTINUOUS
10
9.7442511023622043
20
-2.96381874015748
11
9.7438744488188966
21
-2.9637438188976377
0
LINE
8
BLACK
6
CONTINUOUS
10
9.7438744488188966
20
-2.9637438188976377
11
9.7438476771653537
21
-2.9637170472440943
0
LINE
8
BLACK
6
CONTINUOUS
10
9.7438476771653537
20
-2.9637170472440943
11
9.7397606299212605
21
-2.9632561417322836
0
LINE
8
BLACK
6
CONTINUOUS
10
9.7397606299212605
20
-2.9632561417322836
11
9.7353920866141728
21
-2.961727244094488
0
LINE
8
BLACK
6
CONTINUOUS
10
9.7353920866141728
20
-2.961727244094488
11
9.731473188976377
21
-2.9592647637795273
0
LINE
8
BLACK
6
CONTINUOUS
10
9.731473188976377
20
-2.9592647637795273
11
9.7282003937007868
21
-2.9559920866141733
0
LINE
8
BLACK
6
CONTINUOUS
10
9.7282003937007868
20
-2.9559920866141733
11
9.7257377165354324
21
-2.9520733070866143
0
LINE
8
BLACK
6
CONTINUOUS
10
9.7257377165354324
20
-2.9520733070866143
11
9.724208622047243
21
-2.947704842519685
0
LINE
8
BLACK
6
CONTINUOUS
10
9.724208622047243
20
-2.947704842519685
11
9.7237474015748031
21
-2.9436167716535433
0
LINE
8
BLACK
6
CONTINUOUS
10
9.7237474015748031
20
-2.9436167716535433
11
9.7236567322834642
21
-2.9435261023622048
0
LINE
8
BLACK
6
CONTINUOUS
10
9.7236567322834642
20
-2.9435261023622048
11
9.723581811023621
21
-2.9431494488188976
0
LINE
8
BLACK
6
CONTINUOUS
10
9.723581811023621
20
-2.9431494488188976
11
9.723581811023621
21
-2.4313384251968504
0
LINE
8
BLACK
6
CONTINUOUS
10
9.723581811023621
20
-2.4313384251968504
11
9.7241000393700787
21
-2.4267390157480313
0
LINE
8
BLACK
6
CONTINUOUS
10
9.7241000393700787
20
-2.4267390157480313
11
9.7256287401574806
21
-2.4223702755905512
0
LINE
8
BLACK
6
CONTINUOUS
10
9.7256287401574806
20
-2.4223702755905512
11
9.7280912204724412
21
-2.4184511811023621
0
LINE
8
BLACK
6
CONTINUOUS
10
9.7280912204724412
20
-2.4184511811023621
11
9.7313639763779527
21
-2.4151782677165352
0
LINE
8
BLACK
6
CONTINUOUS
10
9.7313639763779527
20
-2.4151782677165352
11
9.7352829921259847
21
-2.4127156692913387
0
LINE
8
BLACK
6
CONTINUOUS
10
9.7352829921259847
20
-2.4127156692913387
11
9.7396516929133856
21
-2.4111868503937006
0
LINE
8
BLACK
6
CONTINUOUS
10
9.7396516929133856
20
-2.4111868503937006
11
9.7442510629921255
21
-2.4106684251968504
0
LINE
8
BLACK
6
CONTINUOUS
10
9.7442510629921255
20
-2.4106684251968504
11
9.7442510629921255
21
-2.4106691338582675
0
LINE
8
BLACK
6
CONTINUOUS
10
9.7417890944881886
20
-2.4126370078740158
11
9.7370328740157479
21
-2.4139116535433072
0
LINE
8
BLACK
6
CONTINUOUS
10
9.7370328740157479
20
-2.4139116535433072
11
9.7327685433070865
21
-2.4163737795275591
0
LINE
8
BLACK
6
CONTINUOUS
10
9.7327685433070865
20
-2.4163737795275591
11
9.7292867716535429
21
-2.4198557086614172
0
LINE
8
BLACK
6
CONTINUOUS
10
9.7292867716535429
20
-2.4198557086614172
11
9.7268247637795273
21
-2.4241201181102361
0
LINE
8
BLACK
6
CONTINUOUS
10
9.7268247637795273
20
-2.4241201181102361
11
9.7255503149606302
21
-2.428876377952756
0
LINE
8
BLACK
6
CONTINUOUS
10
9.7255503149606302
20
-2.428876377952756
11
9.7255503149606302
21
-2.4313384251968504
0
LINE
8
BLACK
6
CONTINUOUS
10
9.7255503149606302
20
-2.4313384251968504
11
9.7255503149606302
21
-2.9427705905511812
0
LINE
8
BLACK
6
CONTINUOUS
10
9.7255503149606302
20
-2.9427705905511812
11
9.725659133858267
21
-2.9431053543307084
0
LINE
8
BLACK
6
CONTINUOUS
10
9.725659133858267
20
-2.9431053543307084
11
9.7256582677165344
21
-2.9431053543307084
0
LINE
8
BLACK
6
CONTINUOUS
10
9.7256582677165344
20
-2.9431053543307084
11
9.7256586220472432
21
-2.9455673228346457
0
LINE
8
BLACK
6
CONTINUOUS
10
9.7256586220472432
20
-2.9455673228346457
11
9.7269335826771659
21
-2.9503233858267714
0
LINE
8
BLACK
6
CONTINUOUS
10
9.7269335826771659
20
-2.9503233858267714
11
9.7293958661417328
21
-2.9545875196850395
0
LINE
8
BLACK
6
CONTINUOUS
10
9.7293958661417328
20
-2.9545875196850395
11
9.7328777165354321
21
-2.9580692125984251
0
LINE
8
BLACK
6
CONTINUOUS
10
9.7328777165354321
20
-2.9580692125984251
11
9.7371419291338572
21
-2.9605312992125983
0
LINE
8
BLACK
6
CONTINUOUS
10
9.7371419291338572
20
-2.9605312992125983
11
9.7418980314960635
21
-2.9618060629921259
0
LINE
8
BLACK
6
CONTINUOUS
10
9.7418980314960635
20
-2.9618060629921259
11
9.7443600393700791
21
-2.9618062992125984
0
LINE
8
BLACK
6
CONTINUOUS
10
9.7443600393700791
20
-2.9618062992125984
11
9.7444952362204731
21
-2.9618502362204722
0
LINE
8
BLACK
6
CONTINUOUS
10
9.7444952362204731
20
-2.9618502362204722
11
10.2560621259842524
21
-2.9618502362204722
0
LINE
8
BLACK
6
CONTINUOUS
10
10.2560621259842524
20
-2.9618502362204722
11
10.2560621653543311
21
-2.9618502362204722
0
LINE
8
BLACK
6
CONTINUOUS
10
10.2560621653543311
20
-2.9618502362204722
11
10.2560621653543311
21
-2.9618495275590551
0
LINE
8
BLACK
6
CONTINUOUS
10
10.2560621653543311
20
-2.9618495275590551
11
10.258524133858268
21
-2.9618496456692913
0
LINE
8
BLACK
6
CONTINUOUS
10
10.258524133858268
20
-2.9618496456692913
11
10.2632803543307087
21
-2.9605753937007875
0
LINE
8
BLACK
6
CONTINUOUS
10
10.2632803543307087
20
-2.9605753937007875
11
10.2675446850393701
21
-2.9581135433070864
0
LINE
8
BLACK
6
CONTINUOUS
10
10.2675446850393701
20
-2.9581135433070864
11
10.2710264960629925
21
-2.9546318503937008
0
LINE
8
BLACK
6
CONTINUOUS
10
10.2710264960629925
20
-2.9546318503937008
11
10.2734885433070868
21
-2.9503675984251969
0
LINE
8
BLACK
6
CONTINUOUS
10
10.2734885433070868
20
-2.9503675984251969
11
10.2747629527559052
21
-2.9456114173228345
0
LINE
8
BLACK
6
CONTINUOUS
10
10.2747629527559052
20
-2.9456114173228345
11
10.2747629133858265
21
-2.9431494488188976
0
LINE
8
BLACK
6
CONTINUOUS
10
10.2747629133858265
20
-2.9431494488188976
11
10.2747629133858265
21
-2.4313384251968504
0
LINE
8
BLACK
6
CONTINUOUS
10
10.2747629133858265
20
-2.4313384251968504
11
10.274763937007874
21
-2.4313332677165356
0
LINE
8
BLACK
6
CONTINUOUS
10
10.274763937007874
20
-2.4313332677165356
11
10.274763937007874
21
-2.4288763385826773
0
LINE
8
BLACK
6
CONTINUOUS
10
10.274763937007874
20
-2.4288763385826773
11
10.2734893700787406
21
-2.4241199999999998
0
LINE
8
BLACK
6
CONTINUOUS
10
10.2734893700787406
20
-2.4241199999999998
11
10.27102720472441
21
-2.4198555905511809
0
LINE
8
BLACK
6
CONTINUOUS
10
10.27102720472441
20
-2.4198555905511809
11
10.2675451968503939
21
-2.4163737795275591
0
LINE
8
BLACK
6
CONTINUOUS
10
10.2675451968503939
20
-2.4163737795275591
11
10.2632806692913388
21
-2.4139118110236222
0
LINE
8
BLACK
6
CONTINUOUS
10
10.2632806692913388
20
-2.4139118110236222
11
10.2585242519685043
21
-2.4126375196850391
0
LINE
8
BLACK
6
CONTINUOUS
10
10.2585242519685043
20
-2.4126375196850391
11
10.2560621653543311
21
-2.4126376377952754
0
LINE
8
BLACK
6
CONTINUOUS
10
10.2560621653543311
20
-2.4126376377952754
11
10.2560621259842524
21
-2.4126375984251966
0
LINE
8
BLACK
6
CONTINUOUS
10
10.2560621259842524
20
-2.4126375984251966
11
10.2560621259842524
21
-2.4126376377952754
0
LINE
8
BLACK
6
CONTINUOUS
10
10.2560621259842524
20
-2.4126376377952754
11
9.744251141732283
21
-2.4126376377952754
0
LINE
8
BLACK
6
CONTINUOUS
10
9.744251141732283
20
-2.4126376377952754
11
9.7442511023622043
21
-2.4126376377952754
0
LINE
8
BLACK
6
CONTINUOUS
10
9.7442511023622043
20
-2.4126376377952754
11
9.7442475196850395
21
-2.4126369291338583
0
LINE
8
BLACK
6
CONTINUOUS
10
9.7442475196850395
20
-2.4126369291338583
11
9.7417890944881886
21
-2.4126370078740158
0
LINE
8
BLACK
6
CONTINUOUS
10
10.494290236220472
20
-2.3169683070866141
11
10.4942902755905507
21
-2.3169683070866141
0
LINE
8
BLACK
6
CONTINUOUS
10
10.4942902755905507
20
-2.3169683070866141
11
11.0061012992125988
21
-2.3169683070866141
0
LINE
8
BLACK
6
CONTINUOUS
10
11.0061012992125988
20
-2.3169683070866141
11
11.0061013385826776
21
-2.3169683070866141
0
LINE
8
BLACK
6
CONTINUOUS
10
11.0061013385826776
20
-2.3169683070866141
11
11.010700787401575
21
-2.3174862992125984
0
LINE
8
BLACK
6
CONTINUOUS
10
11.010700787401575
20
-2.3174862992125984
11
11.0150697637795272
21
-2.3190148425196848
0
LINE
8
BLACK
6
CONTINUOUS
10
11.0150697637795272
20
-2.3190148425196848
11
11.0189890157480317
21
-2.3214772834645667
0
LINE
8
BLACK
6
CONTINUOUS
10
11.0189890157480317
20
-2.3214772834645667
11
11.0222620472440944
21
-2.3247501181102361
0
LINE
8
BLACK
6
CONTINUOUS
10
11.0222620472440944
20
-2.3247501181102361
11
11.0247247244094488
21
-2.3286692125984252
0
LINE
8
BLACK
6
CONTINUOUS
10
11.0247247244094488
20
-2.3286692125984252
11
11.026253543307087
21
-2.3330380708661416
0
LINE
8
BLACK
6
CONTINUOUS
10
11.026253543307087
20
-2.3330380708661416
11
11.0267718503937004
21
-2.3376375984251969
0
LINE
8
BLACK
6
CONTINUOUS
10
11.0267718503937004
20
-2.3376375984251969
11
11.0267705905511804
21
-2.3376375984251969
0
LINE
8
BLACK
6
CONTINUOUS
10
11.0267705905511804
20
-2.3376375984251969
11
11.0267705905511804
21
-2.8494486220472441
0
LINE
8
BLACK
6
CONTINUOUS
10
11.0267705905511804
20
-2.8494486220472441
11
11.0262524015748031
21
-2.8540479133858265
0
LINE
8
BLACK
6
CONTINUOUS
10
11.0262524015748031
20
-2.8540479133858265
11
11.0247237007874013
21
-2.8584165748031496
0
LINE
8
BLACK
6
CONTINUOUS
10
11.0247237007874013
20
-2.8584165748031496
11
11.0222612204724406
21
-2.8623355118110236
0
LINE
8
BLACK
6
CONTINUOUS
10
11.0222612204724406
20
-2.8623355118110236
11
11.0189883464566929
21
-2.8656082283464568
0
LINE
8
BLACK
6
CONTINUOUS
10
11.0189883464566929
20
-2.8656082283464568
11
11.0150692913385821
21
-2.8680705511811024
0
LINE
8
BLACK
6
CONTINUOUS
10
11.0150692913385821
20
-2.8680705511811024
11
11.0107005905511812
21
-2.8695990551181101
0
LINE
8
BLACK
6
CONTINUOUS
10
11.0107005905511812
20
-2.8695990551181101
11
11.006111377952756
21
-2.8701159055118111
0
LINE
8
BLACK
6
CONTINUOUS
10
11.006111377952756
20
-2.8701159055118111
11
11.0061012992125988
21
-2.8701179133858266
0
LINE
8
BLACK
6
CONTINUOUS
10
11.0061012992125988
20
-2.8701179133858266
11
11.0061012598425201
21
-2.8701179133858266
0
LINE
8
BLACK
6
CONTINUOUS
10
11.0061012598425201
20
-2.8701179133858266
11
10.4942902755905507
21
-2.8701179133858266
0
LINE
8
BLACK
6
CONTINUOUS
10
10.4942902755905507
20
-2.8701179133858266
11
10.4939136220472431
21
-2.8700429921259842
0
LINE
8
BLACK
6
CONTINUOUS
10
10.4939136220472431
20
-2.8700429921259842
11
10.4938868110236214
21
-2.8700161811023621
0
LINE
8
BLACK
6
CONTINUOUS
10
10.4938868110236214
20
-2.8700161811023621
11
10.4897998031496069
21
-2.8695552755905509
0
LINE
8
BLACK
6
CONTINUOUS
10
10.4897998031496069
20
-2.8695552755905509
11
10.4854313385826767
21
-2.8680263779527557
0
LINE
8
BLACK
6
CONTINUOUS
10
10.4854313385826767
20
-2.8680263779527557
11
10.4815124803149597
21
-2.8655638582677163
0
LINE
8
BLACK
6
CONTINUOUS
10
10.4815124803149597
20
-2.8655638582677163
11
10.4782397244094483
21
-2.8622911811023624
0
LINE
8
BLACK
6
CONTINUOUS
10
10.4782397244094483
20
-2.8622911811023624
11
10.4757770866141726
21
-2.8583724409448816
0
LINE
8
BLACK
6
CONTINUOUS
10
10.4757770866141726
20
-2.8583724409448816
11
10.474248031496062
21
-2.8540039763779528
0
LINE
8
BLACK
6
CONTINUOUS
10
10.474248031496062
20
-2.8540039763779528
11
10.4737868503937008
21
-2.8499162204724411
0
LINE
8
BLACK
6
CONTINUOUS
10
10.4737868503937008
20
-2.8499162204724411
11
10.4736959055118106
21
-2.8498252755905513
0
LINE
8
BLACK
6
CONTINUOUS
10
10.4736959055118106
20
-2.8498252755905513
11
10.4736209842519674
21
-2.8494486220472441
0
LINE
8
BLACK
6
CONTINUOUS
10
10.4736209842519674
20
-2.8494486220472441
11
10.4736209842519674
21
-2.3376375984251969
0
LINE
8
BLACK
6
CONTINUOUS
10
10.4736209842519674
20
-2.3376375984251969
11
10.4741392519685039
21
-2.3330381889763778
0
LINE
8
BLACK
6
CONTINUOUS
10
10.4741392519685039
20
-2.3330381889763778
11
10.475667913385827
21
-2.3286694094488189
0
LINE
8
BLACK
6
CONTINUOUS
10
10.475667913385827
20
-2.3286694094488189
11
10.4781303937007877
21
-2.3247503149606299
0
LINE
8
BLACK
6
CONTINUOUS
10
10.4781303937007877
20
-2.3247503149606299
11
10.4814031496062992
21
-2.321477401574803
0
LINE
8
BLACK
6
CONTINUOUS
10
10.4814031496062992
20
-2.321477401574803
11
10.4853221259842524
21
-2.3190147637795273
0
LINE
8
BLACK
6
CONTINUOUS
10
10.4853221259842524
20
-2.3190147637795273
11
10.4896908661417321
21
-2.3174859055118109
0
LINE
8
BLACK
6
CONTINUOUS
10
10.4896908661417321
20
-2.3174859055118109
11
10.494290236220472
21
-2.3169674409448819
0
LINE
8
BLACK
6
CONTINUOUS
10
10.494290236220472
20
-2.3169674409448819
11
10.494290236220472
21
-2.3169683070866141
0
LINE
8
BLACK
6
CONTINUOUS
10
10.4918282677165351
20
-2.3189360629921261
11
10.4870720472440944
21
-2.3202107086614174
0
LINE
8
BLACK
6
CONTINUOUS
10
10.4870720472440944
20
-2.3202107086614174
11
10.482807716535433
21
-2.3226729133858268
0
LINE
8
BLACK
6
CONTINUOUS
10
10.482807716535433
20
-2.3226729133858268
11
10.4793259448818894
21
-2.326154842519685
0
LINE
8
BLACK
6
CONTINUOUS
10
10.4793259448818894
20
-2.326154842519685
11
10.4768639370078738
21
-2.3304192519685039
0
LINE
8
BLACK
6
CONTINUOUS
10
10.4768639370078738
20
-2.3304192519685039
11
10.4755894881889766
21
-2.3351755511811021
0
LINE
8
BLACK
6
CONTINUOUS
10
10.4755894881889766
20
-2.3351755511811021
11
10.4755894881889766
21
-2.3376375984251969
0
LINE
8
BLACK
6
CONTINUOUS
10
10.4755894881889766
20
-2.3376375984251969
11
10.4755894881889766
21
-2.8490697637795277
0
LINE
8
BLACK
6
CONTINUOUS
10
10.4755894881889766
20
-2.8490697637795277
11
10.4756983070866134
21
-2.8494045275590549
0
LINE
8
BLACK
6
CONTINUOUS
10
10.4756983070866134
20
-2.8494045275590549
11
10.4756976771653534
21
-2.8494045275590549
0
LINE
8
BLACK
6
CONTINUOUS
10
10.4756976771653534
20
-2.8494045275590549
11
10.4756980314960622
21
-2.8518664960629923
0
LINE
8
BLACK
6
CONTINUOUS
10
10.4756980314960622
20
-2.8518664960629923
11
10.4769729527559061
21
-2.8566225196850392
0
LINE
8
BLACK
6
CONTINUOUS
10
10.4769729527559061
20
-2.8566225196850392
11
10.4794351968503943
21
-2.8608866141732281
0
LINE
8
BLACK
6
CONTINUOUS
10
10.4794351968503943
20
-2.8608866141732281
11
10.4829170078740148
21
-2.8643683070866142
0
LINE
8
BLACK
6
CONTINUOUS
10
10.4829170078740148
20
-2.8643683070866142
11
10.4871811811023612
21
-2.866830433070866
0
LINE
8
BLACK
6
CONTINUOUS
10
10.4871811811023612
20
-2.866830433070866
11
10.4919372440944887
21
-2.8681051968503937
0
LINE
8
BLACK
6
CONTINUOUS
10
10.4919372440944887
20
-2.8681051968503937
11
10.4943992125984256
21
-2.8681054724409449
0
LINE
8
BLACK
6
CONTINUOUS
10
10.4943992125984256
20
-2.8681054724409449
11
10.4945344094488195
21
-2.8681494094488187
0
LINE
8
BLACK
6
CONTINUOUS
10
10.4945344094488195
20
-2.8681494094488187
11
11.0061012992125988
21
-2.8681494094488187
0
LINE
8
BLACK
6
CONTINUOUS
10
11.0061012992125988
20
-2.8681494094488187
11
11.0061013385826776
21
-2.8681494094488187
0
LINE
8
BLACK
6
CONTINUOUS
10
11.0061013385826776
20
-2.8681494094488187
11
11.0061013385826776
21
-2.8681485433070866
0
LINE
8
BLACK
6
CONTINUOUS
10
11.0061013385826776
20
-2.8681485433070866
11
11.0085633070866145
21
-2.8681487007874016
0
LINE
8
BLACK
6
CONTINUOUS
10
11.0085633070866145
20
-2.8681487007874016
11
11.0133195275590552
21
-2.8668744881889765
0
LINE
8
BLACK
6
CONTINUOUS
10
11.0133195275590552
20
-2.8668744881889765
11
11.0175838582677166
21
-2.8644126377952754
0
LINE
8
BLACK
6
CONTINUOUS
10
11.0175838582677166
20
-2.8644126377952754
11
11.0210657086614177
21
-2.8609309842519686
0
LINE
8
BLACK
6
CONTINUOUS
10
11.0210657086614177
20
-2.8609309842519686
11
11.0235277165354333
21
-2.8566667716535434
0
LINE
8
BLACK
6
CONTINUOUS
10
11.0235277165354333
20
-2.8566667716535434
11
11.0248021259842517
21
-2.851910590551181
0
LINE
8
BLACK
6
CONTINUOUS
10
11.0248021259842517
20
-2.851910590551181
11
11.0248020866141729
21
-2.8494486220472441
0
LINE
8
BLACK
6
CONTINUOUS
10
11.0248020866141729
20
-2.8494486220472441
11
11.0248020866141729
21
-2.3376375984251969
0
LINE
8
BLACK
6
CONTINUOUS
10
11.0248020866141729
20
-2.3376375984251969
11
11.0248033070866143
21
-2.3376312598425195
0
LINE
8
BLACK
6
CONTINUOUS
10
11.0248033070866143
20
-2.3376312598425195
11
11.0248033070866143
21
-2.3351755118110238
0
LINE
8
BLACK
6
CONTINUOUS
10
11.0248033070866143
20
-2.3351755118110238
11
11.0235287795275596
21
-2.3304191338582676
0
LINE
8
BLACK
6
CONTINUOUS
10
11.0235287795275596
20
-2.3304191338582676
11
11.0210665354330715
21
-2.32615468503937
0
LINE
8
BLACK
6
CONTINUOUS
10
11.0210665354330715
20
-2.32615468503937
11
11.0175844881889766
21
-2.3226728740157481
0
LINE
8
BLACK
6
CONTINUOUS
10
11.0175844881889766
20
-2.3226728740157481
11
11.0133199212598427
21
-2.3202109448818895
0
LINE
8
BLACK
6
CONTINUOUS
10
11.0133199212598427
20
-2.3202109448818895
11
11.0085634645669295
21
-2.3189366929133857
0
LINE
8
BLACK
6
CONTINUOUS
10
11.0085634645669295
20
-2.3189366929133857
11
11.0061013385826776
21
-2.3189368110236219
0
LINE
8
BLACK
6
CONTINUOUS
10
11.0061013385826776
20
-2.3189368110236219
11
11.0061012992125988
21
-2.3189367716535432
0
LINE
8
BLACK
6
CONTINUOUS
10
11.0061012992125988
20
-2.3189367716535432
11
11.0061012992125988
21
-2.3189368110236219
0
LINE
8
BLACK
6
CONTINUOUS
10
11.0061012992125988
20
-2.3189368110236219
11
10.4942903149606295
21
-2.3189368110236219
0
LINE
8
BLACK
6
CONTINUOUS
10
10.4942903149606295
20
-2.3189368110236219
11
10.4942902755905507
21
-2.3189368110236219
0
LINE
8
BLACK
6
CONTINUOUS
10
10.4942902755905507
20
-2.3189368110236219
11
10.494285905511811
21
-2.3189359448818898
0
LINE
8
BLACK
6
CONTINUOUS
10
10.494285905511811
20
-2.3189359448818898
11
10.4918282677165351
21
-2.3189360629921261
0
LINE
8
BLACK
6
CONTINUOUS
10
8.2442120866141728
20
-2.1296062598425198
11
8.2442121259842516
21
-2.1296062598425198
0
LINE
8
BLACK
6
CONTINUOUS
10
8.2442121259842516
20
-2.1296062598425198
11
8.7560231496062997
21
-2.1296062598425198
0
LINE
8
BLACK
6
CONTINUOUS
10
8.7560231496062997
20
-2.1296062598425198
11
8.7560231889763784
21
-2.1296062598425198
0
LINE
8
BLACK
6
CONTINUOUS
10
8.7560231889763784
20
-2.1296062598425198
11
8.7606225590551183
21
-2.13012437007874
0
LINE
8
BLACK
6
CONTINUOUS
10
8.7606225590551183
20
-2.13012437007874
11
8.7649913779527555
21
-2.1316529921259844
0
LINE
8
BLACK
6
CONTINUOUS
10
8.7649913779527555
20
-2.1316529921259844
11
8.7689105118110238
21
-2.134115472440945
0
LINE
8
BLACK
6
CONTINUOUS
10
8.7689105118110238
20
-2.134115472440945
11
8.7721834251968502
21
-2.137388307086614
0
LINE
8
BLACK
6
CONTINUOUS
10
8.7721834251968502
20
-2.137388307086614
11
8.7746459842519684
21
-2.1413073622047243
0
LINE
8
BLACK
6
CONTINUOUS
10
8.7746459842519684
20
-2.1413073622047243
11
8.776174724409449
21
-2.1456761417322836
0
LINE
8
BLACK
6
CONTINUOUS
10
8.776174724409449
20
-2.1456761417322836
11
8.776692952755905
21
-2.1502755511811023
0
LINE
8
BLACK
6
CONTINUOUS
10
8.776692952755905
20
-2.1502755511811023
11
8.7766924409448812
21
-2.1502755511811023
0
LINE
8
BLACK
6
CONTINUOUS
10
8.7766924409448812
20
-2.1502755511811023
11
8.7766924409448812
21
-2.6620865748031495
0
LINE
8
BLACK
6
CONTINUOUS
10
8.7766924409448812
20
-2.6620865748031495
11
8.7761742125984252
21
-2.6666859055118111
0
LINE
8
BLACK
6
CONTINUOUS
10
8.7761742125984252
20
-2.6666859055118111
11
8.7746455511811021
21
-2.6710545669291337
0
LINE
8
BLACK
6
CONTINUOUS
10
8.7746455511811021
20
-2.6710545669291337
11
8.7721830314960627
21
-2.6749735433070865
0
LINE
8
BLACK
6
CONTINUOUS
10
8.7721830314960627
20
-2.6749735433070865
11
8.7689101968503937
21
-2.6782462992125984
0
LINE
8
BLACK
6
CONTINUOUS
10
8.7689101968503937
20
-2.6782462992125984
11
8.7649911811023618
21
-2.6807087401574803
0
LINE
8
BLACK
6
CONTINUOUS
10
8.7649911811023618
20
-2.6807087401574803
11
8.7606224409448821
21
-2.6822373228346454
0
LINE
8
BLACK
6
CONTINUOUS
10
8.7606224409448821
20
-2.6822373228346454
11
8.7560281889763782
21
-2.6827548425196848
0
LINE
8
BLACK
6
CONTINUOUS
10
8.7560281889763782
20
-2.6827548425196848
11
8.7560231496062997
21
-2.6827558661417323
0
LINE
8
BLACK
6
CONTINUOUS
10
8.7560231496062997
20
-2.6827558661417323
11
8.7560231102362209
21
-2.6827558661417323
0
LINE
8
BLACK
6
CONTINUOUS
10
8.7560231102362209
20
-2.6827558661417323
11
8.2442121259842516
21
-2.6827558661417323
0
LINE
8
BLACK
6
CONTINUOUS
10
8.2442121259842516
20
-2.6827558661417323
11
8.2438354724409439
21
-2.6826809448818896
0
LINE
8
BLACK
6
CONTINUOUS
10
8.2438354724409439
20
-2.6826809448818896
11
8.243808700787401
21
-2.6826541732283462
0
LINE
8
BLACK
6
CONTINUOUS
10
8.243808700787401
20
-2.6826541732283462
11
8.2397215748031503
21
-2.6821933464566929
0
LINE
8
BLACK
6
CONTINUOUS
10
8.2397215748031503
20
-2.6821933464566929
11
8.2353529527559051
21
-2.6806645275590553
0
LINE
8
BLACK
6
CONTINUOUS
10
8.2353529527559051
20
-2.6806645275590553
11
8.2314339763779518
21
-2.6782020472440946
0
LINE
8
BLACK
6
CONTINUOUS
10
8.2314339763779518
20
-2.6782020472440946
11
8.2281610629921254
21
-2.6749293700787402
0
LINE
8
BLACK
6
CONTINUOUS
10
8.2281610629921254
20
-2.6749293700787402
11
8.2256983070866134
21
-2.6710105511811024
0
LINE
8
BLACK
6
CONTINUOUS
10
8.2256983070866134
20
-2.6710105511811024
11
8.2241691732283471
21
-2.6666420472440944
0
LINE
8
BLACK
6
CONTINUOUS
10
8.2241691732283471
20
-2.6666420472440944
11
8.2237078740157479
21
-2.6625533464566931
0
LINE
8
BLACK
6
CONTINUOUS
10
8.2237078740157479
20
-2.6625533464566931
11
8.2236177559055115
21
-2.6624632283464567
0
LINE
8
BLACK
6
CONTINUOUS
10
8.2236177559055115
20
-2.6624632283464567
11
8.2235428346456683
21
-2.6620865748031495
0
LINE
8
BLACK
6
CONTINUOUS
10
8.2235428346456683
20
-2.6620865748031495
11
8.2235428346456683
21
-2.1502755511811023
0
LINE
8
BLACK
6
CONTINUOUS
10
8.2235428346456683
20
-2.1502755511811023
11
8.224061062992126
21
-2.1456761811023624
0
LINE
8
BLACK
6
CONTINUOUS
10
8.224061062992126
20
-2.1456761811023624
11
8.2255897244094491
21
-2.141307401574803
0
LINE
8
BLACK
6
CONTINUOUS
10
8.2255897244094491
20
-2.141307401574803
11
8.2280522047244098
21
-2.1373883464566927
0
LINE
8
BLACK
6
CONTINUOUS
10
8.2280522047244098
20
-2.1373883464566927
11
8.231325
21
-2.134115472440945
0
LINE
8
BLACK
6
CONTINUOUS
10
8.231325
20
-2.134115472440945
11
8.235244015748032
21
-2.1316529133858269
0
LINE
8
BLACK
6
CONTINUOUS
10
8.235244015748032
20
-2.1316529133858269
11
8.2396127165354329
21
-2.1301241732283462
0
LINE
8
BLACK
6
CONTINUOUS
10
8.2396127165354329
20
-2.1301241732283462
11
8.2442120866141728
21
-2.1296058267716536
0
LINE
8
BLACK
6
CONTINUOUS
10
8.2442120866141728
20
-2.1296058267716536
11
8.2442120866141728
21
-2.1296062598425198
0
LINE
8
BLACK
6
CONTINUOUS
10
8.2417501181102359
20
-2.1315743700787402
11
8.2369938582677165
21
-2.1328488976377953
0
LINE
8
BLACK
6
CONTINUOUS
10
8.2369938582677165
20
-2.1328488976377953
11
8.2327295669291338
21
-2.1353110236220472
0
LINE
8
BLACK
6
CONTINUOUS
10
8.2327295669291338
20
-2.1353110236220472
11
8.2292477559055115
21
-2.1387928740157478
0
LINE
8
BLACK
6
CONTINUOUS
10
8.2292477559055115
20
-2.1387928740157478
11
8.2267857480314959
21
-2.1430572440944879
0
LINE
8
BLACK
6
CONTINUOUS
10
8.2267857480314959
20
-2.1430572440944879
11
8.2255113385826775
21
-2.1478135433070866
0
LINE
8
BLACK
6
CONTINUOUS
10
8.2255113385826775
20
-2.1478135433070866
11
8.2255113385826775
21
-2.1502755511811023
0
LINE
8
BLACK
6
CONTINUOUS
10
8.2255113385826775
20
-2.1502755511811023
11
8.2255113385826775
21
-2.661707716535433
0
LINE
8
BLACK
6
CONTINUOUS
10
8.2255113385826775
20
-2.661707716535433
11
8.2256201574803143
21
-2.6620424803149607
0
LINE
8
BLACK
6
CONTINUOUS
10
8.2256201574803143
20
-2.6620424803149607
11
8.2256187795275597
21
-2.6620424803149607
0
LINE
8
BLACK
6
CONTINUOUS
10
8.2256187795275597
20
-2.6620424803149607
11
8.2256191338582667
21
-2.6645044881889763
0
LINE
8
BLACK
6
CONTINUOUS
10
8.2256191338582667
20
-2.6645044881889763
11
8.2268941732283469
21
-2.6692606299212596
0
LINE
8
BLACK
6
CONTINUOUS
10
8.2268941732283469
20
-2.6692606299212596
11
8.2293565354330713
21
-2.6735247637795276
0
LINE
8
BLACK
6
CONTINUOUS
10
8.2293565354330713
20
-2.6735247637795276
11
8.2328384645669281
21
-2.6770064566929133
0
LINE
8
BLACK
6
CONTINUOUS
10
8.2328384645669281
20
-2.6770064566929133
11
8.2371027952755895
21
-2.6794685433070864
0
LINE
8
BLACK
6
CONTINUOUS
10
8.2371027952755895
20
-2.6794685433070864
11
8.241859015748032
21
-2.6807432283464565
0
LINE
8
BLACK
6
CONTINUOUS
10
8.241859015748032
20
-2.6807432283464565
11
8.2443210236220477
21
-2.6807434251968503
0
LINE
8
BLACK
6
CONTINUOUS
10
8.2443210236220477
20
-2.6807434251968503
11
8.2444562204724416
21
-2.6807873622047245
0
LINE
8
BLACK
6
CONTINUOUS
10
8.2444562204724416
20
-2.6807873622047245
11
8.7560231496062997
21
-2.6807873622047245
0
LINE
8
BLACK
6
CONTINUOUS
10
8.7560231496062997
20
-2.6807873622047245
11
8.7560231889763784
21
-2.6807873622047245
0
LINE
8
BLACK
6
CONTINUOUS
10
8.7560231889763784
20
-2.6807873622047245
11
8.7560231889763784
21
-2.6807869291338582
0
LINE
8
BLACK
6
CONTINUOUS
10
8.7560231889763784
20
-2.6807869291338582
11
8.7584851574803153
21
-2.6807870078740157
0
LINE
8
BLACK
6
CONTINUOUS
10
8.7584851574803153
20
-2.6807870078740157
11
8.763241377952756
21
-2.6795126771653544
0
LINE
8
BLACK
6
CONTINUOUS
10
8.763241377952756
20
-2.6795126771653544
11
8.7675057086614174
21
-2.6770507480314958
0
LINE
8
BLACK
6
CONTINUOUS
10
8.7675057086614174
20
-2.6770507480314958
11
8.7709875196850398
21
-2.6735690157480314
0
LINE
8
BLACK
6
CONTINUOUS
10
8.7709875196850398
20
-2.6735690157480314
11
8.7734495275590554
21
-2.6693047637795275
0
LINE
8
BLACK
6
CONTINUOUS
10
8.7734495275590554
20
-2.6693047637795275
11
8.7747239370078738
21
-2.6645485433070863
0
LINE
8
BLACK
6
CONTINUOUS
10
8.7747239370078738
20
-2.6645485433070863
11
8.7747239370078738
21
-2.6620865748031495
0
LINE
8
BLACK
6
CONTINUOUS
10
8.7747239370078738
20
-2.6620865748031495
11
8.7747239370078738
21
-2.1502755511811023
0
LINE
8
BLACK
6
CONTINUOUS
10
8.7747239370078738
20
-2.1502755511811023
11
8.7747244488188976
21
-2.1502729527559055
0
LINE
8
BLACK
6
CONTINUOUS
10
8.7747244488188976
20
-2.1502729527559055
11
8.7747244488188976
21
-2.1478135039370079
0
LINE
8
BLACK
6
CONTINUOUS
10
8.7747244488188976
20
-2.1478135039370079
11
8.7734499606299217
21
-2.1430572047244092
0
LINE
8
BLACK
6
CONTINUOUS
10
8.7734499606299217
20
-2.1430572047244092
11
8.7709878740157485
21
-2.138792834645669
0
LINE
8
BLACK
6
CONTINUOUS
10
8.7709878740157485
20
-2.138792834645669
11
8.7675059842519687
21
-2.1353110236220472
0
LINE
8
BLACK
6
CONTINUOUS
10
8.7675059842519687
20
-2.1353110236220472
11
8.763241535433071
21
-2.1328490551181103
0
LINE
8
BLACK
6
CONTINUOUS
10
8.763241535433071
20
-2.1328490551181103
11
8.7584852362204728
21
-2.1315746850393702
0
LINE
8
BLACK
6
CONTINUOUS
10
8.7584852362204728
20
-2.1315746850393702
11
8.7560231889763784
21
-2.1315747637795277
0
LINE
8
BLACK
6
CONTINUOUS
10
8.7560231889763784
20
-2.1315747637795277
11
8.7560231496062997
21
-2.131574724409449
0
LINE
8
BLACK
6
CONTINUOUS
10
8.7560231496062997
20
-2.131574724409449
11
8.7560231496062997
21
-2.1315747637795277
0
LINE
8
BLACK
6
CONTINUOUS
10
8.7560231496062997
20
-2.1315747637795277
11
8.2442121653543303
21
-2.1315747637795277
0
LINE
8
BLACK
6
CONTINUOUS
10
8.2442121653543303
20
-2.1315747637795277
11
8.2442121259842516
21
-2.1315747637795277
0
LINE
8
BLACK
6
CONTINUOUS
10
8.2442121259842516
20
-2.1315747637795277
11
8.2442099212598432
21
-2.1315743307086614
0
LINE
8
BLACK
6
CONTINUOUS
10
8.2442099212598432
20
-2.1315743307086614
11
8.2417501181102359
21
-2.1315743700787402
0
LINE
8
BLACK
6
CONTINUOUS
10
11.9943295275590547
20
-1.8484251968503937
11
11.9943295669291334
21
-1.8484251968503937
0
LINE
8
BLACK
6
CONTINUOUS
10
11.9943295669291334
20
-1.8484251968503937
11
12.5061405905511815
21
-1.8484251968503937
0
LINE
8
BLACK
6
CONTINUOUS
10
12.5061405905511815
20
-1.8484251968503937
11
12.5061406299212603
21
-1.8484251968503937
0
LINE
8
BLACK
6
CONTINUOUS
10
12.5061406299212603
20
-1.8484251968503937
11
12.5107400787401577
21
-1.8489431889763779
0
LINE
8
BLACK
6
CONTINUOUS
10
12.5107400787401577
20
-1.8489431889763779
11
12.5151090157480311
21
-1.8504717322834645
0
LINE
8
BLACK
6
CONTINUOUS
10
12.5151090157480311
20
-1.8504717322834645
11
12.5190283070866144
21
-1.8529341732283464
0
LINE
8
BLACK
6
CONTINUOUS
10
12.5190283070866144
20
-1.8529341732283464
11
12.5223012992125984
21
-1.8562070078740156
0
LINE
8
BLACK
6
CONTINUOUS
10
12.5223012992125984
20
-1.8562070078740156
11
12.5247639763779528
21
-1.8601261023622047
0
LINE
8
BLACK
6
CONTINUOUS
10
12.5247639763779528
20
-1.8601261023622047
11
12.5262927559055122
21
-1.8644949606299213
0
LINE
8
BLACK
6
CONTINUOUS
10
12.5262927559055122
20
-1.8644949606299213
11
12.5268110236220469
21
-1.8690944881889764
0
LINE
8
BLACK
6
CONTINUOUS
10
12.5268110236220469
20
-1.8690944881889764
11
12.5268098818897631
21
-1.8690944881889764
0
LINE
8
BLACK
6
CONTINUOUS
10
12.5268098818897631
20
-1.8690944881889764
11
12.5268098818897631
21
-2.3809055118110236
0
LINE
8
BLACK
6
CONTINUOUS
10
12.5268098818897631
20
-2.3809055118110236
11
12.5262916535433071
21
-2.3855047637795277
0
LINE
8
BLACK
6
CONTINUOUS
10
12.5262916535433071
20
-2.3855047637795277
11
12.5247629527559052
21
-2.3898733858267716
0
LINE
8
BLACK
6
CONTINUOUS
10
12.5247629527559052
20
-2.3898733858267716
11
12.5223004330708658
21
-2.3937922834645669
0
LINE
8
BLACK
6
CONTINUOUS
10
12.5223004330708658
20
-2.3937922834645669
11
12.5190275590551181
21
-2.3970649606299212
0
LINE
8
BLACK
6
CONTINUOUS
10
12.5190275590551181
20
-2.3970649606299212
11
12.5151085433070861
21
-2.3995272440944881
0
LINE
8
BLACK
6
CONTINUOUS
10
12.5151085433070861
20
-2.3995272440944881
11
12.5107398425196852
21
-2.4010557086614175
0
LINE
8
BLACK
6
CONTINUOUS
10
12.5107398425196852
20
-2.4010557086614175
11
12.5061538582677159
21
-2.4015721259842517
0
LINE
8
BLACK
6
CONTINUOUS
10
12.5061538582677159
20
-2.4015721259842517
11
12.5061405905511815
21
-2.401574803149606
0
LINE
8
BLACK
6
CONTINUOUS
10
12.5061405905511815
20
-2.401574803149606
11
12.5061405511811028
21
-2.401574803149606
0
LINE
8
BLACK
6
CONTINUOUS
10
12.5061405511811028
20
-2.401574803149606
11
11.9943295669291334
21
-2.401574803149606
0
LINE
8
BLACK
6
CONTINUOUS
10
11.9943295669291334
20
-2.401574803149606
11
11.9939529133858258
21
-2.4014998818897637
0
LINE
8
BLACK
6
CONTINUOUS
10
11.9939529133858258
20
-2.4014998818897637
11
11.9939261023622041
21
-2.4014730708661416
0
LINE
8
BLACK
6
CONTINUOUS
10
11.9939261023622041
20
-2.4014730708661416
11
11.9898390944881879
21
-2.4010121653543308
0
LINE
8
BLACK
6
CONTINUOUS
10
11.9898390944881879
20
-2.4010121653543308
11
11.9854705905511807
21
-2.3994832283464564
0
LINE
8
BLACK
6
CONTINUOUS
10
11.9854705905511807
20
-2.3994832283464564
11
11.9815517716535425
21
-2.3970207086614175
0
LINE
8
BLACK
6
CONTINUOUS
10
11.9815517716535425
20
-2.3970207086614175
11
11.9782789763779522
21
-2.3937480708661418
0
LINE
8
BLACK
6
CONTINUOUS
10
11.9782789763779522
20
-2.3937480708661418
11
11.9758163385826766
21
-2.3898293307086615
0
LINE
8
BLACK
6
CONTINUOUS
10
11.9758163385826766
20
-2.3898293307086615
11
11.9742872440944872
21
-2.3854608661417323
0
LINE
8
BLACK
6
CONTINUOUS
10
11.9742872440944872
20
-2.3854608661417323
11
11.9738260236220473
21
-2.3813729921259843
0
LINE
8
BLACK
6
CONTINUOUS
10
11.9738260236220473
20
-2.3813729921259843
11
11.9737351968503933
21
-2.3812821653543308
0
LINE
8
BLACK
6
CONTINUOUS
10
11.9737351968503933
20
-2.3812821653543308
11
11.9736602755905501
21
-2.3809055118110236
0
LINE
8
BLACK
6
CONTINUOUS
10
11.9736602755905501
20
-2.3809055118110236
11
11.9736602755905501
21
-1.8690944881889764
0
LINE
8
BLACK
6
CONTINUOUS
10
11.9736602755905501
20
-1.8690944881889764
11
11.9741785039370079
21
-1.8644950393700788
0
LINE
8
BLACK
6
CONTINUOUS
10
11.9741785039370079
20
-1.8644950393700788
11
11.9757071259842522
21
-1.8601262204724409
0
LINE
8
BLACK
6
CONTINUOUS
10
11.9757071259842522
20
-1.8601262204724409
11
11.9781696062992129
21
-1.8562070866141731
0
LINE
8
BLACK
6
CONTINUOUS
10
11.9781696062992129
20
-1.8562070866141731
11
11.9814423622047244
21
-1.8529341338582677
0
LINE
8
BLACK
6
CONTINUOUS
10
11.9814423622047244
20
-1.8529341338582677
11
11.9853613779527564
21
-1.8504714566929132
0
LINE
8
BLACK
6
CONTINUOUS
10
11.9853613779527564
20
-1.8504714566929132
11
11.989730118110236
21
-1.8489425196850393
0
LINE
8
BLACK
6
CONTINUOUS
10
11.989730118110236
20
-1.8489425196850393
11
11.9943295275590547
21
-1.8484240551181101
0
LINE
8
BLACK
6
CONTINUOUS
10
11.9943295275590547
20
-1.8484240551181101
11
11.9943295275590547
21
-1.8484251968503937
0
LINE
8
BLACK
6
CONTINUOUS
10
11.9918675590551178
20
-1.8503926771653543
11
11.9871112598425196
21
-1.8516673622047244
0
LINE
8
BLACK
6
CONTINUOUS
10
11.9871112598425196
20
-1.8516673622047244
11
11.9828469291338582
21
-1.8541296062992125
0
LINE
8
BLACK
6
CONTINUOUS
10
11.9828469291338582
20
-1.8541296062992125
11
11.9793651574803146
21
-1.8576116141732284
0
LINE
8
BLACK
6
CONTINUOUS
10
11.9793651574803146
20
-1.8576116141732284
11
11.9769031889763777
21
-1.861876062992126
0
LINE
8
BLACK
6
CONTINUOUS
10
11.9769031889763777
20
-1.861876062992126
11
11.9756287795275593
21
-1.8666324409448818
0
LINE
8
BLACK
6
CONTINUOUS
10
11.9756287795275593
20
-1.8666324409448818
11
11.9756287795275593
21
-1.8690944881889764
0
LINE
8
BLACK
6
CONTINUOUS
10
11.9756287795275593
20
-1.8690944881889764
11
11.9756287795275593
21
-2.3805266535433072
0
LINE
8
BLACK
6
CONTINUOUS
10
11.9756287795275593
20
-2.3805266535433072
11
11.9757375984251961
21
-2.3808614173228344
0
LINE
8
BLACK
6
CONTINUOUS
10
11.9757375984251961
20
-2.3808614173228344
11
11.9757368503936998
21
-2.3808614173228344
0
LINE
8
BLACK
6
CONTINUOUS
10
11.9757368503936998
20
-2.3808614173228344
11
11.9757372047244086
21
-2.3833233858267717
0
LINE
8
BLACK
6
CONTINUOUS
10
11.9757372047244086
20
-2.3833233858267717
11
11.9770122047244083
21
-2.3880794094488187
0
LINE
8
BLACK
6
CONTINUOUS
10
11.9770122047244083
20
-2.3880794094488187
11
11.9794744488188982
21
-2.392343503937008
0
LINE
8
BLACK
6
CONTINUOUS
10
11.9794744488188982
20
-2.392343503937008
11
11.9829562992125975
21
-2.3958251968503936
0
LINE
8
BLACK
6
CONTINUOUS
10
11.9829562992125975
20
-2.3958251968503936
11
11.9872204724409439
21
-2.3982872834645668
0
LINE
8
BLACK
6
CONTINUOUS
10
11.9872204724409439
20
-2.3982872834645668
11
11.9919765354330714
21
-2.3995620866141731
0
LINE
8
BLACK
6
CONTINUOUS
10
11.9919765354330714
20
-2.3995620866141731
11
11.9944385039370083
21
-2.3995623622047244
0
LINE
8
BLACK
6
CONTINUOUS
10
11.9944385039370083
20
-2.3995623622047244
11
11.9945737007874005
21
-2.3996062992125982
0
LINE
8
BLACK
6
CONTINUOUS
10
11.9945737007874005
20
-2.3996062992125982
11
12.5061405905511815
21
-2.3996062992125982
0
LINE
8
BLACK
6
CONTINUOUS
10
12.5061405905511815
20
-2.3996062992125982
11
12.5061406299212603
21
-2.3996062992125982
0
LINE
8
BLACK
6
CONTINUOUS
10
12.5061406299212603
20
-2.3996062992125982
11
12.5061406299212603
21
-2.3996051574803148
0
LINE
8
BLACK
6
CONTINUOUS
10
12.5061406299212603
20
-2.3996051574803148
11
12.5086025984251972
21
-2.3996053149606298
0
LINE
8
BLACK
6
CONTINUOUS
10
12.5086025984251972
20
-2.3996053149606298
11
12.5133587795275592
21
-2.3983311417322835
0
LINE
8
BLACK
6
CONTINUOUS
10
12.5133587795275592
20
-2.3983311417322835
11
12.5176230708661418
21
-2.3958693700787399
0
LINE
8
BLACK
6
CONTINUOUS
10
12.5176230708661418
20
-2.3958693700787399
11
12.5211049212598429
21
-2.3923877559055118
0
LINE
8
BLACK
6
CONTINUOUS
10
12.5211049212598429
20
-2.3923877559055118
11
12.5235669291338585
21
-2.3881235826771654
0
LINE
8
BLACK
6
CONTINUOUS
10
12.5235669291338585
20
-2.3881235826771654
11
12.5248413779527556
21
-2.3833674409448817
0
LINE
8
BLACK
6
CONTINUOUS
10
12.5248413779527556
20
-2.3833674409448817
11
12.5248413779527556
21
-2.3809055118110236
0
LINE
8
BLACK
6
CONTINUOUS
10
12.5248413779527556
20
-2.3809055118110236
11
12.5248413779527556
21
-1.8690944881889764
0
LINE
8
BLACK
6
CONTINUOUS
10
12.5248413779527556
20
-1.8690944881889764
11
12.5248425196850395
21
-1.8690887401574803
0
LINE
8
BLACK
6
CONTINUOUS
10
12.5248425196850395
20
-1.8690887401574803
11
12.5248425196850395
21
-1.866632401574803
0
LINE
8
BLACK
6
CONTINUOUS
10
12.5248425196850395
20
-1.866632401574803
11
12.5235679921259848
21
-1.8618759842519685
0
LINE
8
BLACK
6
CONTINUOUS
10
12.5235679921259848
20
-1.8618759842519685
11
12.5211058267716524
21
-1.8576115748031496
0
LINE
8
BLACK
6
CONTINUOUS
10
12.5211058267716524
20
-1.8576115748031496
11
12.5176237795275593
21
-1.8541297244094488
0
LINE
8
BLACK
6
CONTINUOUS
10
12.5176237795275593
20
-1.8541297244094488
11
12.5133592125984254
21
-1.8516677952755904
0
LINE
8
BLACK
6
CONTINUOUS
10
12.5133592125984254
20
-1.8516677952755904
11
12.5086027559055122
21
-1.8503935433070866
0
LINE
8
BLACK
6
CONTINUOUS
10
12.5086027559055122
20
-1.8503935433070866
11
12.5061406299212603
21
-1.8503937007874016
0
LINE
8
BLACK
6
CONTINUOUS
10
12.5061406299212603
20
-1.8503937007874016
11
12.5061405905511815
21
-1.8503936614173229
0
LINE
8
BLACK
6
CONTINUOUS
10
12.5061405905511815
20
-1.8503936614173229
11
12.5061405905511815
21
-1.8503937007874016
0
LINE
8
BLACK
6
CONTINUOUS
10
12.5061405905511815
20
-1.8503937007874016
11
11.9943296062992122
21
-1.8503937007874016
0
LINE
8
BLACK
6
CONTINUOUS
10
11.9943296062992122
20
-1.8503937007874016
11
11.9943295669291334
21
-1.8503937007874016
0
LINE
8
BLACK
6
CONTINUOUS
10
11.9943295669291334
20
-1.8503937007874016
11
11.9943238188976373
21
-1.850392559055118
0
LINE
8
BLACK
6
CONTINUOUS
10
11.9943238188976373
20
-1.850392559055118
11
11.9918675590551178
21
-1.8503926771653543
0
LINE
8
BLACK
6
CONTINUOUS
10
12.7443295275590547
20
-1.8484251968503937
11
12.7443295669291334
21
-1.8484251968503937
0
LINE
8
BLACK
6
CONTINUOUS
10
12.7443295669291334
20
-1.8484251968503937
11
13.2561405905511815
21
-1.8484251968503937
0
LINE
8
BLACK
6
CONTINUOUS
10
13.2561405905511815
20
-1.8484251968503937
11
13.2561406299212603
21
-1.8484251968503937
0
LINE
8
BLACK
6
CONTINUOUS
10
13.2561406299212603
20
-1.8484251968503937
11
13.2607400787401577
21
-1.8489431889763779
0
LINE
8
BLACK
6
CONTINUOUS
10
13.2607400787401577
20
-1.8489431889763779
11
13.2651090157480311
21
-1.8504717322834645
0
LINE
8
BLACK
6
CONTINUOUS
10
13.2651090157480311
20
-1.8504717322834645
11
13.2690283070866144
21
-1.8529341732283464
0
LINE
8
BLACK
6
CONTINUOUS
10
13.2690283070866144
20
-1.8529341732283464
11
13.2723012992125984
21
-1.8562070078740156
0
LINE
8
BLACK
6
CONTINUOUS
10
13.2723012992125984
20
-1.8562070078740156
11
13.2747639763779528
21
-1.8601261023622047
0
LINE
8
BLACK
6
CONTINUOUS
10
13.2747639763779528
20
-1.8601261023622047
11
13.2762927559055122
21
-1.8644949606299213
0
LINE
8
BLACK
6
CONTINUOUS
10
13.2762927559055122
20
-1.8644949606299213
11
13.2768110236220469
21
-1.8690944881889764
0
LINE
8
BLACK
6
CONTINUOUS
10
13.2768110236220469
20
-1.8690944881889764
11
13.2768098818897631
21
-1.8690944881889764
0
LINE
8
BLACK
6
CONTINUOUS
10
13.2768098818897631
20
-1.8690944881889764
11
13.2768098818897631
21
-2.3809055118110236
0
LINE
8
BLACK
6
CONTINUOUS
10
13.2768098818897631
20
-2.3809055118110236
11
13.2762916535433071
21
-2.3855047637795277
0
LINE
8
BLACK
6
CONTINUOUS
10
13.2762916535433071
20
-2.3855047637795277
11
13.2747629527559052
21
-2.3898733858267716
0
LINE
8
BLACK
6
CONTINUOUS
10
13.2747629527559052
20
-2.3898733858267716
11
13.2723004330708658
21
-2.3937922834645669
0
LINE
8
BLACK
6
CONTINUOUS
10
13.2723004330708658
20
-2.3937922834645669
11
13.2690275590551181
21
-2.3970649606299212
0
LINE
8
BLACK
6
CONTINUOUS
10
13.2690275590551181
20
-2.3970649606299212
11
13.2651085433070861
21
-2.3995272440944881
0
LINE
8
BLACK
6
CONTINUOUS
10
13.2651085433070861
20
-2.3995272440944881
11
13.2607398425196852
21
-2.4010557086614175
0
LINE
8
BLACK
6
CONTINUOUS
10
13.2607398425196852
20
-2.4010557086614175
11
13.2561538582677159
21
-2.4015721259842517
0
LINE
8
BLACK
6
CONTINUOUS
10
13.2561538582677159
20
-2.4015721259842517
11
13.2561405905511815
21
-2.401574803149606
0
LINE
8
BLACK
6
CONTINUOUS
10
13.2561405905511815
20
-2.401574803149606
11
13.2561405511811028
21
-2.401574803149606
0
LINE
8
BLACK
6
CONTINUOUS
10
13.2561405511811028
20
-2.401574803149606
11
12.7443295669291334
21
-2.401574803149606
0
LINE
8
BLACK
6
CONTINUOUS
10
12.7443295669291334
20
-2.401574803149606
11
12.7439529133858258
21
-2.4014998818897637
0
LINE
8
BLACK
6
CONTINUOUS
10
12.7439529133858258
20
-2.4014998818897637
11
12.7439261023622041
21
-2.4014730708661416
0
LINE
8
BLACK
6
CONTINUOUS
10
12.7439261023622041
20
-2.4014730708661416
11
12.7398390944881879
21
-2.4010121653543308
0
LINE
8
BLACK
6
CONTINUOUS
10
12.7398390944881879
20
-2.4010121653543308
11
12.7354705905511807
21
-2.3994832283464564
0
LINE
8
BLACK
6
CONTINUOUS
10
12.7354705905511807
20
-2.3994832283464564
11
12.7315517716535425
21
-2.3970207086614175
0
LINE
8
BLACK
6
CONTINUOUS
10
12.7315517716535425
20
-2.3970207086614175
11
12.7282789763779522
21
-2.3937480708661418
0
LINE
8
BLACK
6
CONTINUOUS
10
12.7282789763779522
20
-2.3937480708661418
11
12.7258163385826766
21
-2.3898293307086615
0
LINE
8
BLACK
6
CONTINUOUS
10
12.7258163385826766
20
-2.3898293307086615
11
12.7242872440944872
21
-2.3854608661417323
0
LINE
8
BLACK
6
CONTINUOUS
10
12.7242872440944872
20
-2.3854608661417323
11
12.7238260236220473
21
-2.3813729921259843
0
LINE
8
BLACK
6
CONTINUOUS
10
12.7238260236220473
20
-2.3813729921259843
11
12.7237351968503933
21
-2.3812821653543308
0
LINE
8
BLACK
6
CONTINUOUS
10
12.7237351968503933
20
-2.3812821653543308
11
12.7236602755905501
21
-2.3809055118110236
0
LINE
8
BLACK
6
CONTINUOUS
10
12.7236602755905501
20
-2.3809055118110236
11
12.7236602755905501
21
-1.8690944881889764
0
LINE
8
BLACK
6
CONTINUOUS
10
12.7236602755905501
20
-1.8690944881889764
11
12.7241785039370079
21
-1.8644950393700788
0
LINE
8
BLACK
6
CONTINUOUS
10
12.7241785039370079
20
-1.8644950393700788
11
12.7257071259842522
21
-1.8601262204724409
0
LINE
8
BLACK
6
CONTINUOUS
10
12.7257071259842522
20
-1.8601262204724409
11
12.7281696062992129
21
-1.8562070866141731
0
LINE
8
BLACK
6
CONTINUOUS
10
12.7281696062992129
20
-1.8562070866141731
11
12.7314423622047244
21
-1.8529341338582677
0
LINE
8
BLACK
6
CONTINUOUS
10
12.7314423622047244
20
-1.8529341338582677
11
12.7353613779527564
21
-1.8504714566929132
0
LINE
8
BLACK
6
CONTINUOUS
10
12.7353613779527564
20
-1.8504714566929132
11
12.739730118110236
21
-1.8489425196850393
0
LINE
8
BLACK
6
CONTINUOUS
10
12.739730118110236
20
-1.8489425196850393
11
12.7443295275590547
21
-1.8484240551181101
0
LINE
8
BLACK
6
CONTINUOUS
10
12.7443295275590547
20
-1.8484240551181101
11
12.7443295275590547
21
-1.8484251968503937
0
LINE
8
BLACK
6
CONTINUOUS
10
12.7418675590551178
20
-1.8503926771653543
11
12.7371112598425196
21
-1.8516673622047244
0
LINE
8
BLACK
6
CONTINUOUS
10
12.7371112598425196
20
-1.8516673622047244
11
12.7328469291338582
21
-1.8541296062992125
0
LINE
8
BLACK
6
CONTINUOUS
10
12.7328469291338582
20
-1.8541296062992125
11
12.7293651574803146
21
-1.8576116141732284
0
LINE
8
BLACK
6
CONTINUOUS
10
12.7293651574803146
20
-1.8576116141732284
11
12.7269031889763777
21
-1.861876062992126
0
LINE
8
BLACK
6
CONTINUOUS
10
12.7269031889763777
20
-1.861876062992126
11
12.7256287795275593
21
-1.8666324409448818
0
LINE
8
BLACK
6
CONTINUOUS
10
12.7256287795275593
20
-1.8666324409448818
11
12.7256287795275593
21
-1.8690944881889764
0
LINE
8
BLACK
6
CONTINUOUS
10
12.7256287795275593
20
-1.8690944881889764
11
12.7256287795275593
21
-2.3805266535433072
0
LINE
8
BLACK
6
CONTINUOUS
10
12.7256287795275593
20
-2.3805266535433072
11
12.7257375984251961
21
-2.3808614173228344
0
LINE
8
BLACK
6
CONTINUOUS
10
12.7257375984251961
20
-2.3808614173228344
11
12.7257368503936998
21
-2.3808614173228344
0
LINE
8
BLACK
6
CONTINUOUS
10
12.7257368503936998
20
-2.3808614173228344
11
12.7257372047244086
21
-2.3833233858267717
0
LINE
8
BLACK
6
CONTINUOUS
10
12.7257372047244086
20
-2.3833233858267717
11
12.7270122047244083
21
-2.3880794094488187
0
LINE
8
BLACK
6
CONTINUOUS
10
12.7270122047244083
20
-2.3880794094488187
11
12.7294744488188982
21
-2.392343503937008
0
LINE
8
BLACK
6
CONTINUOUS
10
12.7294744488188982
20
-2.392343503937008
11
12.7329562992125975
21
-2.3958251968503936
0
LINE
8
BLACK
6
CONTINUOUS
10
12.7329562992125975
20
-2.3958251968503936
11
12.7372204724409439
21
-2.3982872834645668
0
LINE
8
BLACK
6
CONTINUOUS
10
12.7372204724409439
20
-2.3982872834645668
11
12.7419765354330714
21
-2.3995620866141731
0
LINE
8
BLACK
6
CONTINUOUS
10
12.7419765354330714
20
-2.3995620866141731
11
12.7444385039370083
21
-2.3995623622047244
0
LINE
8
BLACK
6
CONTINUOUS
10
12.7444385039370083
20
-2.3995623622047244
11
12.7445737007874005
21
-2.3996062992125982
0
LINE
8
BLACK
6
CONTINUOUS
10
12.7445737007874005
20
-2.3996062992125982
11
13.2561405905511815
21
-2.3996062992125982
0
LINE
8
BLACK
6
CONTINUOUS
10
13.2561405905511815
20
-2.3996062992125982
11
13.2561406299212603
21
-2.3996062992125982
0
LINE
8
BLACK
6
CONTINUOUS
10
13.2561406299212603
20
-2.3996062992125982
11
13.2561406299212603
21
-2.3996051574803148
0
LINE
8
BLACK
6
CONTINUOUS
10
13.2561406299212603
20
-2.3996051574803148
11
13.2586025984251972
21
-2.3996053149606298
0
LINE
8
BLACK
6
CONTINUOUS
10
13.2586025984251972
20
-2.3996053149606298
11
13.2633587795275592
21
-2.3983311417322835
0
LINE
8
BLACK
6
CONTINUOUS
10
13.2633587795275592
20
-2.3983311417322835
11
13.2676230708661418
21
-2.3958693700787399
0
LINE
8
BLACK
6
CONTINUOUS
10
13.2676230708661418
20
-2.3958693700787399
11
13.2711049212598429
21
-2.3923877559055118
0
LINE
8
BLACK
6
CONTINUOUS
10
13.2711049212598429
20
-2.3923877559055118
11
13.2735669291338585
21
-2.3881235826771654
0
LINE
8
BLACK
6
CONTINUOUS
10
13.2735669291338585
20
-2.3881235826771654
11
13.2748413779527556
21
-2.3833674409448817
0
LINE
8
BLACK
6
CONTINUOUS
10
13.2748413779527556
20
-2.3833674409448817
11
13.2748413779527556
21
-2.3809055118110236
0
LINE
8
BLACK
6
CONTINUOUS
10
13.2748413779527556
20
-2.3809055118110236
11
13.2748413779527556
21
-1.8690944881889764
0
LINE
8
BLACK
6
CONTINUOUS
10
13.2748413779527556
20
-1.8690944881889764
11
13.2748425196850395
21
-1.8690887401574803
0
LINE
8
BLACK
6
CONTINUOUS
10
13.2748425196850395
20
-1.8690887401574803
11
13.2748425196850395
21
-1.866632401574803
0
LINE
8
BLACK
6
CONTINUOUS
10
13.2748425196850395
20
-1.866632401574803
11
13.2735679921259848
21
-1.8618759842519685
0
LINE
8
BLACK
6
CONTINUOUS
10
13.2735679921259848
20
-1.8618759842519685
11
13.2711058267716524
21
-1.8576115748031496
0
LINE
8
BLACK
6
CONTINUOUS
10
13.2711058267716524
20
-1.8576115748031496
11
13.2676237795275593
21
-1.8541297244094488
0
LINE
8
BLACK
6
CONTINUOUS
10
13.2676237795275593
20
-1.8541297244094488
11
13.2633592125984254
21
-1.8516677952755904
0
LINE
8
BLACK
6
CONTINUOUS
10
13.2633592125984254
20
-1.8516677952755904
11
13.2586027559055122
21
-1.8503935433070866
0
LINE
8
BLACK
6
CONTINUOUS
10
13.2586027559055122
20
-1.8503935433070866
11
13.2561406299212603
21
-1.8503937007874016
0
LINE
8
BLACK
6
CONTINUOUS
10
13.2561406299212603
20
-1.8503937007874016
11
13.2561405905511815
21
-1.8503936614173229
0
LINE
8
BLACK
6
CONTINUOUS
10
13.2561405905511815
20
-1.8503936614173229
11
13.2561405905511815
21
-1.8503937007874016
0
LINE
8
BLACK
6
CONTINUOUS
10
13.2561405905511815
20
-1.8503937007874016
11
12.7443296062992122
21
-1.8503937007874016
0
LINE
8
BLACK
6
CONTINUOUS
10
12.7443296062992122
20
-1.8503937007874016
11
12.7443295669291334
21
-1.8503937007874016
0
LINE
8
BLACK
6
CONTINUOUS
10
12.7443295669291334
20
-1.8503937007874016
11
12.7443238188976373
21
-1.850392559055118
0
LINE
8
BLACK
6
CONTINUOUS
10
12.7443238188976373
20
-1.850392559055118
11
12.7418675590551178
21
-1.8503926771653543
0
LINE
8
BLACK
6
CONTINUOUS
10
8.9942509448818893
20
-1.7545274409448819
11
8.994250984251968
21
-1.7545274409448819
0
LINE
8
BLACK
6
CONTINUOUS
10
8.994250984251968
20
-1.7545274409448819
11
9.5060620078740161
21
-1.7545274409448819
0
LINE
8
BLACK
6
CONTINUOUS
10
9.5060620078740161
20
-1.7545274409448819
11
9.5060620472440949
21
-1.7545274409448819
0
LINE
8
BLACK
6
CONTINUOUS
10
9.5060620472440949
20
-1.7545274409448819
11
9.5106614960629923
21
-1.7550454724409448
0
LINE
8
BLACK
6
CONTINUOUS
10
9.5106614960629923
20
-1.7550454724409448
11
9.5150304330708657
21
-1.7565740157480314
0
LINE
8
BLACK
6
CONTINUOUS
10
9.5150304330708657
20
-1.7565740157480314
11
9.5189496456692915
21
-1.7590364566929133
0
LINE
8
BLACK
6
CONTINUOUS
10
9.5189496456692915
20
-1.7590364566929133
11
9.5222226771653542
21
-1.7623092913385827
0
LINE
8
BLACK
6
CONTINUOUS
10
9.5222226771653542
20
-1.7623092913385827
11
9.5246853149606299
21
-1.7662283858267716
0
LINE
8
BLACK
6
CONTINUOUS
10
9.5246853149606299
20
-1.7662283858267716
11
9.526214133858268
21
-1.7705972440944882
0
LINE
8
BLACK
6
CONTINUOUS
10
9.526214133858268
20
-1.7705972440944882
11
9.5267324015748027
21
-1.7751967322834645
0
LINE
8
BLACK
6
CONTINUOUS
10
9.5267324015748027
20
-1.7751967322834645
11
9.5267312992125976
21
-1.7751967322834645
0
LINE
8
BLACK
6
CONTINUOUS
10
9.5267312992125976
20
-1.7751967322834645
11
9.5267312992125976
21
-2.287007755905512
0
LINE
8
BLACK
6
CONTINUOUS
10
9.5267312992125976
20
-2.287007755905512
11
9.5262131102362204
21
-2.2916070472440944
0
LINE
8
BLACK
6
CONTINUOUS
10
9.5262131102362204
20
-2.2916070472440944
11
9.5246844094488186
21
-2.2959757086614174
0
LINE
8
BLACK
6
CONTINUOUS
10
9.5246844094488186
20
-2.2959757086614174
11
9.5222218897637791
21
-2.2998946456692915
0
LINE
8
BLACK
6
CONTINUOUS
10
9.5222218897637791
20
-2.2998946456692915
11
9.5189490551181102
21
-2.3031673228346454
0
LINE
8
BLACK
6
CONTINUOUS
10
9.5189490551181102
20
-2.3031673228346454
11
9.5150299999999994
21
-2.3056296850393698
0
LINE
8
BLACK
6
CONTINUOUS
10
9.5150299999999994
20
-2.3056296850393698
11
9.5106612598425198
21
-2.3071581889763779
0
LINE
8
BLACK
6
CONTINUOUS
10
9.5106612598425198
20
-2.3071581889763779
11
9.5060720866141732
21
-2.3076750393700789
0
LINE
8
BLACK
6
CONTINUOUS
10
9.5060720866141732
20
-2.3076750393700789
11
9.5060620078740161
21
-2.3076770472440944
0
LINE
8
BLACK
6
CONTINUOUS
10
9.5060620078740161
20
-2.3076770472440944
11
9.5060619685039374
21
-2.3076770472440944
0
LINE
8
BLACK
6
CONTINUOUS
10
9.5060619685039374
20
-2.3076770472440944
11
8.994250984251968
21
-2.3076770472440944
0
LINE
8
BLACK
6
CONTINUOUS
10
8.994250984251968
20
-2.3076770472440944
11
8.9938743307086604
21
-2.3076021259842521
0
LINE
8
BLACK
6
CONTINUOUS
10
8.9938743307086604
20
-2.3076021259842521
11
8.9938475590551175
21
-2.3075753543307087
0
LINE
8
BLACK
6
CONTINUOUS
10
8.9938475590551175
20
-2.3075753543307087
11
8.9897605118110242
21
-2.3071144488188975
0
LINE
8
BLACK
6
CONTINUOUS
10
8.9897605118110242
20
-2.3071144488188975
11
8.9853920078740153
21
-2.3055855118110236
0
LINE
8
BLACK
6
CONTINUOUS
10
8.9853920078740153
20
-2.3055855118110236
11
8.9814731102362195
21
-2.3031230314960629
0
LINE
8
BLACK
6
CONTINUOUS
10
8.9814731102362195
20
-2.3031230314960629
11
8.9782003149606293
21
-2.2998503543307085
0
LINE
8
BLACK
6
CONTINUOUS
10
8.9782003149606293
20
-2.2998503543307085
11
8.9757376771653536
21
-2.2959315748031495
0
LINE
8
BLACK
6
CONTINUOUS
10
8.9757376771653536
20
-2.2959315748031495
11
8.974208582677166
21
-2.2915631496062994
0
LINE
8
BLACK
6
CONTINUOUS
10
8.974208582677166
20
-2.2915631496062994
11
8.9737473622047244
21
-2.2874751574803147
0
LINE
8
BLACK
6
CONTINUOUS
10
8.9737473622047244
20
-2.2874751574803147
11
8.9736566141732279
21
-2.2873844094488187
0
LINE
8
BLACK
6
CONTINUOUS
10
8.9736566141732279
20
-2.2873844094488187
11
8.9735816929133865
21
-2.287007755905512
0
LINE
8
BLACK
6
CONTINUOUS
10
8.9735816929133865
20
-2.287007755905512
11
8.9735816929133865
21
-1.7751967322834645
0
LINE
8
BLACK
6
CONTINUOUS
10
8.9735816929133865
20
-1.7751967322834645
11
8.9740999212598425
21
-1.7705973228346457
0
LINE
8
BLACK
6
CONTINUOUS
10
8.9740999212598425
20
-1.7705973228346457
11
8.9756286220472443
21
-1.7662285433070866
0
LINE
8
BLACK
6
CONTINUOUS
10
8.9756286220472443
20
-1.7662285433070866
11
8.9780910629921262
21
-1.7623094488188975
0
LINE
8
BLACK
6
CONTINUOUS
10
8.9780910629921262
20
-1.7623094488188975
11
8.9813638582677164
21
-1.7590364960629921
0
LINE
8
BLACK
6
CONTINUOUS
10
8.9813638582677164
20
-1.7590364960629921
11
8.9852828346456697
21
-1.7565738976377951
0
LINE
8
BLACK
6
CONTINUOUS
10
8.9852828346456697
20
-1.7565738976377951
11
8.9896515354330706
21
-1.755045
0
LINE
8
BLACK
6
CONTINUOUS
10
8.9896515354330706
20
-1.755045
11
8.9942509448818893
21
-1.7545265748031496
0
LINE
8
BLACK
6
CONTINUOUS
10
8.9942509448818893
20
-1.7545265748031496
11
8.9942509448818893
21
-1.7545274409448819
0
LINE
8
BLACK
6
CONTINUOUS
10
8.9917889763779524
20
-1.7564951968503937
11
8.9870327165354329
21
-1.757769842519685
0
LINE
8
BLACK
6
CONTINUOUS
10
8.9870327165354329
20
-1.757769842519685
11
8.9827684251968503
21
-1.7602320078740157
0
LINE
8
BLACK
6
CONTINUOUS
10
8.9827684251968503
20
-1.7602320078740157
11
8.9792866141732279
21
-1.763713937007874
0
LINE
8
BLACK
6
CONTINUOUS
10
8.9792866141732279
20
-1.763713937007874
11
8.9768246456692911
21
-1.7679783858267717
0
LINE
8
BLACK
6
CONTINUOUS
10
8.9768246456692911
20
-1.7679783858267717
11
8.9755501968503939
21
-1.7727346850393699
0
LINE
8
BLACK
6
CONTINUOUS
10
8.9755501968503939
20
-1.7727346850393699
11
8.9755501968503939
21
-1.7751967322834645
0
LINE
8
BLACK
6
CONTINUOUS
10
8.9755501968503939
20
-1.7751967322834645
11
8.9755501968503939
21
-2.2866288976377951
0
LINE
8
BLACK
6
CONTINUOUS
10
8.9755501968503939
20
-2.2866288976377951
11
8.9756590157480307
21
-2.2869636614173228
0
LINE
8
BLACK
6
CONTINUOUS
10
8.9756590157480307
20
-2.2869636614173228
11
8.9756582283464557
21
-2.2869636614173228
0
LINE
8
BLACK
6
CONTINUOUS
10
8.9756582283464557
20
-2.2869636614173228
11
8.9756585826771644
21
-2.2894256299212596
0
LINE
8
BLACK
6
CONTINUOUS
10
8.9756585826771644
20
-2.2894256299212596
11
8.9769335433070871
21
-2.2941816929133858
0
LINE
8
BLACK
6
CONTINUOUS
10
8.9769335433070871
20
-2.2941816929133858
11
8.979395826771654
21
-2.2984457874015747
0
LINE
8
BLACK
6
CONTINUOUS
10
8.979395826771654
20
-2.2984457874015747
11
8.9828776377952746
21
-2.3019274803149608
0
LINE
8
BLACK
6
CONTINUOUS
10
8.9828776377952746
20
-2.3019274803149608
11
8.9871418503936997
21
-2.3043895669291339
0
LINE
8
BLACK
6
CONTINUOUS
10
8.9871418503936997
20
-2.3043895669291339
11
8.991897952755906
21
-2.3056643307086615
0
LINE
8
BLACK
6
CONTINUOUS
10
8.991897952755906
20
-2.3056643307086615
11
8.9943599212598428
21
-2.3056646062992123
0
LINE
8
BLACK
6
CONTINUOUS
10
8.9943599212598428
20
-2.3056646062992123
11
8.9944951181102368
21
-2.3057085433070865
0
LINE
8
BLACK
6
CONTINUOUS
10
8.9944951181102368
20
-2.3057085433070865
11
9.5060620078740161
21
-2.3057085433070865
0
LINE
8
BLACK
6
CONTINUOUS
10
9.5060620078740161
20
-2.3057085433070865
11
9.5060620472440949
21
-2.3057085433070865
0
LINE
8
BLACK
6
CONTINUOUS
10
9.5060620472440949
20
-2.3057085433070865
11
9.5060620472440949
21
-2.3057076771653544
0
LINE
8
BLACK
6
CONTINUOUS
10
9.5060620472440949
20
-2.3057076771653544
11
9.5085240157480317
21
-2.3057077952755907
0
LINE
8
BLACK
6
CONTINUOUS
10
9.5085240157480317
20
-2.3057077952755907
11
9.5132802362204725
21
-2.3044335826771651
0
LINE
8
BLACK
6
CONTINUOUS
10
9.5132802362204725
20
-2.3044335826771651
11
9.5175445669291339
21
-2.3019717716535433
0
LINE
8
BLACK
6
CONTINUOUS
10
9.5175445669291339
20
-2.3019717716535433
11
9.5210263779527562
21
-2.2984900787401576
0
LINE
8
BLACK
6
CONTINUOUS
10
9.5210263779527562
20
-2.2984900787401576
11
9.5234883858267718
21
-2.2942258661417321
0
LINE
8
BLACK
6
CONTINUOUS
10
9.5234883858267718
20
-2.2942258661417321
11
9.524762834645669
21
-2.2894697244094488
0
LINE
8
BLACK
6
CONTINUOUS
10
9.524762834645669
20
-2.2894697244094488
11
9.5247627952755902
21
-2.287007755905512
0
LINE
8
BLACK
6
CONTINUOUS
10
9.5247627952755902
20
-2.287007755905512
11
9.5247627952755902
21
-1.7751967322834645
0
LINE
8
BLACK
6
CONTINUOUS
10
9.5247627952755902
20
-1.7751967322834645
11
9.5247638976377953
21
-1.7751911811023622
0
LINE
8
BLACK
6
CONTINUOUS
10
9.5247638976377953
20
-1.7751911811023622
11
9.5247638976377953
21
-1.7727346456692914
0
LINE
8
BLACK
6
CONTINUOUS
10
9.5247638976377953
20
-1.7727346456692914
11
9.5234893307086619
21
-1.7679782677165354
0
LINE
8
BLACK
6
CONTINUOUS
10
9.5234893307086619
20
-1.7679782677165354
11
9.5210271653543312
21
-1.7637138582677165
0
LINE
8
BLACK
6
CONTINUOUS
10
9.5210271653543312
20
-1.7637138582677165
11
9.5175451574803152
21
-1.7602320472440944
0
LINE
8
BLACK
6
CONTINUOUS
10
9.5175451574803152
20
-1.7602320472440944
11
9.5132805905511812
21
-1.7577700787401573
0
LINE
8
BLACK
6
CONTINUOUS
10
9.5132805905511812
20
-1.7577700787401573
11
9.508524133858268
21
-1.7564958267716535
0
LINE
8
BLACK
6
CONTINUOUS
10
9.508524133858268
20
-1.7564958267716535
11
9.5060620472440949
21
-1.7564959448818898
0
LINE
8
BLACK
6
CONTINUOUS
10
9.5060620472440949
20
-1.7564959448818898
11
9.5060620078740161
21
-1.756495905511811
0
LINE
8
BLACK
6
CONTINUOUS
10
9.5060620078740161
20
-1.756495905511811
11
9.5060620078740161
21
-1.7564959448818898
0
LINE
8
BLACK
6
CONTINUOUS
10
9.5060620078740161
20
-1.7564959448818898
11
8.9942510236220468
21
-1.7564959448818898
0
LINE
8
BLACK
6
CONTINUOUS
10
8.9942510236220468
20
-1.7564959448818898
11
8.994250984251968
21
-1.7564959448818898
0
LINE
8
BLACK
6
CONTINUOUS
10
8.994250984251968
20
-1.7564959448818898
11
8.9942466141732282
21
-1.7564950787401574
0
LINE
8
BLACK
6
CONTINUOUS
10
8.9942466141732282
20
-1.7564950787401574
11
8.9917889763779524
21
-1.7564951968503937
0
LINE
8
BLACK
6
CONTINUOUS
10
9.7442509448818893
20
-1.6608266929133857
11
9.744250984251968
21
-1.6608266929133857
0
LINE
8
BLACK
6
CONTINUOUS
10
9.744250984251968
20
-1.6608266929133857
11
10.2560620078740161
21
-1.6608266929133857
0
LINE
8
BLACK
6
CONTINUOUS
10
10.2560620078740161
20
-1.6608266929133857
11
10.2560620472440949
21
-1.6608266929133857
0
LINE
8
BLACK
6
CONTINUOUS
10
10.2560620472440949
20
-1.6608266929133857
11
10.2606614960629923
21
-1.6613447244094488
0
LINE
8
BLACK
6
CONTINUOUS
10
10.2606614960629923
20
-1.6613447244094488
11
10.265030393700787
21
-1.6628732677165354
0
LINE
8
BLACK
6
CONTINUOUS
10
10.265030393700787
20
-1.6628732677165354
11
10.2689496456692915
21
-1.6653357086614173
0
LINE
8
BLACK
6
CONTINUOUS
10
10.2689496456692915
20
-1.6653357086614173
11
10.2722226377952754
21
-1.6686085433070865
0
LINE
8
BLACK
6
CONTINUOUS
10
10.2722226377952754
20
-1.6686085433070865
11
10.2746853149606299
21
-1.6725276377952756
0
LINE
8
BLACK
6
CONTINUOUS
10
10.2746853149606299
20
-1.6725276377952756
11
10.2762140944881892
21
-1.6768964960629922
0
LINE
8
BLACK
6
CONTINUOUS
10
10.2762140944881892
20
-1.6768964960629922
11
10.276732362204724
21
-1.6814959842519686
0
LINE
8
BLACK
6
CONTINUOUS
10
10.276732362204724
20
-1.6814959842519686
11
10.2767312992125976
21
-1.6814959842519686
0
LINE
8
BLACK
6
CONTINUOUS
10
10.2767312992125976
20
-1.6814959842519686
11
10.2767312992125976
21
-2.1933070078740156
0
LINE
8
BLACK
6
CONTINUOUS
10
10.2767312992125976
20
-2.1933070078740156
11
10.2762130708661417
21
-2.1979062992125984
0
LINE
8
BLACK
6
CONTINUOUS
10
10.2762130708661417
20
-2.1979062992125984
11
10.2746844094488186
21
-2.202274960629921
0
LINE
8
BLACK
6
CONTINUOUS
10
10.2746844094488186
20
-2.202274960629921
11
10.2722218897637791
21
-2.2061938582677163
0
LINE
8
BLACK
6
CONTINUOUS
10
10.2722218897637791
20
-2.2061938582677163
11
10.2689490551181102
21
-2.2094665748031495
0
LINE
8
BLACK
6
CONTINUOUS
10
10.2689490551181102
20
-2.2094665748031495
11
10.2650299999999994
21
-2.2119288976377951
0
LINE
8
BLACK
6
CONTINUOUS
10
10.2650299999999994
20
-2.2119288976377951
11
10.2606612598425198
21
-2.2134574015748032
0
LINE
8
BLACK
6
CONTINUOUS
10
10.2606612598425198
20
-2.2134574015748032
11
10.2560725196850395
21
-2.2139741732283462
0
LINE
8
BLACK
6
CONTINUOUS
10
10.2560725196850395
20
-2.2139741732283462
11
10.2560620078740161
21
-2.2139762992125984
0
LINE
8
BLACK
6
CONTINUOUS
10
10.2560620078740161
20
-2.2139762992125984
11
10.2560619685039374
21
-2.2139762992125984
0
LINE
8
BLACK
6
CONTINUOUS
10
10.2560619685039374
20
-2.2139762992125984
11
9.744250984251968
21
-2.2139762992125984
0
LINE
8
BLACK
6
CONTINUOUS
10
9.744250984251968
20
-2.2139762992125984
11
9.7438743307086604
21
-2.2139013779527557
0
LINE
8
BLACK
6
CONTINUOUS
10
9.7438743307086604
20
-2.2139013779527557
11
9.7438475590551175
21
-2.2138746062992127
0
LINE
8
BLACK
6
CONTINUOUS
10
9.7438475590551175
20
-2.2138746062992127
11
9.7397605118110242
21
-2.2134137007874015
0
LINE
8
BLACK
6
CONTINUOUS
10
9.7397605118110242
20
-2.2134137007874015
11
9.7353919685039365
21
-2.2118847637795276
0
LINE
8
BLACK
6
CONTINUOUS
10
9.7353919685039365
20
-2.2118847637795276
11
9.7314731102362195
21
-2.2094222834645669
0
LINE
8
BLACK
6
CONTINUOUS
10
9.7314731102362195
20
-2.2094222834645669
11
9.7282003149606293
21
-2.2061496062992125
0
LINE
8
BLACK
6
CONTINUOUS
10
9.7282003149606293
20
-2.2061496062992125
11
9.7257376377952749
21
-2.2022308267716535
0
LINE
8
BLACK
6
CONTINUOUS
10
9.7257376377952749
20
-2.2022308267716535
11
9.7242085433070855
21
-2.1978624015748029
0
LINE
8
BLACK
6
CONTINUOUS
10
9.7242085433070855
20
-2.1978624015748029
11
9.7237473228346456
21
-2.19377437007874
0
LINE
8
BLACK
6
CONTINUOUS
10
9.7237473228346456
20
-2.19377437007874
11
9.7236566141732279
21
-2.1936836614173227
0
LINE
8
BLACK
6
CONTINUOUS
10
9.7236566141732279
20
-2.1936836614173227
11
9.7235816929133865
21
-2.1933070078740156
0
LINE
8
BLACK
6
CONTINUOUS
10
9.7235816929133865
20
-2.1933070078740156
11
9.7235816929133865
21
-1.6814959842519686
0
LINE
8
BLACK
6
CONTINUOUS
10
9.7235816929133865
20
-1.6814959842519686
11
9.7240999212598425
21
-1.6768965748031495
0
LINE
8
BLACK
6
CONTINUOUS
10
9.7240999212598425
20
-1.6768965748031495
11
9.7256285826771656
21
-1.6725277952755906
0
LINE
8
BLACK
6
CONTINUOUS
10
9.7256285826771656
20
-1.6725277952755906
11
9.7280910629921262
21
-1.6686086614173228
0
LINE
8
BLACK
6
CONTINUOUS
10
9.7280910629921262
20
-1.6686086614173228
11
9.7313638188976377
21
-1.6653357480314961
0
LINE
8
BLACK
6
CONTINUOUS
10
9.7313638188976377
20
-1.6653357480314961
11
9.7352828346456697
21
-1.6628731102362204
0
LINE
8
BLACK
6
CONTINUOUS
10
9.7352828346456697
20
-1.6628731102362204
11
9.7396515354330706
21
-1.6613442125984252
0
LINE
8
BLACK
6
CONTINUOUS
10
9.7396515354330706
20
-1.6613442125984252
11
9.7442509448818893
21
-1.6608257874015748
0
LINE
8
BLACK
6
CONTINUOUS
10
9.7442509448818893
20
-1.6608257874015748
11
9.7442509448818893
21
-1.6608266929133857
0
LINE
8
BLACK
6
CONTINUOUS
10
9.7417889763779524
20
-1.662794409448819
11
9.7370327165354329
21
-1.6640690551181101
0
LINE
8
BLACK
6
CONTINUOUS
10
9.7370327165354329
20
-1.6640690551181101
11
9.7327683858267715
21
-1.666531220472441
0
LINE
8
BLACK
6
CONTINUOUS
10
9.7327683858267715
20
-1.666531220472441
11
9.7292866141732279
21
-1.6700131889763778
0
LINE
8
BLACK
6
CONTINUOUS
10
9.7292866141732279
20
-1.6700131889763778
11
9.7268246062992123
21
-1.6742775984251967
0
LINE
8
BLACK
6
CONTINUOUS
10
9.7268246062992123
20
-1.6742775984251967
11
9.7255501968503939
21
-1.679033937007874
0
LINE
8
BLACK
6
CONTINUOUS
10
9.7255501968503939
20
-1.679033937007874
11
9.7255501968503939
21
-1.6814959842519686
0
LINE
8
BLACK
6
CONTINUOUS
10
9.7255501968503939
20
-1.6814959842519686
11
9.7255501968503939
21
-2.1929281496062991
0
LINE
8
BLACK
6
CONTINUOUS
10
9.7255501968503939
20
-2.1929281496062991
11
9.7256590157480307
21
-2.1932629133858268
0
LINE
8
BLACK
6
CONTINUOUS
10
9.7256590157480307
20
-2.1932629133858268
11
9.7256581889763769
21
-2.1932629133858268
0
LINE
8
BLACK
6
CONTINUOUS
10
9.7256581889763769
20
-2.1932629133858268
11
9.7256585433070857
21
-2.1957248818897637
0
LINE
8
BLACK
6
CONTINUOUS
10
9.7256585433070857
20
-2.1957248818897637
11
9.7269335039370084
21
-2.2004809448818898
0
LINE
8
BLACK
6
CONTINUOUS
10
9.7269335039370084
20
-2.2004809448818898
11
9.7293957874015753
21
-2.2047450393700787
0
LINE
8
BLACK
6
CONTINUOUS
10
9.7293957874015753
20
-2.2047450393700787
11
9.7328776377952746
21
-2.2082267322834643
0
LINE
8
BLACK
6
CONTINUOUS
10
9.7328776377952746
20
-2.2082267322834643
11
9.7371418503936997
21
-2.2106888188976379
0
LINE
8
BLACK
6
CONTINUOUS
10
9.7371418503936997
20
-2.2106888188976379
11
9.741897952755906
21
-2.2119635826771651
0
LINE
8
BLACK
6
CONTINUOUS
10
9.741897952755906
20
-2.2119635826771651
11
9.7443599212598428
21
-2.2119638582677164
0
LINE
8
BLACK
6
CONTINUOUS
10
9.7443599212598428
20
-2.2119638582677164
11
9.7444951181102368
21
-2.2120077952755905
0
LINE
8
BLACK
6
CONTINUOUS
10
9.7444951181102368
20
-2.2120077952755905
11
10.2560620078740161
21
-2.2120077952755905
0
LINE
8
BLACK
6
CONTINUOUS
10
10.2560620078740161
20
-2.2120077952755905
11
10.2560620472440949
21
-2.2120077952755905
0
LINE
8
BLACK
6
CONTINUOUS
10
10.2560620472440949
20
-2.2120077952755905
11
10.2560620472440949
21
-2.2120068897637797
0
LINE
8
BLACK
6
CONTINUOUS
10
10.2560620472440949
20
-2.2120068897637797
11
10.2585240157480317
21
-2.2120070078740155
0
LINE
8
BLACK
6
CONTINUOUS
10
10.2585240157480317
20
-2.2120070078740155
11
10.2632802362204725
21
-2.2107327952755904
0
LINE
8
BLACK
6
CONTINUOUS
10
10.2632802362204725
20
-2.2107327952755904
11
10.2675445275590551
21
-2.2082709842519685
0
LINE
8
BLACK
6
CONTINUOUS
10
10.2675445275590551
20
-2.2082709842519685
11
10.2710263779527562
21
-2.2047893307086612
0
LINE
8
BLACK
6
CONTINUOUS
10
10.2710263779527562
20
-2.2047893307086612
11
10.2734883858267718
21
-2.2005251181102361
0
LINE
8
BLACK
6
CONTINUOUS
10
10.2734883858267718
20
-2.2005251181102361
11
10.2747627952755902
21
-2.1957689763779529
0
LINE
8
BLACK
6
CONTINUOUS
10
10.2747627952755902
20
-2.1957689763779529
11
10.2747627952755902
21
-2.1933070078740156
0
LINE
8
BLACK
6
CONTINUOUS
10
10.2747627952755902
20
-2.1933070078740156
11
10.2747627952755902
21
-1.6814959842519686
0
LINE
8
BLACK
6
CONTINUOUS
10
10.2747627952755902
20
-1.6814959842519686
11
10.2747638582677165
21
-1.6814906299212597
0
LINE
8
BLACK
6
CONTINUOUS
10
10.2747638582677165
20
-1.6814906299212597
11
10.2747638582677165
21
-1.6790338976377952
0
LINE
8
BLACK
6
CONTINUOUS
10
10.2747638582677165
20
-1.6790338976377952
11
10.2734893307086619
21
-1.6742775196850392
0
LINE
8
BLACK
6
CONTINUOUS
10
10.2734893307086619
20
-1.6742775196850392
11
10.2710271653543312
21
-1.6700131102362203
0
LINE
8
BLACK
6
CONTINUOUS
10
10.2710271653543312
20
-1.6700131102362203
11
10.2675451181102364
21
-1.6665312992125985
0
LINE
8
BLACK
6
CONTINUOUS
10
10.2675451181102364
20
-1.6665312992125985
11
10.2632805905511812
21
-1.6640693307086614
0
LINE
8
BLACK
6
CONTINUOUS
10
10.2632805905511812
20
-1.6640693307086614
11
10.258524133858268
21
-1.6627950787401575
0
LINE
8
BLACK
6
CONTINUOUS
10
10.258524133858268
20
-1.6627950787401575
11
10.2560620472440949
21
-1.6627951968503936
0
LINE
8
BLACK
6
CONTINUOUS
10
10.2560620472440949
20
-1.6627951968503936
11
10.2560620078740161
21
-1.662795157480315
0
LINE
8
BLACK
6
CONTINUOUS
10
10.2560620078740161
20
-1.662795157480315
11
10.2560620078740161
21
-1.6627951968503936
0
LINE
8
BLACK
6
CONTINUOUS
10
10.2560620078740161
20
-1.6627951968503936
11
9.7442510236220468
21
-1.6627951968503936
0
LINE
8
BLACK
6
CONTINUOUS
10
9.7442510236220468
20
-1.6627951968503936
11
9.744250984251968
21
-1.6627951968503936
0
LINE
8
BLACK
6
CONTINUOUS
10
9.744250984251968
20
-1.6627951968503936
11
9.7442464173228345
21
-1.6627942913385827
0
LINE
8
BLACK
6
CONTINUOUS
10
9.7442464173228345
20
-1.6627942913385827
11
9.7417889763779524
21
-1.662794409448819
0
LINE
8
BLACK
6
CONTINUOUS
10
11.2442902755905507
20
-1.6608266929133857
11
11.2442903149606295
21
-1.6608266929133857
0
LINE
8
BLACK
6
CONTINUOUS
10
11.2442903149606295
20
-1.6608266929133857
11
11.7561013385826776
21
-1.6608266929133857
0
LINE
8
BLACK
6
CONTINUOUS
10
11.7561013385826776
20
-1.6608266929133857
11
11.7561013779527563
21
-1.6608266929133857
0
LINE
8
BLACK
6
CONTINUOUS
10
11.7561013779527563
20
-1.6608266929133857
11
11.7607008267716537
21
-1.6613447244094488
0
LINE
8
BLACK
6
CONTINUOUS
10
11.7607008267716537
20
-1.6613447244094488
11
11.7650697637795272
21
-1.6628732677165354
0
LINE
8
BLACK
6
CONTINUOUS
10
11.7650697637795272
20
-1.6628732677165354
11
11.7689889763779529
21
-1.6653357086614173
0
LINE
8
BLACK
6
CONTINUOUS
10
11.7689889763779529
20
-1.6653357086614173
11
11.7722620078740157
21
-1.6686085433070865
0
LINE
8
BLACK
6
CONTINUOUS
10
11.7722620078740157
20
-1.6686085433070865
11
11.7747246456692913
21
-1.6725276377952756
0
LINE
8
BLACK
6
CONTINUOUS
10
11.7747246456692913
20
-1.6725276377952756
11
11.7762534645669295
21
-1.6768964960629922
0
LINE
8
BLACK
6
CONTINUOUS
10
11.7762534645669295
20
-1.6768964960629922
11
11.7767717322834642
21
-1.6814959842519686
0
LINE
8
BLACK
6
CONTINUOUS
10
11.7767717322834642
20
-1.6814959842519686
11
11.7767706299212591
21
-1.6814959842519686
0
LINE
8
BLACK
6
CONTINUOUS
10
11.7767706299212591
20
-1.6814959842519686
11
11.7767706299212591
21
-2.1933070078740156
0
LINE
8
BLACK
6
CONTINUOUS
10
11.7767706299212591
20
-2.1933070078740156
11
11.7762524015748031
21
-2.1979062992125984
0
LINE
8
BLACK
6
CONTINUOUS
10
11.7762524015748031
20
-2.1979062992125984
11
11.7747237007874013
21
-2.2022749212598423
0
LINE
8
BLACK
6
CONTINUOUS
10
11.7747237007874013
20
-2.2022749212598423
11
11.7722612204724406
21
-2.2061938582677163
0
LINE
8
BLACK
6
CONTINUOUS
10
11.7722612204724406
20
-2.2061938582677163
11
11.7689883464566929
21
-2.2094665354330707
0
LINE
8
BLACK
6
CONTINUOUS
10
11.7689883464566929
20
-2.2094665354330707
11
11.7650693307086609
21
-2.2119288582677163
0
LINE
8
BLACK
6
CONTINUOUS
10
11.7650693307086609
20
-2.2119288582677163
11
11.7607005905511812
21
-2.2134573622047244
0
LINE
8
BLACK
6
CONTINUOUS
10
11.7607005905511812
20
-2.2134573622047244
11
11.756112322834646
21
-2.2139740944881887
0
LINE
8
BLACK
6
CONTINUOUS
10
11.756112322834646
20
-2.2139740944881887
11
11.7561013385826776
21
-2.2139762992125984
0
LINE
8
BLACK
6
CONTINUOUS
10
11.7561013385826776
20
-2.2139762992125984
11
11.7561012992125988
21
-2.2139762992125984
0
LINE
8
BLACK
6
CONTINUOUS
10
11.7561012992125988
20
-2.2139762992125984
11
11.2442903149606295
21
-2.2139762992125984
0
LINE
8
BLACK
6
CONTINUOUS
10
11.2442903149606295
20
-2.2139762992125984
11
11.2439136614173218
21
-2.2139013779527557
0
LINE
8
BLACK
6
CONTINUOUS
10
11.2439136614173218
20
-2.2139013779527557
11
11.2438868503937002
21
-2.213874566929134
0
LINE
8
BLACK
6
CONTINUOUS
10
11.2438868503937002
20
-2.213874566929134
11
11.2397998425196857
21
-2.2134136614173228
0
LINE
8
BLACK
6
CONTINUOUS
10
11.2397998425196857
20
-2.2134136614173228
11
11.2354313385826767
21
-2.2118847637795276
0
LINE
8
BLACK
6
CONTINUOUS
10
11.2354313385826767
20
-2.2118847637795276
11
11.231512440944881
21
-2.2094222440944882
0
LINE
8
BLACK
6
CONTINUOUS
10
11.231512440944881
20
-2.2094222440944882
11
11.2282396850393695
21
-2.2061496062992125
0
LINE
8
BLACK
6
CONTINUOUS
10
11.2282396850393695
20
-2.2061496062992125
11
11.2257770078740151
21
-2.2022308267716535
0
LINE
8
BLACK
6
CONTINUOUS
10
11.2257770078740151
20
-2.2022308267716535
11
11.2242479133858257
21
-2.1978624015748029
0
LINE
8
BLACK
6
CONTINUOUS
10
11.2242479133858257
20
-2.1978624015748029
11
11.2237866929133858
21
-2.1937744094488187
0
LINE
8
BLACK
6
CONTINUOUS
10
11.2237866929133858
20
-2.1937744094488187
11
11.2236959448818894
21
-2.1936836614173227
0
LINE
8
BLACK
6
CONTINUOUS
10
11.2236959448818894
20
-2.1936836614173227
11
11.2236210236220462
21
-2.1933070078740156
0
LINE
8
BLACK
6
CONTINUOUS
10
11.2236210236220462
20
-2.1933070078740156
11
11.2236210236220462
21
-1.6814959842519686
0
LINE
8
BLACK
6
CONTINUOUS
10
11.2236210236220462
20
-1.6814959842519686
11
11.2241392519685039
21
-1.6768965748031495
0
LINE
8
BLACK
6
CONTINUOUS
10
11.2241392519685039
20
-1.6768965748031495
11
11.225667913385827
21
-1.6725277559055118
0
LINE
8
BLACK
6
CONTINUOUS
10
11.225667913385827
20
-1.6725277559055118
11
11.2281303937007877
21
-1.6686086614173228
0
LINE
8
BLACK
6
CONTINUOUS
10
11.2281303937007877
20
-1.6686086614173228
11
11.2314031496062992
21
-1.6653357086614173
0
LINE
8
BLACK
6
CONTINUOUS
10
11.2314031496062992
20
-1.6653357086614173
11
11.2353221653543311
21
-1.6628730708661417
0
LINE
8
BLACK
6
CONTINUOUS
10
11.2353221653543311
20
-1.6628730708661417
11
11.2396908661417321
21
-1.6613442125984252
0
LINE
8
BLACK
6
CONTINUOUS
10
11.2396908661417321
20
-1.6613442125984252
11
11.2442902755905507
21
-1.6608257480314961
0
LINE
8
BLACK
6
CONTINUOUS
10
11.2442902755905507
20
-1.6608257480314961
11
11.2442902755905507
21
-1.6608266929133857
0
LINE
8
BLACK
6
CONTINUOUS
10
11.2418283070866138
20
-1.6627943700787402
11
11.2370720472440944
21
-1.6640690157480316
0
LINE
8
BLACK
6
CONTINUOUS
10
11.2370720472440944
20
-1.6640690157480316
11
11.232807716535433
21
-1.666531220472441
0
LINE
8
BLACK
6
CONTINUOUS
10
11.232807716535433
20
-1.666531220472441
11
11.2293259448818894
21
-1.6700131889763778
0
LINE
8
BLACK
6
CONTINUOUS
10
11.2293259448818894
20
-1.6700131889763778
11
11.2268639370078738
21
-1.6742775984251967
0
LINE
8
BLACK
6
CONTINUOUS
10
11.2268639370078738
20
-1.6742775984251967
11
11.2255895275590554
21
-1.679033937007874
0
LINE
8
BLACK
6
CONTINUOUS
10
11.2255895275590554
20
-1.679033937007874
11
11.2255895275590554
21
-1.6814959842519686
0
LINE
8
BLACK
6
CONTINUOUS
10
11.2255895275590554
20
-1.6814959842519686
11
11.2255895275590554
21
-2.1929281496062991
0
LINE
8
BLACK
6
CONTINUOUS
10
11.2255895275590554
20
-2.1929281496062991
11
11.2256983464566922
21
-2.1932629133858268
0
LINE
8
BLACK
6
CONTINUOUS
10
11.2256983464566922
20
-2.1932629133858268
11
11.2256975590551171
21
-2.1932629133858268
0
LINE
8
BLACK
6
CONTINUOUS
10
11.2256975590551171
20
-2.1932629133858268
11
11.2256979133858259
21
-2.1957248818897637
0
LINE
8
BLACK
6
CONTINUOUS
10
11.2256979133858259
20
-2.1957248818897637
11
11.2269728740157486
21
-2.2004809055118111
0
LINE
8
BLACK
6
CONTINUOUS
10
11.2269728740157486
20
-2.2004809055118111
11
11.2294351574803155
21
-2.2047450393700787
0
LINE
8
BLACK
6
CONTINUOUS
10
11.2294351574803155
20
-2.2047450393700787
11
11.2329170078740148
21
-2.2082267322834643
0
LINE
8
BLACK
6
CONTINUOUS
10
11.2329170078740148
20
-2.2082267322834643
11
11.2371811811023612
21
-2.2106888188976379
0
LINE
8
BLACK
6
CONTINUOUS
10
11.2371811811023612
20
-2.2106888188976379
11
11.2419372834645674
21
-2.2119635826771651
0
LINE
8
BLACK
6
CONTINUOUS
10
11.2419372834645674
20
-2.2119635826771651
11
11.2443992519685043
21
-2.2119638582677164
0
LINE
8
BLACK
6
CONTINUOUS
10
11.2443992519685043
20
-2.2119638582677164
11
11.2445344488188965
21
-2.2120077952755905
0
LINE
8
BLACK
6
CONTINUOUS
10
11.2445344488188965
20
-2.2120077952755905
11
11.7561013385826776
21
-2.2120077952755905
0
LINE
8
BLACK
6
CONTINUOUS
10
11.7561013385826776
20
-2.2120077952755905
11
11.7561013779527563
21
-2.2120077952755905
0
LINE
8
BLACK
6
CONTINUOUS
10
11.7561013779527563
20
-2.2120077952755905
11
11.7561013779527563
21
-2.2120068503937009
0
LINE
8
BLACK
6
CONTINUOUS
10
11.7561013779527563
20
-2.2120068503937009
11
11.7585633464566932
21
-2.2120069685039367
0
LINE
8
BLACK
6
CONTINUOUS
10
11.7585633464566932
20
-2.2120069685039367
11
11.7633195275590552
21
-2.2107327952755904
0
LINE
8
BLACK
6
CONTINUOUS
10
11.7633195275590552
20
-2.2107327952755904
11
11.7675838582677166
21
-2.2082709842519685
0
LINE
8
BLACK
6
CONTINUOUS
10
11.7675838582677166
20
-2.2082709842519685
11
11.7710657086614177
21
-2.2047893307086612
0
LINE
8
BLACK
6
CONTINUOUS
10
11.7710657086614177
20
-2.2047893307086612
11
11.7735277165354333
21
-2.2005251181102361
0
LINE
8
BLACK
6
CONTINUOUS
10
11.7735277165354333
20
-2.2005251181102361
11
11.7748021259842517
21
-2.1957689763779529
0
LINE
8
BLACK
6
CONTINUOUS
10
11.7748021259842517
20
-2.1957689763779529
11
11.7748021259842517
21
-2.1933070078740156
0
LINE
8
BLACK
6
CONTINUOUS
10
11.7748021259842517
20
-2.1933070078740156
11
11.7748021259842517
21
-1.6814959842519686
0
LINE
8
BLACK
6
CONTINUOUS
10
11.7748021259842517
20
-1.6814959842519686
11
11.7748032283464568
21
-1.6814904330708662
0
LINE
8
BLACK
6
CONTINUOUS
10
11.7748032283464568
20
-1.6814904330708662
11
11.7748032283464568
21
-1.6790338976377952
0
LINE
8
BLACK
6
CONTINUOUS
10
11.7748032283464568
20
-1.6790338976377952
11
11.7735287007874021
21
-1.6742775196850392
0
LINE
8
BLACK
6
CONTINUOUS
10
11.7735287007874021
20
-1.6742775196850392
11
11.7710664960629927
21
-1.6700131102362203
0
LINE
8
BLACK
6
CONTINUOUS
10
11.7710664960629927
20
-1.6700131102362203
11
11.7675844881889766
21
-1.6665312598425197
0
LINE
8
BLACK
6
CONTINUOUS
10
11.7675844881889766
20
-1.6665312598425197
11
11.7633199212598427
21
-1.6640693307086614
0
LINE
8
BLACK
6
CONTINUOUS
10
11.7633199212598427
20
-1.6640693307086614
11
11.7585634645669295
21
-1.6627950787401575
0
LINE
8
BLACK
6
CONTINUOUS
10
11.7585634645669295
20
-1.6627950787401575
11
11.7561013779527563
21
-1.6627951968503936
0
LINE
8
BLACK
6
CONTINUOUS
10
11.7561013779527563
20
-1.6627951968503936
11
11.7561013385826776
21
-1.662795157480315
0
LINE
8
BLACK
6
CONTINUOUS
10
11.7561013385826776
20
-1.662795157480315
11
11.7561013385826776
21
-1.6627951968503936
0
LINE
8
BLACK
6
CONTINUOUS
10
11.7561013385826776
20
-1.6627951968503936
11
11.2442903543307082
21
-1.6627951968503936
0
LINE
8
BLACK
6
CONTINUOUS
10
11.2442903543307082
20
-1.6627951968503936
11
11.2442903149606295
21
-1.6627951968503936
0
LINE
8
BLACK
6
CONTINUOUS
10
11.2442903149606295
20
-1.6627951968503936
11
11.2442855511811022
21
-1.6627942519685039
0
LINE
8
BLACK
6
CONTINUOUS
10
11.2442855511811022
20
-1.6627942519685039
11
11.2418283070866138
21
-1.6627943700787402
0
LINE
8
BLACK
6
CONTINUOUS
10
10.494290236220472
20
-1.5672440944881889
11
10.4942902755905507
21
-1.5672440944881889
0
LINE
8
BLACK
6
CONTINUOUS
10
10.4942902755905507
20
-1.5672440944881889
11
11.0061012992125988
21
-1.5672440944881889
0
LINE
8
BLACK
6
CONTINUOUS
10
11.0061012992125988
20
-1.5672440944881889
11
11.0061013385826776
21
-1.5672440944881889
0
LINE
8
BLACK
6
CONTINUOUS
10
11.0061013385826776
20
-1.5672440944881889
11
11.010700787401575
21
-1.5677620866141733
0
LINE
8
BLACK
6
CONTINUOUS
10
11.010700787401575
20
-1.5677620866141733
11
11.0150697244094484
21
-1.5692906692913386
0
LINE
8
BLACK
6
CONTINUOUS
10
11.0150697244094484
20
-1.5692906692913386
11
11.0189889370078742
21
-1.5717530708661418
0
LINE
8
BLACK
6
CONTINUOUS
10
11.0189889370078742
20
-1.5717530708661418
11
11.0222619685039369
21
-1.575025905511811
0
LINE
8
BLACK
6
CONTINUOUS
10
11.0222619685039369
20
-1.575025905511811
11
11.0247246062992126
21
-1.5789450393700788
0
LINE
8
BLACK
6
CONTINUOUS
10
11.0247246062992126
20
-1.5789450393700788
11
11.0262533858267719
21
-1.5833138976377952
0
LINE
8
BLACK
6
CONTINUOUS
10
11.0262533858267719
20
-1.5833138976377952
11
11.0267716535433067
21
-1.5879133858267716
0
LINE
8
BLACK
6
CONTINUOUS
10
11.0267716535433067
20
-1.5879133858267716
11
11.0267705905511804
21
-1.5879133858267716
0
LINE
8
BLACK
6
CONTINUOUS
10
11.0267705905511804
20
-1.5879133858267716
11
11.0267705905511804
21
-2.099724409448819
0
LINE
8
BLACK
6
CONTINUOUS
10
11.0267705905511804
20
-2.099724409448819
11
11.0262523622047244
21
-2.1043236614173226
0
LINE
8
BLACK
6
CONTINUOUS
10
11.0262523622047244
20
-2.1043236614173226
11
11.0247236614173225
21
-2.1086923228346457
0
LINE
8
BLACK
6
CONTINUOUS
10
11.0247236614173225
20
-2.1086923228346457
11
11.0222611417322831
21
-2.112611220472441
0
LINE
8
BLACK
6
CONTINUOUS
10
11.0222611417322831
20
-2.112611220472441
11
11.0189883070866141
21
-2.1158838976377954
0
LINE
8
BLACK
6
CONTINUOUS
10
11.0189883070866141
20
-2.1158838976377954
11
11.0150692519685034
21
-2.1183461811023623
0
LINE
8
BLACK
6
CONTINUOUS
10
11.0150692519685034
20
-2.1183461811023623
11
11.0107005511811025
21
-2.1198746456692912
0
LINE
8
BLACK
6
CONTINUOUS
10
11.0107005511811025
20
-2.1198746456692912
11
11.0061136614173218
21
-2.1203912204724409
0
LINE
8
BLACK
6
CONTINUOUS
10
11.0061136614173218
20
-2.1203912204724409
11
11.0061012992125988
21
-2.1203937007874014
0
LINE
8
BLACK
6
CONTINUOUS
10
11.0061012992125988
20
-2.1203937007874014
11
11.0061012598425201
21
-2.1203937007874014
0
LINE
8
BLACK
6
CONTINUOUS
10
11.0061012598425201
20
-2.1203937007874014
11
10.4942902755905507
21
-2.1203937007874014
0
LINE
8
BLACK
6
CONTINUOUS
10
10.4942902755905507
20
-2.1203937007874014
11
10.4939136220472431
21
-2.1203187795275591
0
LINE
8
BLACK
6
CONTINUOUS
10
10.4939136220472431
20
-2.1203187795275591
11
10.4938868110236214
21
-2.120291968503937
0
LINE
8
BLACK
6
CONTINUOUS
10
10.4938868110236214
20
-2.120291968503937
11
10.4897998031496069
21
-2.1198310629921258
0
LINE
8
BLACK
6
CONTINUOUS
10
10.4897998031496069
20
-2.1198310629921258
11
10.485431299212598
21
-2.1183021653543306
0
LINE
8
BLACK
6
CONTINUOUS
10
10.485431299212598
20
-2.1183021653543306
11
10.4815124015748022
21
-2.1158396456692912
0
LINE
8
BLACK
6
CONTINUOUS
10
10.4815124015748022
20
-2.1158396456692912
11
10.4782396456692908
21
-2.1125670078740155
0
LINE
8
BLACK
6
CONTINUOUS
10
10.4782396456692908
20
-2.1125670078740155
11
10.4757769685039364
21
-2.1086482283464565
0
LINE
8
BLACK
6
CONTINUOUS
10
10.4757769685039364
20
-2.1086482283464565
11
10.474247874015747
21
-2.1042798031496064
0
LINE
8
BLACK
6
CONTINUOUS
10
10.474247874015747
20
-2.1042798031496064
11
10.4737866141732283
21
-2.1001917716535434
0
LINE
8
BLACK
6
CONTINUOUS
10
10.4737866141732283
20
-2.1001917716535434
11
10.4736959055118106
21
-2.1001010629921257
0
LINE
8
BLACK
6
CONTINUOUS
10
10.4736959055118106
20
-2.1001010629921257
11
10.4736209842519674
21
-2.099724409448819
0
LINE
8
BLACK
6
CONTINUOUS
10
10.4736209842519674
20
-2.099724409448819
11
10.4736209842519674
21
-1.5879133858267716
0
LINE
8
BLACK
6
CONTINUOUS
10
10.4736209842519674
20
-1.5879133858267716
11
10.4741392125984252
21
-1.5833139370078739
0
LINE
8
BLACK
6
CONTINUOUS
10
10.4741392125984252
20
-1.5833139370078739
11
10.4756678740157483
21
-1.5789451574803148
0
LINE
8
BLACK
6
CONTINUOUS
10
10.4756678740157483
20
-1.5789451574803148
11
10.4781303149606302
21
-1.5750260236220472
0
LINE
8
BLACK
6
CONTINUOUS
10
10.4781303149606302
20
-1.5750260236220472
11
10.4814030708661416
21
-1.571753031496063
0
LINE
8
BLACK
6
CONTINUOUS
10
10.4814030708661416
20
-1.571753031496063
11
10.4853220866141736
21
-1.5692903937007874
0
LINE
8
BLACK
6
CONTINUOUS
10
10.4853220866141736
20
-1.5692903937007874
11
10.4896908267716533
21
-1.5677614960629922
0
LINE
8
BLACK
6
CONTINUOUS
10
10.4896908267716533
20
-1.5677614960629922
11
10.494290236220472
21
-1.567243031496063
0
LINE
8
BLACK
6
CONTINUOUS
10
10.494290236220472
20
-1.567243031496063
11
10.494290236220472
21
-1.5672440944881889
0
LINE
8
BLACK
6
CONTINUOUS
10
10.4918282677165351
20
-1.5692116535433072
11
10.4870719685039369
21
-1.5704863385826771
0
LINE
8
BLACK
6
CONTINUOUS
10
10.4870719685039369
20
-1.5704863385826771
11
10.4828076771653542
21
-1.5729485433070867
0
LINE
8
BLACK
6
CONTINUOUS
10
10.4828076771653542
20
-1.5729485433070867
11
10.4793258661417319
21
-1.5764305118110236
0
LINE
8
BLACK
6
CONTINUOUS
10
10.4793258661417319
20
-1.5764305118110236
11
10.476863897637795
21
-1.5806949606299212
0
LINE
8
BLACK
6
CONTINUOUS
10
10.476863897637795
20
-1.5806949606299212
11
10.4755894881889766
21
-1.5854513385826772
0
LINE
8
BLACK
6
CONTINUOUS
10
10.4755894881889766
20
-1.5854513385826772
11
10.4755894881889766
21
-1.5879133858267716
0
LINE
8
BLACK
6
CONTINUOUS
10
10.4755894881889766
20
-1.5879133858267716
11
10.4755894881889766
21
-2.0993455511811021
0
LINE
8
BLACK
6
CONTINUOUS
10
10.4755894881889766
20
-2.0993455511811021
11
10.4756983070866134
21
-2.0996803149606298
0
LINE
8
BLACK
6
CONTINUOUS
10
10.4756983070866134
20
-2.0996803149606298
11
10.4756974803149596
21
-2.0996803149606298
0
LINE
8
BLACK
6
CONTINUOUS
10
10.4756974803149596
20
-2.0996803149606298
11
10.4756978346456684
21
-2.1021422834645667
0
LINE
8
BLACK
6
CONTINUOUS
10
10.4756978346456684
20
-2.1021422834645667
11
10.4769728346456699
21
-2.1068983070866141
0
LINE
8
BLACK
6
CONTINUOUS
10
10.4769728346456699
20
-2.1068983070866141
11
10.4794351181102368
21
-2.1111624015748029
0
LINE
8
BLACK
6
CONTINUOUS
10
10.4794351181102368
20
-2.1111624015748029
11
10.4829169685039361
21
-2.114644094488189
0
LINE
8
BLACK
6
CONTINUOUS
10
10.4829169685039361
20
-2.114644094488189
11
10.4871811417322824
21
-2.1171062204724409
0
LINE
8
BLACK
6
CONTINUOUS
10
10.4871811417322824
20
-2.1171062204724409
11
10.4919372440944887
21
-2.1183809842519685
0
LINE
8
BLACK
6
CONTINUOUS
10
10.4919372440944887
20
-2.1183809842519685
11
10.4943992125984256
21
-2.1183812598425198
0
LINE
8
BLACK
6
CONTINUOUS
10
10.4943992125984256
20
-2.1183812598425198
11
10.4945344094488195
21
-2.1184251968503935
0
LINE
8
BLACK
6
CONTINUOUS
10
10.4945344094488195
20
-2.1184251968503935
11
11.0061012992125988
21
-2.1184251968503935
0
LINE
8
BLACK
6
CONTINUOUS
10
11.0061012992125988
20
-2.1184251968503935
11
11.0061013385826776
21
-2.1184251968503935
0
LINE
8
BLACK
6
CONTINUOUS
10
11.0061013385826776
20
-2.1184251968503935
11
11.0061013385826776
21
-2.1184241338582677
0
LINE
8
BLACK
6
CONTINUOUS
10
11.0061013385826776
20
-2.1184241338582677
11
11.0085633070866145
21
-2.1184242913385827
0
LINE
8
BLACK
6
CONTINUOUS
10
11.0085633070866145
20
-2.1184242913385827
11
11.0133194881889764
21
-2.1171500787401576
0
LINE
8
BLACK
6
CONTINUOUS
10
11.0133194881889764
20
-2.1171500787401576
11
11.0175838188976378
21
-2.114688307086614
0
LINE
8
BLACK
6
CONTINUOUS
10
11.0175838188976378
20
-2.114688307086614
11
11.0210656299212602
21
-2.1112066535433072
0
LINE
8
BLACK
6
CONTINUOUS
10
11.0210656299212602
20
-2.1112066535433072
11
11.0235276377952758
21
-2.1069424803149608
0
LINE
8
BLACK
6
CONTINUOUS
10
11.0235276377952758
20
-2.1069424803149608
11
11.0248020866141729
21
-2.1021863779527559
0
LINE
8
BLACK
6
CONTINUOUS
10
11.0248020866141729
20
-2.1021863779527559
11
11.0248020866141729
21
-2.099724409448819
0
LINE
8
BLACK
6
CONTINUOUS
10
11.0248020866141729
20
-2.099724409448819
11
11.0248020866141729
21
-1.5879133858267716
0
LINE
8
BLACK
6
CONTINUOUS
10
11.0248020866141729
20
-1.5879133858267716
11
11.0248031496062993
21
-1.587908031496063
0
LINE
8
BLACK
6
CONTINUOUS
10
11.0248031496062993
20
-1.587908031496063
11
11.0248031496062993
21
-1.5854512992125984
0
LINE
8
BLACK
6
CONTINUOUS
10
11.0248031496062993
20
-1.5854512992125984
11
11.0235286220472446
21
-1.5806949212598425
0
LINE
8
BLACK
6
CONTINUOUS
10
11.0235286220472446
20
-1.5806949212598425
11
11.021066456692914
21
-1.5764304724409448
0
LINE
8
BLACK
6
CONTINUOUS
10
11.021066456692914
20
-1.5764304724409448
11
11.0175844488188979
21
-1.5729486614173227
0
LINE
8
BLACK
6
CONTINUOUS
10
11.0175844488188979
20
-1.5729486614173227
11
11.013319881889764
21
-1.5704867322834646
0
LINE
8
BLACK
6
CONTINUOUS
10
11.013319881889764
20
-1.5704867322834646
11
11.0085634251968507
21
-1.5692124803149605
0
LINE
8
BLACK
6
CONTINUOUS
10
11.0085634251968507
20
-1.5692124803149605
11
11.0061013385826776
21
-1.5692125984251968
0
LINE
8
BLACK
6
CONTINUOUS
10
11.0061013385826776
20
-1.5692125984251968
11
11.0061012992125988
21
-1.569212559055118
0
LINE
8
BLACK
6
CONTINUOUS
10
11.0061012992125988
20
-1.569212559055118
11
11.0061012992125988
21
-1.5692125984251968
0
LINE
8
BLACK
6
CONTINUOUS
10
11.0061012992125988
20
-1.5692125984251968
11
10.4942903149606295
21
-1.5692125984251968
0
LINE
8
BLACK
6
CONTINUOUS
10
10.4942903149606295
20
-1.5692125984251968
11
10.4942902755905507
21
-1.5692125984251968
0
LINE
8
BLACK
6
CONTINUOUS
10
10.4942902755905507
20
-1.5692125984251968
11
10.4942849212598421
21
-1.5692115354330709
0
LINE
8
BLACK
6
CONTINUOUS
10
10.4942849212598421
20
-1.5692115354330709
11
10.4918282677165351
21
-1.5692116535433072
0
LINE
8
BLACK
6
CONTINUOUS
10
8.2442120866141728
20
-1.3796062598425196
11
8.2442121259842516
21
-1.3796062598425196
0
LINE
8
BLACK
6
CONTINUOUS
10
8.2442121259842516
20
-1.3796062598425196
11
8.7560231496062997
21
-1.3796062598425196
0
LINE
8
BLACK
6
CONTINUOUS
10
8.7560231496062997
20
-1.3796062598425196
11
8.7560231889763784
21
-1.3796062598425196
0
LINE
8
BLACK
6
CONTINUOUS
10
8.7560231889763784
20
-1.3796062598425196
11
8.7606225590551183
21
-1.3801243700787402
0
LINE
8
BLACK
6
CONTINUOUS
10
8.7606225590551183
20
-1.3801243700787402
11
8.7649913779527555
21
-1.3816529921259841
0
LINE
8
BLACK
6
CONTINUOUS
10
8.7649913779527555
20
-1.3816529921259841
11
8.7689105118110238
21
-1.3841154724409448
0
LINE
8
BLACK
6
CONTINUOUS
10
8.7689105118110238
20
-1.3841154724409448
11
8.7721834251968502
21
-1.3873883070866142
0
LINE
8
BLACK
6
CONTINUOUS
10
8.7721834251968502
20
-1.3873883070866142
11
8.7746459842519684
21
-1.3913073622047243
0
LINE
8
BLACK
6
CONTINUOUS
10
8.7746459842519684
20
-1.3913073622047243
11
8.776174724409449
21
-1.3956761417322834
0
LINE
8
BLACK
6
CONTINUOUS
10
8.776174724409449
20
-1.3956761417322834
11
8.776692952755905
21
-1.4002755511811023
0
LINE
8
BLACK
6
CONTINUOUS
10
8.776692952755905
20
-1.4002755511811023
11
8.7766924409448812
21
-1.4002755511811023
0
LINE
8
BLACK
6
CONTINUOUS
10
8.7766924409448812
20
-1.4002755511811023
11
8.7766924409448812
21
-1.9120865748031495
0
LINE
8
BLACK
6
CONTINUOUS
10
8.7766924409448812
20
-1.9120865748031495
11
8.7761742125984252
21
-1.9166859055118111
0
LINE
8
BLACK
6
CONTINUOUS
10
8.7761742125984252
20
-1.9166859055118111
11
8.7746455511811021
21
-1.9210545669291339
0
LINE
8
BLACK
6
CONTINUOUS
10
8.7746455511811021
20
-1.9210545669291339
11
8.7721830314960627
21
-1.9249735433070865
0
LINE
8
BLACK
6
CONTINUOUS
10
8.7721830314960627
20
-1.9249735433070865
11
8.7689101968503937
21
-1.9282462992125984
0
LINE
8
BLACK
6
CONTINUOUS
10
8.7689101968503937
20
-1.9282462992125984
11
8.7649911811023618
21
-1.9307087401574803
0
LINE
8
BLACK
6
CONTINUOUS
10
8.7649911811023618
20
-1.9307087401574803
11
8.7606224409448821
21
-1.9322373228346457
0
LINE
8
BLACK
6
CONTINUOUS
10
8.7606224409448821
20
-1.9322373228346457
11
8.7560281889763782
21
-1.932754842519685
0
LINE
8
BLACK
6
CONTINUOUS
10
8.7560281889763782
20
-1.932754842519685
11
8.7560231496062997
21
-1.9327558661417323
0
LINE
8
BLACK
6
CONTINUOUS
10
8.7560231496062997
20
-1.9327558661417323
11
8.7560231102362209
21
-1.9327558661417323
0
LINE
8
BLACK
6
CONTINUOUS
10
8.7560231102362209
20
-1.9327558661417323
11
8.2442121259842516
21
-1.9327558661417323
0
LINE
8
BLACK
6
CONTINUOUS
10
8.2442121259842516
20
-1.9327558661417323
11
8.2438354724409439
21
-1.9326809448818898
0
LINE
8
BLACK
6
CONTINUOUS
10
8.2438354724409439
20
-1.9326809448818898
11
8.243808700787401
21
-1.9326541732283464
0
LINE
8
BLACK
6
CONTINUOUS
10
8.243808700787401
20
-1.9326541732283464
11
8.2397215748031503
21
-1.9321933464566929
0
LINE
8
BLACK
6
CONTINUOUS
10
8.2397215748031503
20
-1.9321933464566929
11
8.2353529527559051
21
-1.930664527559055
0
LINE
8
BLACK
6
CONTINUOUS
10
8.2353529527559051
20
-1.930664527559055
11
8.2314339763779518
21
-1.9282020472440944
0
LINE
8
BLACK
6
CONTINUOUS
10
8.2314339763779518
20
-1.9282020472440944
11
8.2281610629921254
21
-1.9249293700787402
0
LINE
8
BLACK
6
CONTINUOUS
10
8.2281610629921254
20
-1.9249293700787402
11
8.2256983070866134
21
-1.9210105511811024
0
LINE
8
BLACK
6
CONTINUOUS
10
8.2256983070866134
20
-1.9210105511811024
11
8.2241691732283471
21
-1.9166420472440944
0
LINE
8
BLACK
6
CONTINUOUS
10
8.2241691732283471
20
-1.9166420472440944
11
8.2237078740157479
21
-1.9125533464566928
0
LINE
8
BLACK
6
CONTINUOUS
10
8.2237078740157479
20
-1.9125533464566928
11
8.2236177559055115
21
-1.9124632283464567
0
LINE
8
BLACK
6
CONTINUOUS
10
8.2236177559055115
20
-1.9124632283464567
11
8.2235428346456683
21
-1.9120865748031495
0
LINE
8
BLACK
6
CONTINUOUS
10
8.2235428346456683
20
-1.9120865748031495
11
8.2235428346456683
21
-1.4002755511811023
0
LINE
8
BLACK
6
CONTINUOUS
10
8.2235428346456683
20
-1.4002755511811023
11
8.224061062992126
21
-1.3956761811023621
0
LINE
8
BLACK
6
CONTINUOUS
10
8.224061062992126
20
-1.3956761811023621
11
8.2255897244094491
21
-1.391307401574803
0
LINE
8
BLACK
6
CONTINUOUS
10
8.2255897244094491
20
-1.391307401574803
11
8.2280522047244098
21
-1.387388346456693
0
LINE
8
BLACK
6
CONTINUOUS
10
8.2280522047244098
20
-1.387388346456693
11
8.231325
21
-1.3841154724409448
0
LINE
8
BLACK
6
CONTINUOUS
10
8.231325
20
-1.3841154724409448
11
8.235244015748032
21
-1.3816529133858266
0
LINE
8
BLACK
6
CONTINUOUS
10
8.235244015748032
20
-1.3816529133858266
11
8.2396127165354329
21
-1.3801241732283465
0
LINE
8
BLACK
6
CONTINUOUS
10
8.2396127165354329
20
-1.3801241732283465
11
8.2442120866141728
21
-1.3796058267716536
0
LINE
8
BLACK
6
CONTINUOUS
10
8.2442120866141728
20
-1.3796058267716536
11
8.2442120866141728
21
-1.3796062598425196
0
LINE
8
BLACK
6
CONTINUOUS
10
8.2417501181102359
20
-1.3815743700787402
11
8.2369938582677165
21
-1.3828488976377953
0
LINE
8
BLACK
6
CONTINUOUS
10
8.2369938582677165
20
-1.3828488976377953
11
8.2327295669291338
21
-1.3853110236220472
0
LINE
8
BLACK
6
CONTINUOUS
10
8.2327295669291338
20
-1.3853110236220472
11
8.2292477559055115
21
-1.388792874015748
0
LINE
8
BLACK
6
CONTINUOUS
10
8.2292477559055115
20
-1.388792874015748
11
8.2267857480314959
21
-1.3930572440944882
0
LINE
8
BLACK
6
CONTINUOUS
10
8.2267857480314959
20
-1.3930572440944882
11
8.2255113385826775
21
-1.3978135433070866
0
LINE
8
BLACK
6
CONTINUOUS
10
8.2255113385826775
20
-1.3978135433070866
11
8.2255113385826775
21
-1.4002755511811023
0
LINE
8
BLACK
6
CONTINUOUS
10
8.2255113385826775
20
-1.4002755511811023
11
8.2255113385826775
21
-1.911707716535433
0
LINE
8
BLACK
6
CONTINUOUS
10
8.2255113385826775
20
-1.911707716535433
11
8.2256201574803143
21
-1.9120424803149605
0
LINE
8
BLACK
6
CONTINUOUS
10
8.2256201574803143
20
-1.9120424803149605
11
8.2256187795275597
21
-1.9120424803149605
0
LINE
8
BLACK
6
CONTINUOUS
10
8.2256187795275597
20
-1.9120424803149605
11
8.2256191338582667
21
-1.9145044881889763
0
LINE
8
BLACK
6
CONTINUOUS
10
8.2256191338582667
20
-1.9145044881889763
11
8.2268941732283469
21
-1.9192606299212598
0
LINE
8
BLACK
6
CONTINUOUS
10
8.2268941732283469
20
-1.9192606299212598
11
8.2293565354330713
21
-1.9235247637795274
0
LINE
8
BLACK
6
CONTINUOUS
10
8.2293565354330713
20
-1.9235247637795274
11
8.2328384645669281
21
-1.9270064566929133
0
LINE
8
BLACK
6
CONTINUOUS
10
8.2328384645669281
20
-1.9270064566929133
11
8.2371027952755895
21
-1.9294685433070866
0
LINE
8
BLACK
6
CONTINUOUS
10
8.2371027952755895
20
-1.9294685433070866
11
8.241859015748032
21
-1.9307432283464567
0
LINE
8
BLACK
6
CONTINUOUS
10
8.241859015748032
20
-1.9307432283464567
11
8.2443210236220477
21
-1.9307434251968503
0
LINE
8
BLACK
6
CONTINUOUS
10
8.2443210236220477
20
-1.9307434251968503
11
8.2444562204724416
21
-1.9307873622047245
0
LINE
8
BLACK
6
CONTINUOUS
10
8.2444562204724416
20
-1.9307873622047245
11
8.7560231496062997
21
-1.9307873622047245
0
LINE
8
BLACK
6
CONTINUOUS
10
8.7560231496062997
20
-1.9307873622047245
11
8.7560231889763784
21
-1.9307873622047245
0
LINE
8
BLACK
6
CONTINUOUS
10
8.7560231889763784
20
-1.9307873622047245
11
8.7560231889763784
21
-1.9307869291338582
0
LINE
8
BLACK
6
CONTINUOUS
10
8.7560231889763784
20
-1.9307869291338582
11
8.7584851574803153
21
-1.9307870078740157
0
LINE
8
BLACK
6
CONTINUOUS
10
8.7584851574803153
20
-1.9307870078740157
11
8.763241377952756
21
-1.9295126771653544
0
LINE
8
BLACK
6
CONTINUOUS
10
8.763241377952756
20
-1.9295126771653544
11
8.7675057086614174
21
-1.927050748031496
0
LINE
8
BLACK
6
CONTINUOUS
10
8.7675057086614174
20
-1.927050748031496
11
8.7709875196850398
21
-1.9235690157480314
0
LINE
8
BLACK
6
CONTINUOUS
10
8.7709875196850398
20
-1.9235690157480314
11
8.7734495275590554
21
-1.9193047637795275
0
LINE
8
BLACK
6
CONTINUOUS
10
8.7734495275590554
20
-1.9193047637795275
11
8.7747239370078738
21
-1.9145485433070866
0
LINE
8
BLACK
6
CONTINUOUS
10
8.7747239370078738
20
-1.9145485433070866
11
8.7747239370078738
21
-1.9120865748031495
0
LINE
8
BLACK
6
CONTINUOUS
10
8.7747239370078738
20
-1.9120865748031495
11
8.7747239370078738
21
-1.4002755511811023
0
LINE
8
BLACK
6
CONTINUOUS
10
8.7747239370078738
20
-1.4002755511811023
11
8.7747244488188976
21
-1.4002729527559055
0
LINE
8
BLACK
6
CONTINUOUS
10
8.7747244488188976
20
-1.4002729527559055
11
8.7747244488188976
21
-1.3978135039370079
0
LINE
8
BLACK
6
CONTINUOUS
10
8.7747244488188976
20
-1.3978135039370079
11
8.7734499606299217
21
-1.3930572047244094
0
LINE
8
BLACK
6
CONTINUOUS
10
8.7734499606299217
20
-1.3930572047244094
11
8.7709878740157485
21
-1.3887928346456693
0
LINE
8
BLACK
6
CONTINUOUS
10
8.7709878740157485
20
-1.3887928346456693
11
8.7675059842519687
21
-1.3853110236220472
0
LINE
8
BLACK
6
CONTINUOUS
10
8.7675059842519687
20
-1.3853110236220472
11
8.763241535433071
21
-1.3828490551181103
0
LINE
8
BLACK
6
CONTINUOUS
10
8.763241535433071
20
-1.3828490551181103
11
8.7584852362204728
21
-1.38157468503937
0
LINE
8
BLACK
6
CONTINUOUS
10
8.7584852362204728
20
-1.38157468503937
11
8.7560231889763784
21
-1.3815747637795275
0
LINE
8
BLACK
6
CONTINUOUS
10
8.7560231889763784
20
-1.3815747637795275
11
8.7560231496062997
21
-1.3815747244094487
0
LINE
8
BLACK
6
CONTINUOUS
10
8.7560231496062997
20
-1.3815747244094487
11
8.7560231496062997
21
-1.3815747637795275
0
LINE
8
BLACK
6
CONTINUOUS
10
8.7560231496062997
20
-1.3815747637795275
11
8.2442121653543303
21
-1.3815747637795275
0
LINE
8
BLACK
6
CONTINUOUS
10
8.2442121653543303
20
-1.3815747637795275
11
8.2442121259842516
21
-1.3815747637795275
0
LINE
8
BLACK
6
CONTINUOUS
10
8.2442121259842516
20
-1.3815747637795275
11
8.2442099212598432
21
-1.3815743307086614
0
LINE
8
BLACK
6
CONTINUOUS
10
8.2442099212598432
20
-1.3815743307086614
11
8.2417501181102359
21
-1.3815743700787402
0
LINE
8
BLACK
6
CONTINUOUS
10
11.9943295275590547
20
-1.0984251968503937
11
11.9943295669291334
21
-1.0984251968503937
0
LINE
8
BLACK
6
CONTINUOUS
10
11.9943295669291334
20
-1.0984251968503937
11
12.5061405905511815
21
-1.0984251968503937
0
LINE
8
BLACK
6
CONTINUOUS
10
12.5061405905511815
20
-1.0984251968503937
11
12.5061406299212603
21
-1.0984251968503937
0
LINE
8
BLACK
6
CONTINUOUS
10
12.5061406299212603
20
-1.0984251968503937
11
12.5107400787401577
21
-1.0989431889763779
0
LINE
8
BLACK
6
CONTINUOUS
10
12.5107400787401577
20
-1.0989431889763779
11
12.5151090157480311
21
-1.1004717322834645
0
LINE
8
BLACK
6
CONTINUOUS
10
12.5151090157480311
20
-1.1004717322834645
11
12.5190283070866144
21
-1.1029341732283464
0
LINE
8
BLACK
6
CONTINUOUS
10
12.5190283070866144
20
-1.1029341732283464
11
12.5223012992125984
21
-1.1062070078740158
0
LINE
8
BLACK
6
CONTINUOUS
10
12.5223012992125984
20
-1.1062070078740158
11
12.5247639763779528
21
-1.1101261023622047
0
LINE
8
BLACK
6
CONTINUOUS
10
12.5247639763779528
20
-1.1101261023622047
11
12.5262927559055122
21
-1.1144949606299213
0
LINE
8
BLACK
6
CONTINUOUS
10
12.5262927559055122
20
-1.1144949606299213
11
12.5268110236220469
21
-1.1190944881889764
0
LINE
8
BLACK
6
CONTINUOUS
10
12.5268110236220469
20
-1.1190944881889764
11
12.5268098818897631
21
-1.1190944881889764
0
LINE
8
BLACK
6
CONTINUOUS
10
12.5268098818897631
20
-1.1190944881889764
11
12.5268098818897631
21
-1.6309055118110236
0
LINE
8
BLACK
6
CONTINUOUS
10
12.5268098818897631
20
-1.6309055118110236
11
12.5262916535433071
21
-1.6355047637795275
0
LINE
8
BLACK
6
CONTINUOUS
10
12.5262916535433071
20
-1.6355047637795275
11
12.5247629527559052
21
-1.6398733858267716
0
LINE
8
BLACK
6
CONTINUOUS
10
12.5247629527559052
20
-1.6398733858267716
11
12.5223004330708658
21
-1.6437922834645669
0
LINE
8
BLACK
6
CONTINUOUS
10
12.5223004330708658
20
-1.6437922834645669
11
12.5190275590551181
21
-1.6470649606299212
0
LINE
8
BLACK
6
CONTINUOUS
10
12.5190275590551181
20
-1.6470649606299212
11
12.5151085433070861
21
-1.6495272440944881
0
LINE
8
BLACK
6
CONTINUOUS
10
12.5151085433070861
20
-1.6495272440944881
11
12.5107398425196852
21
-1.6510557086614173
0
LINE
8
BLACK
6
CONTINUOUS
10
12.5107398425196852
20
-1.6510557086614173
11
12.5061538582677159
21
-1.651572125984252
0
LINE
8
BLACK
6
CONTINUOUS
10
12.5061538582677159
20
-1.651572125984252
11
12.5061405905511815
21
-1.6515748031496063
0
LINE
8
BLACK
6
CONTINUOUS
10
12.5061405905511815
20
-1.6515748031496063
11
12.5061405511811028
21
-1.6515748031496063
0
LINE
8
BLACK
6
CONTINUOUS
10
12.5061405511811028
20
-1.6515748031496063
11
11.9943295669291334
21
-1.6515748031496063
0
LINE
8
BLACK
6
CONTINUOUS
10
11.9943295669291334
20
-1.6515748031496063
11
11.9939529133858258
21
-1.6514998818897637
0
LINE
8
BLACK
6
CONTINUOUS
10
11.9939529133858258
20
-1.6514998818897637
11
11.9939261023622041
21
-1.6514730708661416
0
LINE
8
BLACK
6
CONTINUOUS
10
11.9939261023622041
20
-1.6514730708661416
11
11.9898390944881879
21
-1.6510121653543306
0
LINE
8
BLACK
6
CONTINUOUS
10
11.9898390944881879
20
-1.6510121653543306
11
11.9854705905511807
21
-1.6494832283464567
0
LINE
8
BLACK
6
CONTINUOUS
10
11.9854705905511807
20
-1.6494832283464567
11
11.9815517716535425
21
-1.6470207086614173
0
LINE
8
BLACK
6
CONTINUOUS
10
11.9815517716535425
20
-1.6470207086614173
11
11.9782789763779522
21
-1.6437480708661416
0
LINE
8
BLACK
6
CONTINUOUS
10
11.9782789763779522
20
-1.6437480708661416
11
11.9758163385826766
21
-1.6398293307086613
0
LINE
8
BLACK
6
CONTINUOUS
10
11.9758163385826766
20
-1.6398293307086613
11
11.9742872440944872
21
-1.6354608661417323
0
LINE
8
BLACK
6
CONTINUOUS
10
11.9742872440944872
20
-1.6354608661417323
11
11.9738260236220473
21
-1.6313729921259843
0
LINE
8
BLACK
6
CONTINUOUS
10
11.9738260236220473
20
-1.6313729921259843
11
11.9737351968503933
21
-1.6312821653543306
0
LINE
8
BLACK
6
CONTINUOUS
10
11.9737351968503933
20
-1.6312821653543306
11
11.9736602755905501
21
-1.6309055118110236
0
LINE
8
BLACK
6
CONTINUOUS
10
11.9736602755905501
20
-1.6309055118110236
11
11.9736602755905501
21
-1.1190944881889764
0
LINE
8
BLACK
6
CONTINUOUS
10
11.9736602755905501
20
-1.1190944881889764
11
11.9741785039370079
21
-1.1144950393700788
0
LINE
8
BLACK
6
CONTINUOUS
10
11.9741785039370079
20
-1.1144950393700788
11
11.9757071259842522
21
-1.1101262204724409
0
LINE
8
BLACK
6
CONTINUOUS
10
11.9757071259842522
20
-1.1101262204724409
11
11.9781696062992129
21
-1.1062070866141731
0
LINE
8
BLACK
6
CONTINUOUS
10
11.9781696062992129
20
-1.1062070866141731
11
11.9814423622047244
21
-1.1029341338582677
0
LINE
8
BLACK
6
CONTINUOUS
10
11.9814423622047244
20
-1.1029341338582677
11
11.9853613779527564
21
-1.1004714566929135
0
LINE
8
BLACK
6
CONTINUOUS
10
11.9853613779527564
20
-1.1004714566929135
11
11.989730118110236
21
-1.0989425196850393
0
LINE
8
BLACK
6
CONTINUOUS
10
11.989730118110236
20
-1.0989425196850393
11
11.9943295275590547
21
-1.0984240551181101
0
LINE
8
BLACK
6
CONTINUOUS
10
11.9943295275590547
20
-1.0984240551181101
11
11.9943295275590547
21
-1.0984251968503937
0
LINE
8
BLACK
6
CONTINUOUS
10
11.9918675590551178
20
-1.1003926771653543
11
11.9871112598425196
21
-1.1016673622047244
0
LINE
8
BLACK
6
CONTINUOUS
10
11.9871112598425196
20
-1.1016673622047244
11
11.9828469291338582
21
-1.1041296062992125
0
LINE
8
BLACK
6
CONTINUOUS
10
11.9828469291338582
20
-1.1041296062992125
11
11.9793651574803146
21
-1.1076116141732284
0
LINE
8
BLACK
6
CONTINUOUS
10
11.9793651574803146
20
-1.1076116141732284
11
11.9769031889763777
21
-1.111876062992126
0
LINE
8
BLACK
6
CONTINUOUS
10
11.9769031889763777
20
-1.111876062992126
11
11.9756287795275593
21
-1.1166324409448818
0
LINE
8
BLACK
6
CONTINUOUS
10
11.9756287795275593
20
-1.1166324409448818
11
11.9756287795275593
21
-1.1190944881889764
0
LINE
8
BLACK
6
CONTINUOUS
10
11.9756287795275593
20
-1.1190944881889764
11
11.9756287795275593
21
-1.6305266535433069
0
LINE
8
BLACK
6
CONTINUOUS
10
11.9756287795275593
20
-1.6305266535433069
11
11.9757375984251961
21
-1.6308614173228346
0
LINE
8
BLACK
6
CONTINUOUS
10
11.9757375984251961
20
-1.6308614173228346
11
11.9757368503936998
21
-1.6308614173228346
0
LINE
8
BLACK
6
CONTINUOUS
10
11.9757368503936998
20
-1.6308614173228346
11
11.9757372047244086
21
-1.6333233858267717
0
LINE
8
BLACK
6
CONTINUOUS
10
11.9757372047244086
20
-1.6333233858267717
11
11.9770122047244083
21
-1.6380794094488189
0
LINE
8
BLACK
6
CONTINUOUS
10
11.9770122047244083
20
-1.6380794094488189
11
11.9794744488188982
21
-1.6423435039370078
0
LINE
8
BLACK
6
CONTINUOUS
10
11.9794744488188982
20
-1.6423435039370078
11
11.9829562992125975
21
-1.6458251968503936
0
LINE
8
BLACK
6
CONTINUOUS
10
11.9829562992125975
20
-1.6458251968503936
11
11.9872204724409439
21
-1.648287283464567
0
LINE
8
BLACK
6
CONTINUOUS
10
11.9872204724409439
20
-1.648287283464567
11
11.9919765354330714
21
-1.6495620866141731
0
LINE
8
BLACK
6
CONTINUOUS
10
11.9919765354330714
20
-1.6495620866141731
11
11.9944385039370083
21
-1.6495623622047244
0
LINE
8
BLACK
6
CONTINUOUS
10
11.9944385039370083
20
-1.6495623622047244
11
11.9945737007874005
21
-1.6496062992125984
0
LINE
8
BLACK
6
CONTINUOUS
10
11.9945737007874005
20
-1.6496062992125984
11
12.5061405905511815
21
-1.6496062992125984
0
LINE
8
BLACK
6
CONTINUOUS
10
12.5061405905511815
20
-1.6496062992125984
11
12.5061406299212603
21
-1.6496062992125984
0
LINE
8
BLACK
6
CONTINUOUS
10
12.5061406299212603
20
-1.6496062992125984
11
12.5061406299212603
21
-1.649605157480315
0
LINE
8
BLACK
6
CONTINUOUS
10
12.5061406299212603
20
-1.649605157480315
11
12.5086025984251972
21
-1.6496053149606298
0
LINE
8
BLACK
6
CONTINUOUS
10
12.5086025984251972
20
-1.6496053149606298
11
12.5133587795275592
21
-1.6483311417322835
0
LINE
8
BLACK
6
CONTINUOUS
10
12.5133587795275592
20
-1.6483311417322835
11
12.5176230708661418
21
-1.6458693700787401
0
LINE
8
BLACK
6
CONTINUOUS
10
12.5176230708661418
20
-1.6458693700787401
11
12.5211049212598429
21
-1.6423877559055118
0
LINE
8
BLACK
6
CONTINUOUS
10
12.5211049212598429
20
-1.6423877559055118
11
12.5235669291338585
21
-1.6381235826771654
0
LINE
8
BLACK
6
CONTINUOUS
10
12.5235669291338585
20
-1.6381235826771654
11
12.5248413779527556
21
-1.633367440944882
0
LINE
8
BLACK
6
CONTINUOUS
10
12.5248413779527556
20
-1.633367440944882
11
12.5248413779527556
21
-1.6309055118110236
0
LINE
8
BLACK
6
CONTINUOUS
10
12.5248413779527556
20
-1.6309055118110236
11
12.5248413779527556
21
-1.1190944881889764
0
LINE
8
BLACK
6
CONTINUOUS
10
12.5248413779527556
20
-1.1190944881889764
11
12.5248425196850395
21
-1.1190887401574803
0
LINE
8
BLACK
6
CONTINUOUS
10
12.5248425196850395
20
-1.1190887401574803
11
12.5248425196850395
21
-1.116632401574803
0
LINE
8
BLACK
6
CONTINUOUS
10
12.5248425196850395
20
-1.116632401574803
11
12.5235679921259848
21
-1.1118759842519685
0
LINE
8
BLACK
6
CONTINUOUS
10
12.5235679921259848
20
-1.1118759842519685
11
12.5211058267716524
21
-1.1076115748031496
0
LINE
8
BLACK
6
CONTINUOUS
10
12.5211058267716524
20
-1.1076115748031496
11
12.5176237795275593
21
-1.1041297244094488
0
LINE
8
BLACK
6
CONTINUOUS
10
12.5176237795275593
20
-1.1041297244094488
11
12.5133592125984254
21
-1.1016677952755904
0
LINE
8
BLACK
6
CONTINUOUS
10
12.5133592125984254
20
-1.1016677952755904
11
12.5086027559055122
21
-1.1003935433070866
0
LINE
8
BLACK
6
CONTINUOUS
10
12.5086027559055122
20
-1.1003935433070866
11
12.5061406299212603
21
-1.1003937007874016
0
LINE
8
BLACK
6
CONTINUOUS
10
12.5061406299212603
20
-1.1003937007874016
11
12.5061405905511815
21
-1.1003936614173229
0
LINE
8
BLACK
6
CONTINUOUS
10
12.5061405905511815
20
-1.1003936614173229
11
12.5061405905511815
21
-1.1003937007874016
0
LINE
8
BLACK
6
CONTINUOUS
10
12.5061405905511815
20
-1.1003937007874016
11
11.9943296062992122
21
-1.1003937007874016
0
LINE
8
BLACK
6
CONTINUOUS
10
11.9943296062992122
20
-1.1003937007874016
11
11.9943295669291334
21
-1.1003937007874016
0
LINE
8
BLACK
6
CONTINUOUS
10
11.9943295669291334
20
-1.1003937007874016
11
11.9943238188976373
21
-1.100392559055118
0
LINE
8
BLACK
6
CONTINUOUS
10
11.9943238188976373
20
-1.100392559055118
11
11.9918675590551178
21
-1.1003926771653543
0
LINE
8
BLACK
6
CONTINUOUS
10
12.7443295275590547
20
-1.0984251968503937
11
12.7443295669291334
21
-1.0984251968503937
0
LINE
8
BLACK
6
CONTINUOUS
10
12.7443295669291334
20
-1.0984251968503937
11
13.2561405905511815
21
-1.0984251968503937
0
LINE
8
BLACK
6
CONTINUOUS
10
13.2561405905511815
20
-1.0984251968503937
11
13.2561406299212603
21
-1.0984251968503937
0
LINE
8
BLACK
6
CONTINUOUS
10
13.2561406299212603
20
-1.0984251968503937
11
13.2607400787401577
21
-1.0989431889763779
0
LINE
8
BLACK
6
CONTINUOUS
10
13.2607400787401577
20
-1.0989431889763779
11
13.2651090157480311
21
-1.1004717322834645
0
LINE
8
BLACK
6
CONTINUOUS
10
13.2651090157480311
20
-1.1004717322834645
11
13.2690283070866144
21
-1.1029341732283464
0
LINE
8
BLACK
6
CONTINUOUS
10
13.2690283070866144
20
-1.1029341732283464
11
13.2723012992125984
21
-1.1062070078740158
0
LINE
8
BLACK
6
CONTINUOUS
10
13.2723012992125984
20
-1.1062070078740158
11
13.2747639763779528
21
-1.1101261023622047
0
LINE
8
BLACK
6
CONTINUOUS
10
13.2747639763779528
20
-1.1101261023622047
11
13.2762927559055122
21
-1.1144949606299213
0
LINE
8
BLACK
6
CONTINUOUS
10
13.2762927559055122
20
-1.1144949606299213
11
13.2768110236220469
21
-1.1190944881889764
0
LINE
8
BLACK
6
CONTINUOUS
10
13.2768110236220469
20
-1.1190944881889764
11
13.2768098818897631
21
-1.1190944881889764
0
LINE
8
BLACK
6
CONTINUOUS
10
13.2768098818897631
20
-1.1190944881889764
11
13.2768098818897631
21
-1.6309055118110236
0
LINE
8
BLACK
6
CONTINUOUS
10
13.2768098818897631
20
-1.6309055118110236
11
13.2762916535433071
21
-1.6355047637795275
0
LINE
8
BLACK
6
CONTINUOUS
10
13.2762916535433071
20
-1.6355047637795275
11
13.2747629527559052
21
-1.6398733858267716
0
LINE
8
BLACK
6
CONTINUOUS
10
13.2747629527559052
20
-1.6398733858267716
11
13.2723004330708658
21
-1.6437922834645669
0
LINE
8
BLACK
6
CONTINUOUS
10
13.2723004330708658
20
-1.6437922834645669
11
13.2690275590551181
21
-1.6470649606299212
0
LINE
8
BLACK
6
CONTINUOUS
10
13.2690275590551181
20
-1.6470649606299212
11
13.2651085433070861
21
-1.6495272440944881
0
LINE
8
BLACK
6
CONTINUOUS
10
13.2651085433070861
20
-1.6495272440944881
11
13.2607398425196852
21
-1.6510557086614173
0
LINE
8
BLACK
6
CONTINUOUS
10
13.2607398425196852
20
-1.6510557086614173
11
13.2561538582677159
21
-1.651572125984252
0
LINE
8
BLACK
6
CONTINUOUS
10
13.2561538582677159
20
-1.651572125984252
11
13.2561405905511815
21
-1.6515748031496063
0
LINE
8
BLACK
6
CONTINUOUS
10
13.2561405905511815
20
-1.6515748031496063
11
13.2561405511811028
21
-1.6515748031496063
0
LINE
8
BLACK
6
CONTINUOUS
10
13.2561405511811028
20
-1.6515748031496063
11
12.7443295669291334
21
-1.6515748031496063
0
LINE
8
BLACK
6
CONTINUOUS
10
12.7443295669291334
20
-1.6515748031496063
11
12.7439529133858258
21
-1.6514998818897637
0
LINE
8
BLACK
6
CONTINUOUS
10
12.7439529133858258
20
-1.6514998818897637
11
12.7439261023622041
21
-1.6514730708661416
0
LINE
8
BLACK
6
CONTINUOUS
10
12.7439261023622041
20
-1.6514730708661416
11
12.7398390944881879
21
-1.6510121653543306
0
LINE
8
BLACK
6
CONTINUOUS
10
12.7398390944881879
20
-1.6510121653543306
11
12.7354705905511807
21
-1.6494832283464567
0
LINE
8
BLACK
6
CONTINUOUS
10
12.7354705905511807
20
-1.6494832283464567
11
12.7315517716535425
21
-1.6470207086614173
0
LINE
8
BLACK
6
CONTINUOUS
10
12.7315517716535425
20
-1.6470207086614173
11
12.7282789763779522
21
-1.6437480708661416
0
LINE
8
BLACK
6
CONTINUOUS
10
12.7282789763779522
20
-1.6437480708661416
11
12.7258163385826766
21
-1.6398293307086613
0
LINE
8
BLACK
6
CONTINUOUS
10
12.7258163385826766
20
-1.6398293307086613
11
12.7242872440944872
21
-1.6354608661417323
0
LINE
8
BLACK
6
CONTINUOUS
10
12.7242872440944872
20
-1.6354608661417323
11
12.7238260236220473
21
-1.6313729921259843
0
LINE
8
BLACK
6
CONTINUOUS
10
12.7238260236220473
20
-1.6313729921259843
11
12.7237351968503933
21
-1.6312821653543306
0
LINE
8
BLACK
6
CONTINUOUS
10
12.7237351968503933
20
-1.6312821653543306
11
12.7236602755905501
21
-1.6309055118110236
0
LINE
8
BLACK
6
CONTINUOUS
10
12.7236602755905501
20
-1.6309055118110236
11
12.7236602755905501
21
-1.1190944881889764
0
LINE
8
BLACK
6
CONTINUOUS
10
12.7236602755905501
20
-1.1190944881889764
11
12.7241785039370079
21
-1.1144950393700788
0
LINE
8
BLACK
6
CONTINUOUS
10
12.7241785039370079
20
-1.1144950393700788
11
12.7257071259842522
21
-1.1101262204724409
0
LINE
8
BLACK
6
CONTINUOUS
10
12.7257071259842522
20
-1.1101262204724409
11
12.7281696062992129
21
-1.1062070866141731
0
LINE
8
BLACK
6
CONTINUOUS
10
12.7281696062992129
20
-1.1062070866141731
11
12.7314423622047244
21
-1.1029341338582677
0
LINE
8
BLACK
6
CONTINUOUS
10
12.7314423622047244
20
-1.1029341338582677
11
12.7353613779527564
21
-1.1004714566929135
0
LINE
8
BLACK
6
CONTINUOUS
10
12.7353613779527564
20
-1.1004714566929135
11
12.739730118110236
21
-1.0989425196850393
0
LINE
8
BLACK
6
CONTINUOUS
10
12.739730118110236
20
-1.0989425196850393
11
12.7443295275590547
21
-1.0984240551181101
0
LINE
8
BLACK
6
CONTINUOUS
10
12.7443295275590547
20
-1.0984240551181101
11
12.7443295275590547
21
-1.0984251968503937
0
LINE
8
BLACK
6
CONTINUOUS
10
12.7418675590551178
20
-1.1003926771653543
11
12.7371112598425196
21
-1.1016673622047244
0
LINE
8
BLACK
6
CONTINUOUS
10
12.7371112598425196
20
-1.1016673622047244
11
12.7328469291338582
21
-1.1041296062992125
0
LINE
8
BLACK
6
CONTINUOUS
10
12.7328469291338582
20
-1.1041296062992125
11
12.7293651574803146
21
-1.1076116141732284
0
LINE
8
BLACK
6
CONTINUOUS
10
12.7293651574803146
20
-1.1076116141732284
11
12.7269031889763777
21
-1.111876062992126
0
LINE
8
BLACK
6
CONTINUOUS
10
12.7269031889763777
20
-1.111876062992126
11
12.7256287795275593
21
-1.1166324409448818
0
LINE
8
BLACK
6
CONTINUOUS
10
12.7256287795275593
20
-1.1166324409448818
11
12.7256287795275593
21
-1.1190944881889764
0
LINE
8
BLACK
6
CONTINUOUS
10
12.7256287795275593
20
-1.1190944881889764
11
12.7256287795275593
21
-1.6305266535433069
0
LINE
8
BLACK
6
CONTINUOUS
10
12.7256287795275593
20
-1.6305266535433069
11
12.7257375984251961
21
-1.6308614173228346
0
LINE
8
BLACK
6
CONTINUOUS
10
12.7257375984251961
20
-1.6308614173228346
11
12.7257368503936998
21
-1.6308614173228346
0
LINE
8
BLACK
6
CONTINUOUS
10
12.7257368503936998
20
-1.6308614173228346
11
12.7257372047244086
21
-1.6333233858267717
0
LINE
8
BLACK
6
CONTINUOUS
10
12.7257372047244086
20
-1.6333233858267717
11
12.7270122047244083
21
-1.6380794094488189
0
LINE
8
BLACK
6
CONTINUOUS
10
12.7270122047244083
20
-1.6380794094488189
11
12.7294744488188982
21
-1.6423435039370078
0
LINE
8
BLACK
6
CONTINUOUS
10
12.7294744488188982
20
-1.6423435039370078
11
12.7329562992125975
21
-1.6458251968503936
0
LINE
8
BLACK
6
CONTINUOUS
10
12.7329562992125975
20
-1.6458251968503936
11
12.7372204724409439
21
-1.648287283464567
0
LINE
8
BLACK
6
CONTINUOUS
10
12.7372204724409439
20
-1.648287283464567
11
12.7419765354330714
21
-1.6495620866141731
0
LINE
8
BLACK
6
CONTINUOUS
10
12.7419765354330714
20
-1.6495620866141731
11
12.7444385039370083
21
-1.6495623622047244
0
LINE
8
BLACK
6
CONTINUOUS
10
12.7444385039370083
20
-1.6495623622047244
11
12.7445737007874005
21
-1.6496062992125984
0
LINE
8
BLACK
6
CONTINUOUS
10
12.7445737007874005
20
-1.6496062992125984
11
13.2561405905511815
21
-1.6496062992125984
0
LINE
8
BLACK
6
CONTINUOUS
10
13.2561405905511815
20
-1.6496062992125984
11
13.2561406299212603
21
-1.6496062992125984
0
LINE
8
BLACK
6
CONTINUOUS
10
13.2561406299212603
20
-1.6496062992125984
11
13.2561406299212603
21
-1.649605157480315
0
LINE
8
BLACK
6
CONTINUOUS
10
13.2561406299212603
20
-1.649605157480315
11
13.2586025984251972
21
-1.6496053149606298
0
LINE
8
BLACK
6
CONTINUOUS
10
13.2586025984251972
20
-1.6496053149606298
11
13.2633587795275592
21
-1.6483311417322835
0
LINE
8
BLACK
6
CONTINUOUS
10
13.2633587795275592
20
-1.6483311417322835
11
13.2676230708661418
21
-1.6458693700787401
0
LINE
8
BLACK
6
CONTINUOUS
10
13.2676230708661418
20
-1.6458693700787401
11
13.2711049212598429
21
-1.6423877559055118
0
LINE
8
BLACK
6
CONTINUOUS
10
13.2711049212598429
20
-1.6423877559055118
11
13.2735669291338585
21
-1.6381235826771654
0
LINE
8
BLACK
6
CONTINUOUS
10
13.2735669291338585
20
-1.6381235826771654
11
13.2748413779527556
21
-1.633367440944882
0
LINE
8
BLACK
6
CONTINUOUS
10
13.2748413779527556
20
-1.633367440944882
11
13.2748413779527556
21
-1.6309055118110236
0
LINE
8
BLACK
6
CONTINUOUS
10
13.2748413779527556
20
-1.6309055118110236
11
13.2748413779527556
21
-1.1190944881889764
0
LINE
8
BLACK
6
CONTINUOUS
10
13.2748413779527556
20
-1.1190944881889764
11
13.2748425196850395
21
-1.1190887401574803
0
LINE
8
BLACK
6
CONTINUOUS
10
13.2748425196850395
20
-1.1190887401574803
11
13.2748425196850395
21
-1.116632401574803
0
LINE
8
BLACK
6
CONTINUOUS
10
13.2748425196850395
20
-1.116632401574803
11
13.2735679921259848
21
-1.1118759842519685
0
LINE
8
BLACK
6
CONTINUOUS
10
13.2735679921259848
20
-1.1118759842519685
11
13.2711058267716524
21
-1.1076115748031496
0
LINE
8
BLACK
6
CONTINUOUS
10
13.2711058267716524
20
-1.1076115748031496
11
13.2676237795275593
21
-1.1041297244094488
0
LINE
8
BLACK
6
CONTINUOUS
10
13.2676237795275593
20
-1.1041297244094488
11
13.2633592125984254
21
-1.1016677952755904
0
LINE
8
BLACK
6
CONTINUOUS
10
13.2633592125984254
20
-1.1016677952755904
11
13.2586027559055122
21
-1.1003935433070866
0
LINE
8
BLACK
6
CONTINUOUS
10
13.2586027559055122
20
-1.1003935433070866
11
13.2561406299212603
21
-1.1003937007874016
0
LINE
8
BLACK
6
CONTINUOUS
10
13.2561406299212603
20
-1.1003937007874016
11
13.2561405905511815
21
-1.1003936614173229
0
LINE
8
BLACK
6
CONTINUOUS
10
13.2561405905511815
20
-1.1003936614173229
11
13.2561405905511815
21
-1.1003937007874016
0
LINE
8
BLACK
6
CONTINUOUS
10
13.2561405905511815
20
-1.1003937007874016
11
12.7443296062992122
21
-1.1003937007874016
0
LINE
8
BLACK
6
CONTINUOUS
10
12.7443296062992122
20
-1.1003937007874016
11
12.7443295669291334
21
-1.1003937007874016
0
LINE
8
BLACK
6
CONTINUOUS
10
12.7443295669291334
20
-1.1003937007874016
11
12.7443238188976373
21
-1.100392559055118
0
LINE
8
BLACK
6
CONTINUOUS
10
12.7443238188976373
20
-1.100392559055118
11
12.7418675590551178
21
-1.1003926771653543
0
LINE
8
BLACK
6
CONTINUOUS
10
8.9942509448818893
20
-1.0046850000000001
11
8.994250984251968
21
-1.0046850000000001
0
LINE
8
BLACK
6
CONTINUOUS
10
8.994250984251968
20
-1.0046850000000001
11
9.5060620078740161
21
-1.0046850000000001
0
LINE
8
BLACK
6
CONTINUOUS
10
9.5060620078740161
20
-1.0046850000000001
11
9.5060620472440949
21
-1.0046850000000001
0
LINE
8
BLACK
6
CONTINUOUS
10
9.5060620472440949
20
-1.0046850000000001
11
9.5106614960629923
21
-1.0052030314960629
0
LINE
8
BLACK
6
CONTINUOUS
10
9.5106614960629923
20
-1.0052030314960629
11
9.515030393700787
21
-1.0067315748031496
0
LINE
8
BLACK
6
CONTINUOUS
10
9.515030393700787
20
-1.0067315748031496
11
9.5189496456692915
21
-1.0091940157480315
0
LINE
8
BLACK
6
CONTINUOUS
10
9.5189496456692915
20
-1.0091940157480315
11
9.5222226377952754
21
-1.0124668503937007
0
LINE
8
BLACK
6
CONTINUOUS
10
9.5222226377952754
20
-1.0124668503937007
11
9.5246852755905511
21
-1.0163859448818897
0
LINE
8
BLACK
6
CONTINUOUS
10
9.5246852755905511
20
-1.0163859448818897
11
9.5262140551181105
21
-1.0207548031496063
0
LINE
8
BLACK
6
CONTINUOUS
10
9.5262140551181105
20
-1.0207548031496063
11
9.5267323228346452
21
-1.0253542913385827
0
LINE
8
BLACK
6
CONTINUOUS
10
9.5267323228346452
20
-1.0253542913385827
11
9.5267312992125976
21
-1.0253542913385827
0
LINE
8
BLACK
6
CONTINUOUS
10
9.5267312992125976
20
-1.0253542913385827
11
9.5267312992125976
21
-1.5371653149606299
0
LINE
8
BLACK
6
CONTINUOUS
10
9.5267312992125976
20
-1.5371653149606299
11
9.5262130708661417
21
-1.5417646062992125
0
LINE
8
BLACK
6
CONTINUOUS
10
9.5262130708661417
20
-1.5417646062992125
11
9.5246843700787398
21
-1.5461332283464566
0
LINE
8
BLACK
6
CONTINUOUS
10
9.5246843700787398
20
-1.5461332283464566
11
9.5222218503937004
21
-1.5500521653543307
0
LINE
8
BLACK
6
CONTINUOUS
10
9.5222218503937004
20
-1.5500521653543307
11
9.5189490157480314
21
-1.5533248425196851
0
LINE
8
BLACK
6
CONTINUOUS
10
9.5189490157480314
20
-1.5533248425196851
11
9.5150299606299207
21
-1.5557871653543307
0
LINE
8
BLACK
6
CONTINUOUS
10
9.5150299606299207
20
-1.5557871653543307
11
9.5106612598425198
21
-1.5573156692913386
0
LINE
8
BLACK
6
CONTINUOUS
10
9.5106612598425198
20
-1.5573156692913386
11
9.5060729921259846
21
-1.5578324015748031
0
LINE
8
BLACK
6
CONTINUOUS
10
9.5060729921259846
20
-1.5578324015748031
11
9.5060620078740161
21
-1.5578346062992126
0
LINE
8
BLACK
6
CONTINUOUS
10
9.5060620078740161
20
-1.5578346062992126
11
9.5060619685039374
21
-1.5578346062992126
0
LINE
8
BLACK
6
CONTINUOUS
10
9.5060619685039374
20
-1.5578346062992126
11
8.994250984251968
21
-1.5578346062992126
0
LINE
8
BLACK
6
CONTINUOUS
10
8.994250984251968
20
-1.5578346062992126
11
8.9938743307086604
21
-1.55775968503937
0
LINE
8
BLACK
6
CONTINUOUS
10
8.9938743307086604
20
-1.55775968503937
11
8.9938475590551175
21
-1.5577329133858266
0
LINE
8
BLACK
6
CONTINUOUS
10
8.9938475590551175
20
-1.5577329133858266
11
8.9897605118110242
21
-1.5572720078740157
0
LINE
8
BLACK
6
CONTINUOUS
10
8.9897605118110242
20
-1.5572720078740157
11
8.9853919685039365
21
-1.5557430708661417
0
LINE
8
BLACK
6
CONTINUOUS
10
8.9853919685039365
20
-1.5557430708661417
11
8.9814731102362195
21
-1.5532805905511811
0
LINE
8
BLACK
6
CONTINUOUS
10
8.9814731102362195
20
-1.5532805905511811
11
8.9782003149606293
21
-1.5500079133858267
0
LINE
8
BLACK
6
CONTINUOUS
10
8.9782003149606293
20
-1.5500079133858267
11
8.9757376377952749
21
-1.5460891732283464
0
LINE
8
BLACK
6
CONTINUOUS
10
8.9757376377952749
20
-1.5460891732283464
11
8.9742085433070873
21
-1.5417207086614173
0
LINE
8
BLACK
6
CONTINUOUS
10
8.9742085433070873
20
-1.5417207086614173
11
8.9737472834645668
21
-1.5376326377952756
0
LINE
8
BLACK
6
CONTINUOUS
10
8.9737472834645668
20
-1.5376326377952756
11
8.9736566141732279
21
-1.5375419685039369
0
LINE
8
BLACK
6
CONTINUOUS
10
8.9736566141732279
20
-1.5375419685039369
11
8.9735816929133865
21
-1.5371653149606299
0
LINE
8
BLACK
6
CONTINUOUS
10
8.9735816929133865
20
-1.5371653149606299
11
8.9735816929133865
21
-1.0253542913385827
0
LINE
8
BLACK
6
CONTINUOUS
10
8.9735816929133865
20
-1.0253542913385827
11
8.9740999212598425
21
-1.0207548818897638
0
LINE
8
BLACK
6
CONTINUOUS
10
8.9740999212598425
20
-1.0207548818897638
11
8.9756285826771656
21
-1.016386062992126
0
LINE
8
BLACK
6
CONTINUOUS
10
8.9756285826771656
20
-1.016386062992126
11
8.9780910236220475
21
-1.0124669685039369
0
LINE
8
BLACK
6
CONTINUOUS
10
8.9780910236220475
20
-1.0124669685039369
11
8.9813638188976377
21
-1.0091940157480315
0
LINE
8
BLACK
6
CONTINUOUS
10
8.9813638188976377
20
-1.0091940157480315
11
8.9852828346456697
21
-1.0067313779527558
0
LINE
8
BLACK
6
CONTINUOUS
10
8.9852828346456697
20
-1.0067313779527558
11
8.9896515354330706
21
-1.0052024803149606
0
LINE
8
BLACK
6
CONTINUOUS
10
8.9896515354330706
20
-1.0052024803149606
11
8.9942509448818893
21
-1.0046840551181102
0
LINE
8
BLACK
6
CONTINUOUS
10
8.9942509448818893
20
-1.0046840551181102
11
8.9942509448818893
21
-1.0046850000000001
0
LINE
8
BLACK
6
CONTINUOUS
10
8.9917889763779524
20
-1.0066526771653543
11
8.9870327165354329
21
-1.0079273228346457
0
LINE
8
BLACK
6
CONTINUOUS
10
8.9870327165354329
20
-1.0079273228346457
11
8.9827683858267715
21
-1.0103895275590551
0
LINE
8
BLACK
6
CONTINUOUS
10
8.9827683858267715
20
-1.0103895275590551
11
8.9792866141732279
21
-1.0138714566929135
0
LINE
8
BLACK
6
CONTINUOUS
10
8.9792866141732279
20
-1.0138714566929135
11
8.9768246062992123
21
-1.0181359055118111
0
LINE
8
BLACK
6
CONTINUOUS
10
8.9768246062992123
20
-1.0181359055118111
11
8.9755501968503939
21
-1.0228922440944881
0
LINE
8
BLACK
6
CONTINUOUS
10
8.9755501968503939
20
-1.0228922440944881
11
8.9755501968503939
21
-1.0253542913385827
0
LINE
8
BLACK
6
CONTINUOUS
10
8.9755501968503939
20
-1.0253542913385827
11
8.9755501968503939
21
-1.5367864566929132
0
LINE
8
BLACK
6
CONTINUOUS
10
8.9755501968503939
20
-1.5367864566929132
11
8.9756590157480307
21
-1.5371212204724409
0
LINE
8
BLACK
6
CONTINUOUS
10
8.9756590157480307
20
-1.5371212204724409
11
8.9756581496062982
21
-1.5371212204724409
0
LINE
8
BLACK
6
CONTINUOUS
10
8.9756581496062982
20
-1.5371212204724409
11
8.9756585039370069
21
-1.539583188976378
0
LINE
8
BLACK
6
CONTINUOUS
10
8.9756585039370069
20
-1.539583188976378
11
8.9769335039370084
21
-1.544339251968504
0
LINE
8
BLACK
6
CONTINUOUS
10
8.9769335039370084
20
-1.544339251968504
11
8.9793957874015753
21
-1.5486033464566928
0
LINE
8
BLACK
6
CONTINUOUS
10
8.9793957874015753
20
-1.5486033464566928
11
8.9828776377952746
21
-1.5520850393700787
0
LINE
8
BLACK
6
CONTINUOUS
10
8.9828776377952746
20
-1.5520850393700787
11
8.9871418503936997
21
-1.554547125984252
0
LINE
8
BLACK
6
CONTINUOUS
10
8.9871418503936997
20
-1.554547125984252
11
8.991897952755906
21
-1.5558218897637794
0
LINE
8
BLACK
6
CONTINUOUS
10
8.991897952755906
20
-1.5558218897637794
11
8.9943599212598428
21
-1.5558221653543307
0
LINE
8
BLACK
6
CONTINUOUS
10
8.9943599212598428
20
-1.5558221653543307
11
8.9944951181102368
21
-1.5558661023622047
0
LINE
8
BLACK
6
CONTINUOUS
10
8.9944951181102368
20
-1.5558661023622047
11
9.5060620078740161
21
-1.5558661023622047
0
LINE
8
BLACK
6
CONTINUOUS
10
9.5060620078740161
20
-1.5558661023622047
11
9.5060620472440949
21
-1.5558661023622047
0
LINE
8
BLACK
6
CONTINUOUS
10
9.5060620472440949
20
-1.5558661023622047
11
9.5060620472440949
21
-1.5558651574803148
0
LINE
8
BLACK
6
CONTINUOUS
10
9.5060620472440949
20
-1.5558651574803148
11
9.5085240157480317
21
-1.5558652755905511
0
LINE
8
BLACK
6
CONTINUOUS
10
9.5085240157480317
20
-1.5558652755905511
11
9.5132801968503937
21
-1.554591062992126
0
LINE
8
BLACK
6
CONTINUOUS
10
9.5132801968503937
20
-1.554591062992126
11
9.5175445275590551
21
-1.5521292519685039
0
LINE
8
BLACK
6
CONTINUOUS
10
9.5175445275590551
20
-1.5521292519685039
11
9.5210263385826774
21
-1.5486475984251968
0
LINE
8
BLACK
6
CONTINUOUS
10
9.5210263385826774
20
-1.5486475984251968
11
9.5234883858267718
21
-1.5443834251968505
0
LINE
8
BLACK
6
CONTINUOUS
10
9.5234883858267718
20
-1.5443834251968505
11
9.5247627952755902
21
-1.5396272834645668
0
LINE
8
BLACK
6
CONTINUOUS
10
9.5247627952755902
20
-1.5396272834645668
11
9.5247627952755902
21
-1.5371653149606299
0
LINE
8
BLACK
6
CONTINUOUS
10
9.5247627952755902
20
-1.5371653149606299
11
9.5247627952755902
21
-1.0253542913385827
0
LINE
8
BLACK
6
CONTINUOUS
10
9.5247627952755902
20
-1.0253542913385827
11
9.5247638188976378
21
-1.0253491338582676
0
LINE
8
BLACK
6
CONTINUOUS
10
9.5247638188976378
20
-1.0253491338582676
11
9.5247638188976378
21
-1.0228922047244093
0
LINE
8
BLACK
6
CONTINUOUS
10
9.5247638188976378
20
-1.0228922047244093
11
9.5234892913385831
21
-1.0181358267716536
0
LINE
8
BLACK
6
CONTINUOUS
10
9.5234892913385831
20
-1.0181358267716536
11
9.5210271259842525
21
-1.0138714173228347
0
LINE
8
BLACK
6
CONTINUOUS
10
9.5210271259842525
20
-1.0138714173228347
11
9.5175451181102364
21
-1.0103896062992126
0
LINE
8
BLACK
6
CONTINUOUS
10
9.5175451181102364
20
-1.0103896062992126
11
9.5132805905511812
21
-1.0079276377952755
0
LINE
8
BLACK
6
CONTINUOUS
10
9.5132805905511812
20
-1.0079276377952755
11
9.508524133858268
21
-1.0066533858267717
0
LINE
8
BLACK
6
CONTINUOUS
10
9.508524133858268
20
-1.0066533858267717
11
9.5060620472440949
21
-1.0066535039370079
0
LINE
8
BLACK
6
CONTINUOUS
10
9.5060620472440949
20
-1.0066535039370079
11
9.5060620078740161
21
-1.0066534645669292
0
LINE
8
BLACK
6
CONTINUOUS
10
9.5060620078740161
20
-1.0066534645669292
11
9.5060620078740161
21
-1.0066535039370079
0
LINE
8
BLACK
6
CONTINUOUS
10
9.5060620078740161
20
-1.0066535039370079
11
8.9942510236220468
21
-1.0066535039370079
0
LINE
8
BLACK
6
CONTINUOUS
10
8.9942510236220468
20
-1.0066535039370079
11
8.994250984251968
21
-1.0066535039370079
0
LINE
8
BLACK
6
CONTINUOUS
10
8.994250984251968
20
-1.0066535039370079
11
8.9942462204724407
21
-1.0066525590551181
0
LINE
8
BLACK
6
CONTINUOUS
10
8.9942462204724407
20
-1.0066525590551181
11
8.9917889763779524
21
-1.0066526771653543
0
LINE
8
BLACK
6
CONTINUOUS
10
9.7442509448818893
20
-0.910984251968504
11
9.744250984251968
21
-0.910984251968504
0
LINE
8
BLACK
6
CONTINUOUS
10
9.744250984251968
20
-0.910984251968504
11
10.2560620078740161
21
-0.910984251968504
0
LINE
8
BLACK
6
CONTINUOUS
10
10.2560620078740161
20
-0.910984251968504
11
10.2560620472440949
21
-0.910984251968504
0
LINE
8
BLACK
6
CONTINUOUS
10
10.2560620472440949
20
-0.910984251968504
11
10.2606614960629923
21
-0.9115022834645669
0
LINE
8
BLACK
6
CONTINUOUS
10
10.2606614960629923
20
-0.9115022834645669
11
10.265030393700787
21
-0.9130308267716535
0
LINE
8
BLACK
6
CONTINUOUS
10
10.265030393700787
20
-0.9130308267716535
11
10.2689496062992127
21
-0.9154932677165354
0
LINE
8
BLACK
6
CONTINUOUS
10
10.2689496062992127
20
-0.9154932677165354
11
10.2722226377952754
21
-0.9187661023622047
0
LINE
8
BLACK
6
CONTINUOUS
10
10.2722226377952754
20
-0.9187661023622047
11
10.2746852362204724
21
-0.9226851968503936
0
LINE
8
BLACK
6
CONTINUOUS
10
10.2746852362204724
20
-0.9226851968503936
11
10.2762140157480317
21
-0.9270540551181102
0
LINE
8
BLACK
6
CONTINUOUS
10
10.2762140157480317
20
-0.9270540551181102
11
10.2767322834645665
21
-0.9316535433070866
0
LINE
8
BLACK
6
CONTINUOUS
10
10.2767322834645665
20
-0.9316535433070866
11
10.2767312992125976
21
-0.9316535433070866
0
LINE
8
BLACK
6
CONTINUOUS
10
10.2767312992125976
20
-0.9316535433070866
11
10.2767312992125976
21
-1.4434645669291337
0
LINE
8
BLACK
6
CONTINUOUS
10
10.2767312992125976
20
-1.4434645669291337
11
10.2762130708661417
21
-1.4480638582677166
0
LINE
8
BLACK
6
CONTINUOUS
10
10.2762130708661417
20
-1.4480638582677166
11
10.2746843700787398
21
-1.4524324803149606
0
LINE
8
BLACK
6
CONTINUOUS
10
10.2746843700787398
20
-1.4524324803149606
11
10.2722218503937004
21
-1.4563513779527559
0
LINE
8
BLACK
6
CONTINUOUS
10
10.2722218503937004
20
-1.4563513779527559
11
10.2689490157480314
21
-1.4596240551181101
0
LINE
8
BLACK
6
CONTINUOUS
10
10.2689490157480314
20
-1.4596240551181101
11
10.2650299606299207
21
-1.462086377952756
0
LINE
8
BLACK
6
CONTINUOUS
10
10.2650299606299207
20
-1.462086377952756
11
10.2606612598425198
21
-1.4636148818897639
0
LINE
8
BLACK
6
CONTINUOUS
10
10.2606612598425198
20
-1.4636148818897639
11
10.2560734645669296
21
-1.4641315748031496
0
LINE
8
BLACK
6
CONTINUOUS
10
10.2560734645669296
20
-1.4641315748031496
11
10.2560620078740161
21
-1.4641338582677166
0
LINE
8
BLACK
6
CONTINUOUS
10
10.2560620078740161
20
-1.4641338582677166
11
10.2560619685039374
21
-1.4641338582677166
0
LINE
8
BLACK
6
CONTINUOUS
10
10.2560619685039374
20
-1.4641338582677166
11
9.744250984251968
21
-1.4641338582677166
0
LINE
8
BLACK
6
CONTINUOUS
10
9.744250984251968
20
-1.4641338582677166
11
9.7438743307086604
21
-1.464058937007874
0
LINE
8
BLACK
6
CONTINUOUS
10
9.7438743307086604
20
-1.464058937007874
11
9.7438475590551175
21
-1.4640321653543307
0
LINE
8
BLACK
6
CONTINUOUS
10
9.7438475590551175
20
-1.4640321653543307
11
9.7397605118110242
21
-1.4635712598425197
0
LINE
8
BLACK
6
CONTINUOUS
10
9.7397605118110242
20
-1.4635712598425197
11
9.7353919685039365
21
-1.4620423228346457
0
LINE
8
BLACK
6
CONTINUOUS
10
9.7353919685039365
20
-1.4620423228346457
11
9.7314730708661408
21
-1.4595798425196851
0
LINE
8
BLACK
6
CONTINUOUS
10
9.7314730708661408
20
-1.4595798425196851
11
9.7282002755905506
21
-1.4563071653543307
0
LINE
8
BLACK
6
CONTINUOUS
10
9.7282002755905506
20
-1.4563071653543307
11
9.7257375984251961
21
-1.4523884251968504
0
LINE
8
BLACK
6
CONTINUOUS
10
9.7257375984251961
20
-1.4523884251968504
11
9.7242085039370085
21
-1.4480199606299213
0
LINE
8
BLACK
6
CONTINUOUS
10
9.7242085039370085
20
-1.4480199606299213
11
9.7237472440944881
21
-1.4439318503937006
0
LINE
8
BLACK
6
CONTINUOUS
10
9.7237472440944881
20
-1.4439318503937006
11
9.7236566141732279
21
-1.4438412204724409
0
LINE
8
BLACK
6
CONTINUOUS
10
9.7236566141732279
20
-1.4438412204724409
11
9.7235816929133865
21
-1.4434645669291337
0
LINE
8
BLACK
6
CONTINUOUS
10
9.7235816929133865
20
-1.4434645669291337
11
9.7235816929133865
21
-0.9316535433070866
0
LINE
8
BLACK
6
CONTINUOUS
10
9.7235816929133865
20
-0.9316535433070866
11
9.7240999212598425
21
-0.9270541338582677
0
LINE
8
BLACK
6
CONTINUOUS
10
9.7240999212598425
20
-0.9270541338582677
11
9.7256285826771656
21
-0.9226853149606299
0
LINE
8
BLACK
6
CONTINUOUS
10
9.7256285826771656
20
-0.9226853149606299
11
9.7280910236220475
21
-0.9187661811023622
0
LINE
8
BLACK
6
CONTINUOUS
10
9.7280910236220475
20
-0.9187661811023622
11
9.7313638188976377
21
-0.9154932283464566
0
LINE
8
BLACK
6
CONTINUOUS
10
9.7313638188976377
20
-0.9154932283464566
11
9.7352827952755909
21
-0.9130305905511811
0
LINE
8
BLACK
6
CONTINUOUS
10
9.7352827952755909
20
-0.9130305905511811
11
9.7396515354330706
21
-0.9115016929133858
0
LINE
8
BLACK
6
CONTINUOUS
10
9.7396515354330706
20
-0.9115016929133858
11
9.7442509448818893
21
-0.9109832677165354
0
LINE
8
BLACK
6
CONTINUOUS
10
9.7442509448818893
20
-0.9109832677165354
11
9.7442509448818893
21
-0.910984251968504
0
LINE
8
BLACK
6
CONTINUOUS
10
9.7417889763779524
20
-0.9129518897637795
11
9.7370327165354329
21
-0.9142265354330709
0
LINE
8
BLACK
6
CONTINUOUS
10
9.7370327165354329
20
-0.9142265354330709
11
9.7327683858267715
21
-0.9166887401574803
0
LINE
8
BLACK
6
CONTINUOUS
10
9.7327683858267715
20
-0.9166887401574803
11
9.7292865748031492
21
-0.9201707086614173
0
LINE
8
BLACK
6
CONTINUOUS
10
9.7292865748031492
20
-0.9201707086614173
11
9.7268246062992123
21
-0.9244351574803149
0
LINE
8
BLACK
6
CONTINUOUS
10
9.7268246062992123
20
-0.9244351574803149
11
9.7255501968503939
21
-0.9291914960629921
0
LINE
8
BLACK
6
CONTINUOUS
10
9.7255501968503939
20
-0.9291914960629921
11
9.7255501968503939
21
-0.9316535433070866
0
LINE
8
BLACK
6
CONTINUOUS
10
9.7255501968503939
20
-0.9316535433070866
11
9.7255501968503939
21
-1.4430857086614173
0
LINE
8
BLACK
6
CONTINUOUS
10
9.7255501968503939
20
-1.4430857086614173
11
9.7256590157480307
21
-1.443420472440945
0
LINE
8
BLACK
6
CONTINUOUS
10
9.7256590157480307
20
-1.443420472440945
11
9.7256581102362194
21
-1.443420472440945
0
LINE
8
BLACK
6
CONTINUOUS
10
9.7256581102362194
20
-1.443420472440945
11
9.7256584645669282
21
-1.4458824409448818
0
LINE
8
BLACK
6
CONTINUOUS
10
9.7256584645669282
20
-1.4458824409448818
11
9.7269334645669296
21
-1.4506385039370078
0
LINE
8
BLACK
6
CONTINUOUS
10
9.7269334645669296
20
-1.4506385039370078
11
9.7293957480314965
21
-1.4549025984251969
0
LINE
8
BLACK
6
CONTINUOUS
10
9.7293957480314965
20
-1.4549025984251969
11
9.7328775984251958
21
-1.4583842913385827
0
LINE
8
BLACK
6
CONTINUOUS
10
9.7328775984251958
20
-1.4583842913385827
11
9.7371418503936997
21
-1.4608463779527558
0
LINE
8
BLACK
6
CONTINUOUS
10
9.7371418503936997
20
-1.4608463779527558
11
9.741897952755906
21
-1.4621211417322835
0
LINE
8
BLACK
6
CONTINUOUS
10
9.741897952755906
20
-1.4621211417322835
11
9.7443599212598428
21
-1.4621214173228345
0
LINE
8
BLACK
6
CONTINUOUS
10
9.7443599212598428
20
-1.4621214173228345
11
9.7444951181102368
21
-1.4621653543307087
0
LINE
8
BLACK
6
CONTINUOUS
10
9.7444951181102368
20
-1.4621653543307087
11
10.2560620078740161
21
-1.4621653543307087
0
LINE
8
BLACK
6
CONTINUOUS
10
10.2560620078740161
20
-1.4621653543307087
11
10.2560620472440949
21
-1.4621653543307087
0
LINE
8
BLACK
6
CONTINUOUS
10
10.2560620472440949
20
-1.4621653543307087
11
10.2560620472440949
21
-1.4621643700787401
0
LINE
8
BLACK
6
CONTINUOUS
10
10.2560620472440949
20
-1.4621643700787401
11
10.2585240157480317
21
-1.4621644881889764
0
LINE
8
BLACK
6
CONTINUOUS
10
10.2585240157480317
20
-1.4621644881889764
11
10.2632801968503937
21
-1.4608903149606298
0
LINE
8
BLACK
6
CONTINUOUS
10
10.2632801968503937
20
-1.4608903149606298
11
10.2675445275590551
21
-1.4584284645669292
0
LINE
8
BLACK
6
CONTINUOUS
10
10.2675445275590551
20
-1.4584284645669292
11
10.2710263385826774
21
-1.4549468503937009
0
LINE
8
BLACK
6
CONTINUOUS
10
10.2710263385826774
20
-1.4549468503937009
11
10.2734883464566931
21
-1.4506826377952755
0
LINE
8
BLACK
6
CONTINUOUS
10
10.2734883464566931
20
-1.4506826377952755
11
10.2747627952755902
21
-1.4459265354330708
0
LINE
8
BLACK
6
CONTINUOUS
10
10.2747627952755902
20
-1.4459265354330708
11
10.2747627952755902
21
-1.4434645669291337
0
LINE
8
BLACK
6
CONTINUOUS
10
10.2747627952755902
20
-1.4434645669291337
11
10.2747627952755902
21
-0.9316535433070866
0
LINE
8
BLACK
6
CONTINUOUS
10
10.2747627952755902
20
-0.9316535433070866
11
10.274763779527559
21
-0.9316485826771653
0
LINE
8
BLACK
6
CONTINUOUS
10
10.274763779527559
20
-0.9316485826771653
11
10.274763779527559
21
-0.9291914566929134
0
LINE
8
BLACK
6
CONTINUOUS
10
10.274763779527559
20
-0.9291914566929134
11
10.2734892519685044
21
-0.9244350787401575
0
LINE
8
BLACK
6
CONTINUOUS
10
10.2734892519685044
20
-0.9244350787401575
11
10.2710271259842525
21
-0.9201706692913386
0
LINE
8
BLACK
6
CONTINUOUS
10
10.2710271259842525
20
-0.9201706692913386
11
10.2675451181102364
21
-0.9166888582677165
0
LINE
8
BLACK
6
CONTINUOUS
10
10.2675451181102364
20
-0.9166888582677165
11
10.2632805905511812
21
-0.9142268897637795
0
LINE
8
BLACK
6
CONTINUOUS
10
10.2632805905511812
20
-0.9142268897637795
11
10.258524133858268
21
-0.9129526377952756
0
LINE
8
BLACK
6
CONTINUOUS
10
10.258524133858268
20
-0.9129526377952756
11
10.2560620472440949
21
-0.9129527559055118
0
LINE
8
BLACK
6
CONTINUOUS
10
10.2560620472440949
20
-0.9129527559055118
11
10.2560620078740161
21
-0.9129527165354331
0
LINE
8
BLACK
6
CONTINUOUS
10
10.2560620078740161
20
-0.9129527165354331
11
10.2560620078740161
21
-0.9129527559055118
0
LINE
8
BLACK
6
CONTINUOUS
10
10.2560620078740161
20
-0.9129527559055118
11
9.7442510236220468
21
-0.9129527559055118
0
LINE
8
BLACK
6
CONTINUOUS
10
9.7442510236220468
20
-0.9129527559055118
11
9.744250984251968
21
-0.9129527559055118
0
LINE
8
BLACK
6
CONTINUOUS
10
9.744250984251968
20
-0.9129527559055118
11
9.7442460236220469
21
-0.9129517716535432
0
LINE
8
BLACK
6
CONTINUOUS
10
9.7442460236220469
20
-0.9129517716535432
11
9.7417889763779524
21
-0.9129518897637795
0
LINE
8
BLACK
6
CONTINUOUS
10
11.244290236220472
20
-0.910984251968504
11
11.2442902755905507
21
-0.910984251968504
0
LINE
8
BLACK
6
CONTINUOUS
10
11.2442902755905507
20
-0.910984251968504
11
11.7561012992125988
21
-0.910984251968504
0
LINE
8
BLACK
6
CONTINUOUS
10
11.7561012992125988
20
-0.910984251968504
11
11.7561013385826776
21
-0.910984251968504
0
LINE
8
BLACK
6
CONTINUOUS
10
11.7561013385826776
20
-0.910984251968504
11
11.760700787401575
21
-0.9115022440944882
0
LINE
8
BLACK
6
CONTINUOUS
10
11.760700787401575
20
-0.9115022440944882
11
11.7650697244094484
21
-0.9130308267716535
0
LINE
8
BLACK
6
CONTINUOUS
10
11.7650697244094484
20
-0.9130308267716535
11
11.7689889370078742
21
-0.9154932283464566
0
LINE
8
BLACK
6
CONTINUOUS
10
11.7689889370078742
20
-0.9154932283464566
11
11.7722619685039369
21
-0.9187660629921259
0
LINE
8
BLACK
6
CONTINUOUS
10
11.7722619685039369
20
-0.9187660629921259
11
11.7747246062992126
21
-0.9226851968503936
0
LINE
8
BLACK
6
CONTINUOUS
10
11.7747246062992126
20
-0.9226851968503936
11
11.7762533858267719
21
-0.9270540551181102
0
LINE
8
BLACK
6
CONTINUOUS
10
11.7762533858267719
20
-0.9270540551181102
11
11.7767716535433067
21
-0.9316535433070866
0
LINE
8
BLACK
6
CONTINUOUS
10
11.7767716535433067
20
-0.9316535433070866
11
11.7767705905511804
21
-0.9316535433070866
0
LINE
8
BLACK
6
CONTINUOUS
10
11.7767705905511804
20
-0.9316535433070866
11
11.7767705905511804
21
-1.4434645669291337
0
LINE
8
BLACK
6
CONTINUOUS
10
11.7767705905511804
20
-1.4434645669291337
11
11.7762523622047244
21
-1.4480638188976378
0
LINE
8
BLACK
6
CONTINUOUS
10
11.7762523622047244
20
-1.4480638188976378
11
11.7747236614173225
21
-1.4524324803149606
0
LINE
8
BLACK
6
CONTINUOUS
10
11.7747236614173225
20
-1.4524324803149606
11
11.7722611417322831
21
-1.4563513779527559
0
LINE
8
BLACK
6
CONTINUOUS
10
11.7722611417322831
20
-1.4563513779527559
11
11.7689883070866141
21
-1.4596240551181101
0
LINE
8
BLACK
6
CONTINUOUS
10
11.7689883070866141
20
-1.4596240551181101
11
11.7650692519685034
21
-1.4620863385826772
0
LINE
8
BLACK
6
CONTINUOUS
10
11.7650692519685034
20
-1.4620863385826772
11
11.7607005511811025
21
-1.4636148031496063
0
LINE
8
BLACK
6
CONTINUOUS
10
11.7607005511811025
20
-1.4636148031496063
11
11.7561136614173218
21
-1.4641313779527558
0
LINE
8
BLACK
6
CONTINUOUS
10
11.7561136614173218
20
-1.4641313779527558
11
11.7561012992125988
21
-1.4641338582677166
0
LINE
8
BLACK
6
CONTINUOUS
10
11.7561012992125988
20
-1.4641338582677166
11
11.7561012598425201
21
-1.4641338582677166
0
LINE
8
BLACK
6
CONTINUOUS
10
11.7561012598425201
20
-1.4641338582677166
11
11.2442902755905507
21
-1.4641338582677166
0
LINE
8
BLACK
6
CONTINUOUS
10
11.2442902755905507
20
-1.4641338582677166
11
11.2439136220472431
21
-1.464058937007874
0
LINE
8
BLACK
6
CONTINUOUS
10
11.2439136220472431
20
-1.464058937007874
11
11.2438868110236214
21
-1.4640321259842519
0
LINE
8
BLACK
6
CONTINUOUS
10
11.2438868110236214
20
-1.4640321259842519
11
11.2397998031496069
21
-1.4635712204724409
0
LINE
8
BLACK
6
CONTINUOUS
10
11.2397998031496069
20
-1.4635712204724409
11
11.235431299212598
21
-1.4620423228346457
0
LINE
8
BLACK
6
CONTINUOUS
10
11.235431299212598
20
-1.4620423228346457
11
11.2315124015748022
21
-1.4595798031496063
0
LINE
8
BLACK
6
CONTINUOUS
10
11.2315124015748022
20
-1.4595798031496063
11
11.2282396456692908
21
-1.4563071653543307
0
LINE
8
BLACK
6
CONTINUOUS
10
11.2282396456692908
20
-1.4563071653543307
11
11.2257769685039364
21
-1.4523883858267717
0
LINE
8
BLACK
6
CONTINUOUS
10
11.2257769685039364
20
-1.4523883858267717
11
11.224247874015747
21
-1.4480199606299213
0
LINE
8
BLACK
6
CONTINUOUS
10
11.224247874015747
20
-1.4480199606299213
11
11.2237866141732283
21
-1.4439319291338581
0
LINE
8
BLACK
6
CONTINUOUS
10
11.2237866141732283
20
-1.4439319291338581
11
11.2236959055118106
21
-1.4438412204724409
0
LINE
8
BLACK
6
CONTINUOUS
10
11.2236959055118106
20
-1.4438412204724409
11
11.2236209842519674
21
-1.4434645669291337
0
LINE
8
BLACK
6
CONTINUOUS
10
11.2236209842519674
20
-1.4434645669291337
11
11.2236209842519674
21
-0.9316535433070866
0
LINE
8
BLACK
6
CONTINUOUS
10
11.2236209842519674
20
-0.9316535433070866
11
11.2241392125984252
21
-0.927054094488189
0
LINE
8
BLACK
6
CONTINUOUS
10
11.2241392125984252
20
-0.927054094488189
11
11.2256678740157483
21
-0.9226853149606299
0
LINE
8
BLACK
6
CONTINUOUS
10
11.2256678740157483
20
-0.9226853149606299
11
11.2281303149606302
21
-0.9187661811023622
0
LINE
8
BLACK
6
CONTINUOUS
10
11.2281303149606302
20
-0.9187661811023622
11
11.2314030708661416
21
-0.9154931889763779
0
LINE
8
BLACK
6
CONTINUOUS
10
11.2314030708661416
20
-0.9154931889763779
11
11.2353220866141736
21
-0.9130305511811023
0
LINE
8
BLACK
6
CONTINUOUS
10
11.2353220866141736
20
-0.9130305511811023
11
11.2396908267716533
21
-0.911501653543307
0
LINE
8
BLACK
6
CONTINUOUS
10
11.2396908267716533
20
-0.911501653543307
11
11.244290236220472
21
-0.910983188976378
0
LINE
8
BLACK
6
CONTINUOUS
10
11.244290236220472
20
-0.910983188976378
11
11.244290236220472
21
-0.910984251968504
0
LINE
8
BLACK
6
CONTINUOUS
10
11.2418282677165351
20
-0.912951811023622
11
11.2370719685039369
21
-0.9142264960629921
0
LINE
8
BLACK
6
CONTINUOUS
10
11.2370719685039369
20
-0.9142264960629921
11
11.2328076771653542
21
-0.9166887007874015
0
LINE
8
BLACK
6
CONTINUOUS
10
11.2328076771653542
20
-0.9166887007874015
11
11.2293258661417319
21
-0.9201706692913386
0
LINE
8
BLACK
6
CONTINUOUS
10
11.2293258661417319
20
-0.9201706692913386
11
11.226863897637795
21
-0.9244351181102362
0
LINE
8
BLACK
6
CONTINUOUS
10
11.226863897637795
20
-0.9244351181102362
11
11.2255894881889766
21
-0.9291914960629921
0
LINE
8
BLACK
6
CONTINUOUS
10
11.2255894881889766
20
-0.9291914960629921
11
11.2255894881889766
21
-0.9316535433070866
0
LINE
8
BLACK
6
CONTINUOUS
10
11.2255894881889766
20
-0.9316535433070866
11
11.2255894881889766
21
-1.4430857086614173
0
LINE
8
BLACK
6
CONTINUOUS
10
11.2255894881889766
20
-1.4430857086614173
11
11.2256983070866134
21
-1.443420472440945
0
LINE
8
BLACK
6
CONTINUOUS
10
11.2256983070866134
20
-1.443420472440945
11
11.2256974803149596
21
-1.443420472440945
0
LINE
8
BLACK
6
CONTINUOUS
10
11.2256974803149596
20
-1.443420472440945
11
11.2256978346456684
21
-1.4458824409448818
0
LINE
8
BLACK
6
CONTINUOUS
10
11.2256978346456684
20
-1.4458824409448818
11
11.2269728346456699
21
-1.450638464566929
0
LINE
8
BLACK
6
CONTINUOUS
10
11.2269728346456699
20
-1.450638464566929
11
11.2294351181102368
21
-1.4549025590551181
0
LINE
8
BLACK
6
CONTINUOUS
10
11.2294351181102368
20
-1.4549025590551181
11
11.2329169685039361
21
-1.458384251968504
0
LINE
8
BLACK
6
CONTINUOUS
10
11.2329169685039361
20
-1.458384251968504
11
11.2371811417322824
21
-1.4608463779527558
0
LINE
8
BLACK
6
CONTINUOUS
10
11.2371811417322824
20
-1.4608463779527558
11
11.2419372440944887
21
-1.4621211417322835
0
LINE
8
BLACK
6
CONTINUOUS
10
11.2419372440944887
20
-1.4621211417322835
11
11.2443992125984256
21
-1.4621214173228345
0
LINE
8
BLACK
6
CONTINUOUS
10
11.2443992125984256
20
-1.4621214173228345
11
11.2445344094488178
21
-1.4621653543307087
0
LINE
8
BLACK
6
CONTINUOUS
10
11.2445344094488178
20
-1.4621653543307087
11
11.7561012992125988
21
-1.4621653543307087
0
LINE
8
BLACK
6
CONTINUOUS
10
11.7561012992125988
20
-1.4621653543307087
11
11.7561013385826776
21
-1.4621653543307087
0
LINE
8
BLACK
6
CONTINUOUS
10
11.7561013385826776
20
-1.4621653543307087
11
11.7561013385826776
21
-1.4621642913385826
0
LINE
8
BLACK
6
CONTINUOUS
10
11.7561013385826776
20
-1.4621642913385826
11
11.7585633070866145
21
-1.4621644488188976
0
LINE
8
BLACK
6
CONTINUOUS
10
11.7585633070866145
20
-1.4621644488188976
11
11.7633194881889764
21
-1.4608902362204723
0
LINE
8
BLACK
6
CONTINUOUS
10
11.7633194881889764
20
-1.4608902362204723
11
11.7675838188976378
21
-1.4584284645669292
0
LINE
8
BLACK
6
CONTINUOUS
10
11.7675838188976378
20
-1.4584284645669292
11
11.7710656299212602
21
-1.4549468110236221
0
LINE
8
BLACK
6
CONTINUOUS
10
11.7710656299212602
20
-1.4549468110236221
11
11.7735276377952758
21
-1.4506826377952755
0
LINE
8
BLACK
6
CONTINUOUS
10
11.7735276377952758
20
-1.4506826377952755
11
11.7748020866141729
21
-1.4459265354330708
0
LINE
8
BLACK
6
CONTINUOUS
10
11.7748020866141729
20
-1.4459265354330708
11
11.7748020866141729
21
-1.4434645669291337
0
LINE
8
BLACK
6
CONTINUOUS
10
11.7748020866141729
20
-1.4434645669291337
11
11.7748020866141729
21
-0.9316535433070866
0
LINE
8
BLACK
6
CONTINUOUS
10
11.7748020866141729
20
-0.9316535433070866
11
11.7748031496062993
21
-0.9316481889763779
0
LINE
8
BLACK
6
CONTINUOUS
10
11.7748031496062993
20
-0.9316481889763779
11
11.7748031496062993
21
-0.9291914566929134
0
LINE
8
BLACK
6
CONTINUOUS
10
11.7748031496062993
20
-0.9291914566929134
11
11.7735286220472446
21
-0.9244350787401575
0
LINE
8
BLACK
6
CONTINUOUS
10
11.7735286220472446
20
-0.9244350787401575
11
11.771066456692914
21
-0.9201706299212599
0
LINE
8
BLACK
6
CONTINUOUS
10
11.771066456692914
20
-0.9201706299212599
11
11.7675844488188979
21
-0.9166888188976378
0
LINE
8
BLACK
6
CONTINUOUS
10
11.7675844488188979
20
-0.9166888188976378
11
11.763319881889764
21
-0.9142268897637795
0
LINE
8
BLACK
6
CONTINUOUS
10
11.763319881889764
20
-0.9142268897637795
11
11.7585634251968507
21
-0.9129526377952756
0
LINE
8
BLACK
6
CONTINUOUS
10
11.7585634251968507
20
-0.9129526377952756
11
11.7561013385826776
21
-0.9129527559055118
0
LINE
8
BLACK
6
CONTINUOUS
10
11.7561013385826776
20
-0.9129527559055118
11
11.7561012992125988
21
-0.9129527165354331
0
LINE
8
BLACK
6
CONTINUOUS
10
11.7561012992125988
20
-0.9129527165354331
11
11.7561012992125988
21
-0.9129527559055118
0
LINE
8
BLACK
6
CONTINUOUS
10
11.7561012992125988
20
-0.9129527559055118
11
11.2442903149606295
21
-0.9129527559055118
0
LINE
8
BLACK
6
CONTINUOUS
10
11.2442903149606295
20
-0.9129527559055118
11
11.2442902755905507
21
-0.9129527559055118
0
LINE
8
BLACK
6
CONTINUOUS
10
11.2442902755905507
20
-0.9129527559055118
11
11.2442849212598421
21
-0.9129516929133858
0
LINE
8
BLACK
6
CONTINUOUS
10
11.2442849212598421
20
-0.9129516929133858
11
11.2418282677165351
21
-0.912951811023622
0
LINE
8
BLACK
6
CONTINUOUS
10
10.494290236220472
20
-0.8172440944881889
11
10.4942902755905507
21
-0.8172440944881889
0
LINE
8
BLACK
6
CONTINUOUS
10
10.4942902755905507
20
-0.8172440944881889
11
11.0061012992125988
21
-0.8172440944881889
0
LINE
8
BLACK
6
CONTINUOUS
10
11.0061012992125988
20
-0.8172440944881889
11
11.0061013385826776
21
-0.8172440944881889
0
LINE
8
BLACK
6
CONTINUOUS
10
11.0061013385826776
20
-0.8172440944881889
11
11.010700787401575
21
-0.8177620866141732
0
LINE
8
BLACK
6
CONTINUOUS
10
11.010700787401575
20
-0.8177620866141732
11
11.0150697244094484
21
-0.8192906692913385
0
LINE
8
BLACK
6
CONTINUOUS
10
11.0150697244094484
20
-0.8192906692913385
11
11.0189889370078742
21
-0.8217530708661417
0
LINE
8
BLACK
6
CONTINUOUS
10
11.0189889370078742
20
-0.8217530708661417
11
11.0222619685039369
21
-0.825025905511811
0
LINE
8
BLACK
6
CONTINUOUS
10
11.0222619685039369
20
-0.825025905511811
11
11.0247246062992126
21
-0.8289450393700787
0
LINE
8
BLACK
6
CONTINUOUS
10
11.0247246062992126
20
-0.8289450393700787
11
11.0262533858267719
21
-0.8333138976377953
0
LINE
8
BLACK
6
CONTINUOUS
10
11.0262533858267719
20
-0.8333138976377953
11
11.0267716535433067
21
-0.8379133858267717
0
LINE
8
BLACK
6
CONTINUOUS
10
11.0267716535433067
20
-0.8379133858267717
11
11.0267705905511804
21
-0.8379133858267717
0
LINE
8
BLACK
6
CONTINUOUS
10
11.0267705905511804
20
-0.8379133858267717
11
11.0267705905511804
21
-1.3497244094488188
0
LINE
8
BLACK
6
CONTINUOUS
10
11.0267705905511804
20
-1.3497244094488188
11
11.0262523622047244
21
-1.3543236614173229
0
LINE
8
BLACK
6
CONTINUOUS
10
11.0262523622047244
20
-1.3543236614173229
11
11.0247236614173225
21
-1.3586923228346457
0
LINE
8
BLACK
6
CONTINUOUS
10
11.0247236614173225
20
-1.3586923228346457
11
11.0222611417322831
21
-1.362611220472441
0
LINE
8
BLACK
6
CONTINUOUS
10
11.0222611417322831
20
-1.362611220472441
11
11.0189883070866141
21
-1.3658838976377952
0
LINE
8
BLACK
6
CONTINUOUS
10
11.0189883070866141
20
-1.3658838976377952
11
11.0150692519685034
21
-1.3683461811023623
0
LINE
8
BLACK
6
CONTINUOUS
10
11.0150692519685034
20
-1.3683461811023623
11
11.0107005511811025
21
-1.3698746456692914
0
LINE
8
BLACK
6
CONTINUOUS
10
11.0107005511811025
20
-1.3698746456692914
11
11.0061136614173218
21
-1.3703912204724409
0
LINE
8
BLACK
6
CONTINUOUS
10
11.0061136614173218
20
-1.3703912204724409
11
11.0061012992125988
21
-1.3703937007874016
0
LINE
8
BLACK
6
CONTINUOUS
10
11.0061012992125988
20
-1.3703937007874016
11
11.0061012598425201
21
-1.3703937007874016
0
LINE
8
BLACK
6
CONTINUOUS
10
11.0061012598425201
20
-1.3703937007874016
11
10.4942902755905507
21
-1.3703937007874016
0
LINE
8
BLACK
6
CONTINUOUS
10
10.4942902755905507
20
-1.3703937007874016
11
10.4939136220472431
21
-1.3703187795275591
0
LINE
8
BLACK
6
CONTINUOUS
10
10.4939136220472431
20
-1.3703187795275591
11
10.4938868110236214
21
-1.370291968503937
0
LINE
8
BLACK
6
CONTINUOUS
10
10.4938868110236214
20
-1.370291968503937
11
10.4897998031496069
21
-1.369831062992126
0
LINE
8
BLACK
6
CONTINUOUS
10
10.4897998031496069
20
-1.369831062992126
11
10.485431299212598
21
-1.3683021653543306
0
LINE
8
BLACK
6
CONTINUOUS
10
10.485431299212598
20
-1.3683021653543306
11
10.4815124015748022
21
-1.3658396456692914
0
LINE
8
BLACK
6
CONTINUOUS
10
10.4815124015748022
20
-1.3658396456692914
11
10.4782396456692908
21
-1.3625670078740157
0
LINE
8
BLACK
6
CONTINUOUS
10
10.4782396456692908
20
-1.3625670078740157
11
10.4757769685039364
21
-1.3586482283464567
0
LINE
8
BLACK
6
CONTINUOUS
10
10.4757769685039364
20
-1.3586482283464567
11
10.474247874015747
21
-1.3542798031496062
0
LINE
8
BLACK
6
CONTINUOUS
10
10.474247874015747
20
-1.3542798031496062
11
10.4737866141732283
21
-1.3501917716535432
0
LINE
8
BLACK
6
CONTINUOUS
10
10.4737866141732283
20
-1.3501917716535432
11
10.4736959055118106
21
-1.350101062992126
0
LINE
8
BLACK
6
CONTINUOUS
10
10.4736959055118106
20
-1.350101062992126
11
10.4736209842519674
21
-1.3497244094488188
0
LINE
8
BLACK
6
CONTINUOUS
10
10.4736209842519674
20
-1.3497244094488188
11
10.4736209842519674
21
-0.8379133858267717
0
LINE
8
BLACK
6
CONTINUOUS
10
10.4736209842519674
20
-0.8379133858267717
11
10.4741392125984252
21
-0.833313937007874
0
LINE
8
BLACK
6
CONTINUOUS
10
10.4741392125984252
20
-0.833313937007874
11
10.4756678740157483
21
-0.8289451574803149
0
LINE
8
BLACK
6
CONTINUOUS
10
10.4756678740157483
20
-0.8289451574803149
11
10.4781303149606302
21
-0.8250260236220472
0
LINE
8
BLACK
6
CONTINUOUS
10
10.4781303149606302
20
-0.8250260236220472
11
10.4814030708661416
21
-0.8217530314960629
0
LINE
8
BLACK
6
CONTINUOUS
10
10.4814030708661416
20
-0.8217530314960629
11
10.4853220866141736
21
-0.8192903937007874
0
LINE
8
BLACK
6
CONTINUOUS
10
10.4853220866141736
20
-0.8192903937007874
11
10.4896908267716533
21
-0.8177614960629921
0
LINE
8
BLACK
6
CONTINUOUS
10
10.4896908267716533
20
-0.8177614960629921
11
10.494290236220472
21
-0.8172430314960629
0
LINE
8
BLACK
6
CONTINUOUS
10
10.494290236220472
20
-0.8172430314960629
11
10.494290236220472
21
-0.8172440944881889
0
LINE
8
BLACK
6
CONTINUOUS
10
10.4918282677165351
20
-0.8192116535433071
11
10.4870719685039369
21
-0.8204863385826772
0
LINE
8
BLACK
6
CONTINUOUS
10
10.4870719685039369
20
-0.8204863385826772
11
10.4828076771653542
21
-0.8229485433070866
0
LINE
8
BLACK
6
CONTINUOUS
10
10.4828076771653542
20
-0.8229485433070866
11
10.4793258661417319
21
-0.8264305118110236
0
LINE
8
BLACK
6
CONTINUOUS
10
10.4793258661417319
20
-0.8264305118110236
11
10.476863897637795
21
-0.8306949606299212
0
LINE
8
BLACK
6
CONTINUOUS
10
10.476863897637795
20
-0.8306949606299212
11
10.4755894881889766
21
-0.8354513385826772
0
LINE
8
BLACK
6
CONTINUOUS
10
10.4755894881889766
20
-0.8354513385826772
11
10.4755894881889766
21
-0.8379133858267717
0
LINE
8
BLACK
6
CONTINUOUS
10
10.4755894881889766
20
-0.8379133858267717
11
10.4755894881889766
21
-1.3493455511811023
0
LINE
8
BLACK
6
CONTINUOUS
10
10.4755894881889766
20
-1.3493455511811023
11
10.4756983070866134
21
-1.3496803149606298
0
LINE
8
BLACK
6
CONTINUOUS
10
10.4756983070866134
20
-1.3496803149606298
11
10.4756974803149596
21
-1.3496803149606298
0
LINE
8
BLACK
6
CONTINUOUS
10
10.4756974803149596
20
-1.3496803149606298
11
10.4756978346456684
21
-1.3521422834645669
0
LINE
8
BLACK
6
CONTINUOUS
10
10.4756978346456684
20
-1.3521422834645669
11
10.4769728346456699
21
-1.3568983070866141
0
LINE
8
BLACK
6
CONTINUOUS
10
10.4769728346456699
20
-1.3568983070866141
11
10.4794351181102368
21
-1.3611624015748032
0
LINE
8
BLACK
6
CONTINUOUS
10
10.4794351181102368
20
-1.3611624015748032
11
10.4829169685039361
21
-1.364644094488189
0
LINE
8
BLACK
6
CONTINUOUS
10
10.4829169685039361
20
-1.364644094488189
11
10.4871811417322824
21
-1.3671062204724409
0
LINE
8
BLACK
6
CONTINUOUS
10
10.4871811417322824
20
-1.3671062204724409
11
10.4919372440944887
21
-1.3683809842519685
0
LINE
8
BLACK
6
CONTINUOUS
10
10.4919372440944887
20
-1.3683809842519685
11
10.4943992125984256
21
-1.3683812598425196
0
LINE
8
BLACK
6
CONTINUOUS
10
10.4943992125984256
20
-1.3683812598425196
11
10.4945344094488195
21
-1.3684251968503938
0
LINE
8
BLACK
6
CONTINUOUS
10
10.4945344094488195
20
-1.3684251968503938
11
11.0061012992125988
21
-1.3684251968503938
0
LINE
8
BLACK
6
CONTINUOUS
10
11.0061012992125988
20
-1.3684251968503938
11
11.0061013385826776
21
-1.3684251968503938
0
LINE
8
BLACK
6
CONTINUOUS
10
11.0061013385826776
20
-1.3684251968503938
11
11.0061013385826776
21
-1.3684241338582677
0
LINE
8
BLACK
6
CONTINUOUS
10
11.0061013385826776
20
-1.3684241338582677
11
11.0085633070866145
21
-1.3684242913385827
0
LINE
8
BLACK
6
CONTINUOUS
10
11.0085633070866145
20
-1.3684242913385827
11
11.0133194881889764
21
-1.3671500787401574
0
LINE
8
BLACK
6
CONTINUOUS
10
11.0133194881889764
20
-1.3671500787401574
11
11.0175838188976378
21
-1.364688307086614
0
LINE
8
BLACK
6
CONTINUOUS
10
11.0175838188976378
20
-1.364688307086614
11
11.0210656299212602
21
-1.3612066535433072
0
LINE
8
BLACK
6
CONTINUOUS
10
11.0210656299212602
20
-1.3612066535433072
11
11.0235276377952758
21
-1.3569424803149606
0
LINE
8
BLACK
6
CONTINUOUS
10
11.0235276377952758
20
-1.3569424803149606
11
11.0248020866141729
21
-1.3521863779527559
0
LINE
8
BLACK
6
CONTINUOUS
10
11.0248020866141729
20
-1.3521863779527559
11
11.0248020866141729
21
-1.3497244094488188
0
LINE
8
BLACK
6
CONTINUOUS
10
11.0248020866141729
20
-1.3497244094488188
11
11.0248020866141729
21
-0.8379133858267717
0
LINE
8
BLACK
6
CONTINUOUS
10
11.0248020866141729
20
-0.8379133858267717
11
11.0248031496062993
21
-0.837908031496063
0
LINE
8
BLACK
6
CONTINUOUS
10
11.0248031496062993
20
-0.837908031496063
11
11.0248031496062993
21
-0.8354512992125984
0
LINE
8
BLACK
6
CONTINUOUS
10
11.0248031496062993
20
-0.8354512992125984
11
11.0235286220472446
21
-0.8306949212598425
0
LINE
8
BLACK
6
CONTINUOUS
10
11.0235286220472446
20
-0.8306949212598425
11
11.021066456692914
21
-0.8264304724409448
0
LINE
8
BLACK
6
CONTINUOUS
10
11.021066456692914
20
-0.8264304724409448
11
11.0175844488188979
21
-0.8229486614173228
0
LINE
8
BLACK
6
CONTINUOUS
10
11.0175844488188979
20
-0.8229486614173228
11
11.013319881889764
21
-0.8204867322834646
0
LINE
8
BLACK
6
CONTINUOUS
10
11.013319881889764
20
-0.8204867322834646
11
11.0085634251968507
21
-0.8192124803149606
0
LINE
8
BLACK
6
CONTINUOUS
10
11.0085634251968507
20
-0.8192124803149606
11
11.0061013385826776
21
-0.8192125984251968
0
LINE
8
BLACK
6
CONTINUOUS
10
11.0061013385826776
20
-0.8192125984251968
11
11.0061012992125988
21
-0.8192125590551181
0
LINE
8
BLACK
6
CONTINUOUS
10
11.0061012992125988
20
-0.8192125590551181
11
11.0061012992125988
21
-0.8192125984251968
0
LINE
8
BLACK
6
CONTINUOUS
10
11.0061012992125988
20
-0.8192125984251968
11
10.4942903149606295
21
-0.8192125984251968
0
LINE
8
BLACK
6
CONTINUOUS
10
10.4942903149606295
20
-0.8192125984251968
11
10.4942902755905507
21
-0.8192125984251968
0
LINE
8
BLACK
6
CONTINUOUS
10
10.4942902755905507
20
-0.8192125984251968
11
10.4942849212598421
21
-0.8192115354330708
0
LINE
8
BLACK
6
CONTINUOUS
10
10.4942849212598421
20
-0.8192115354330708
11
10.4918282677165351
21
-0.8192116535433071
  0
ENDSEC
  0
EOF
