  0
SECTION
  2
HEADER
  9
$ANGBASE
  50
0.0
  9
$ANGDIR
  70
1
  9
$MEASUREMENT
  70
0
  0
ENDSEC
  0
SECTION
  2
TABLES
  0
TABLE
  2
LTYPE
  70
4
  0
LTYPE
  5
40F
  2
CONTINUOUS
  70
0
  3
Solid line
  72
65
  73
0
  40
0.0
  0
LTYPE
  5
410
  2
DASHDOT
 70
0
  3
Dash Dot ____ _ ____ _
 72
65
 73
4
 40
2.0
 49
1.25
 49
-0.25
 49
0.25
 49
-0.25
  0
LTYPE
  5
411
  2
DASHED
 70
0
  3
Dashed __ __ __ __ __
 72
65
 73
2
 40
0.75
 49
0.5
 49
-0.25
  0
LTYPE
  5
43B
  2
DOTTED
 70
0
  3
Dotted .  .  .  .
 72
65
 73
2
 40
0.2
 49
0.0
 49
-0.2
  0
ENDTAB
  0
TABLE
  2
STYLE
  70
4
  0
STYLE
  2
KICAD
  70
0
  40
0
  41
1
  42
1
  50
0
  71
0
  3
isocp.shx
  0
STYLE
  2
KICADB
  70
0
  40
0
  41
1
  42
1
  50
0
  71
0
  3
isocp.shx
  0
STYLE
  2
KICADI
  70
0
  40
0
  41
1
  42
1
  50
15
  71
0
  3
isocp.shx
  0
STYLE
  2
KICADBI
  70
0
  40
0
  41
1
  42
1
  50
15
  71
0
  3
isocp.shx
  0
ENDTAB
  0
TABLE
  2
LAYER
  70
1
  0
LAYER
  2
BLACK
  70
0
  62
7
  6
CONTINUOUS
  0
ENDTAB
  0
ENDSEC
  0
SECTION
  2
ENTITIES
0
LINE
8
BLACK
6
CONTINUOUS
10
8.0270675984251962
20
-4.9643471259842515
11
8.0287905511811015
21
-4.9651960236220472
0
LINE
8
BLACK
6
CONTINUOUS
10
8.0287905511811015
20
-4.9651960236220472
11
8.0300574803149605
21
-4.9666396850393699
0
LINE
8
BLACK
6
CONTINUOUS
10
8.0300574803149605
20
-4.9666396850393699
11
8.0300550393700778
21
-4.966641102362205
0
LINE
8
BLACK
6
CONTINUOUS
10
8.0300550393700778
20
-4.966641102362205
11
8.0300550393700778
21
-4.9666411417322838
0
LINE
8
BLACK
6
CONTINUOUS
10
8.0300550393700778
20
-4.9666411417322838
11
8.0300552362204716
21
-4.9666413779527554
0
LINE
8
BLACK
6
CONTINUOUS
10
8.0300552362204716
20
-4.9666413779527554
11
8.0930473622047234
21
-5.0757469685039371
0
LINE
8
BLACK
6
CONTINUOUS
10
8.0930473622047234
20
-5.0757469685039371
11
8.0931455118110236
21
-5.0760361811023618
0
LINE
8
BLACK
6
CONTINUOUS
10
8.0931455118110236
20
-5.0760361811023618
11
8.0936651574803147
21
-5.0775650393700786
0
LINE
8
BLACK
6
CONTINUOUS
10
8.0936651574803147
20
-5.0775650393700786
11
8.0935399212598416
21
-5.0794816141732282
0
LINE
8
BLACK
6
CONTINUOUS
10
8.0935399212598416
20
-5.0794816141732282
11
8.0926904330708656
21
-5.0812041732283459
0
LINE
8
BLACK
6
CONTINUOUS
10
8.0926904330708656
20
-5.0812041732283459
11
8.0912461811023615
21
-5.0824702755905511
0
LINE
8
BLACK
6
CONTINUOUS
10
8.0912461811023615
20
-5.0824702755905511
11
8.0912458267716527
21
-5.082469645669291
0
LINE
8
BLACK
6
CONTINUOUS
10
8.0912458267716527
20
-5.082469645669291
11
7.9957786614173223
21
-5.1375876377952752
0
LINE
8
BLACK
6
CONTINUOUS
10
7.9957786614173223
20
-5.1375876377952752
11
7.9954149999999995
21
-5.1377110629921257
0
LINE
8
BLACK
6
CONTINUOUS
10
7.9954149999999995
20
-5.1377110629921257
11
7.995414921259842
21
-5.1377110236220469
0
LINE
8
BLACK
6
CONTINUOUS
10
7.995414921259842
20
-5.1377110236220469
11
7.9939604724409445
21
-5.1382046456692914
0
LINE
8
BLACK
6
CONTINUOUS
10
7.9939604724409445
20
-5.1382046456692914
11
7.9920446062992125
21
-5.1380787795275591
0
LINE
8
BLACK
6
CONTINUOUS
10
7.9920446062992125
20
-5.1380787795275591
11
7.9903227952755902
21
-5.1372291732283459
0
LINE
8
BLACK
6
CONTINUOUS
10
7.9903227952755902
20
-5.1372291732283459
11
7.9893118897637789
21
-5.1360757480314962
0
LINE
8
BLACK
6
CONTINUOUS
10
7.9893118897637789
20
-5.1360757480314962
11
7.9893093307086609
21
-5.1360750787401575
0
LINE
8
BLACK
6
CONTINUOUS
10
7.9893093307086609
20
-5.1360750787401575
11
7.9890561417322834
21
-5.135786338582677
0
LINE
8
BLACK
6
CONTINUOUS
10
7.9890561417322834
20
-5.135786338582677
11
7.9890559448818896
21
-5.1357860236220469
0
LINE
8
BLACK
6
CONTINUOUS
10
7.9890559448818896
20
-5.1357860236220469
11
7.9890559448818896
21
-5.1357860629921257
0
LINE
8
BLACK
6
CONTINUOUS
10
7.9890559448818896
20
-5.1357860629921257
11
7.9890559055118109
21
-5.1357859448818894
0
LINE
8
BLACK
6
CONTINUOUS
10
7.9890559055118109
20
-5.1357859448818894
11
7.9260639763779528
21
-5.0266807480314961
0
LINE
8
BLACK
6
CONTINUOUS
10
7.9260639763779528
20
-5.0266807480314961
11
7.9260638976377953
21
-5.0266805905511811
0
LINE
8
BLACK
6
CONTINUOUS
10
7.9260638976377953
20
-5.0266805905511811
11
7.9254470078740153
21
-5.0248624015748034
0
LINE
8
BLACK
6
CONTINUOUS
10
7.9254470078740153
20
-5.0248624015748034
11
7.9255726771653539
21
-5.0229465354330705
0
LINE
8
BLACK
6
CONTINUOUS
10
7.9255726771653539
20
-5.0229465354330705
11
7.9264218503937007
21
-5.0212245275590552
0
LINE
8
BLACK
6
CONTINUOUS
10
7.9264218503937007
20
-5.0212245275590552
11
7.9275764173228342
21
-5.0202117322834647
0
LINE
8
BLACK
6
CONTINUOUS
10
7.9275764173228342
20
-5.0202117322834647
11
7.9275765354330705
21
-5.0202114173228347
0
LINE
8
BLACK
6
CONTINUOUS
10
7.9275765354330705
20
-5.0202114173228347
11
7.9278651574803147
21
-5.0199582677165351
0
LINE
8
BLACK
6
CONTINUOUS
10
7.9278651574803147
20
-5.0199582677165351
11
7.9278651574803147
21
-5.0199582283464563
0
LINE
8
BLACK
6
CONTINUOUS
10
7.9278651574803147
20
-5.0199582283464563
11
7.927865275590551
21
-5.0199581889763776
0
LINE
8
BLACK
6
CONTINUOUS
10
7.927865275590551
20
-5.0199581889763776
11
8.0233326771653548
21
-4.9648400787401572
0
LINE
8
BLACK
6
CONTINUOUS
10
8.0233326771653548
20
-4.9648400787401572
11
8.0235924803149601
21
-4.9647518897637797
0
LINE
8
BLACK
6
CONTINUOUS
10
8.0235924803149601
20
-4.9647518897637797
11
8.0251509055118113
21
-4.9642222047244093
0
LINE
8
BLACK
6
CONTINUOUS
10
8.0251509055118113
20
-4.9642222047244093
11
8.0270675984251962
21
-4.9643471259842515
0
LINE
8
BLACK
6
CONTINUOUS
10
8.025002637795275
20
-4.9661486614173231
11
8.0243172834645673
21
-4.96654468503937
0
LINE
8
BLACK
6
CONTINUOUS
10
8.0243172834645673
20
-4.96654468503937
11
8.0243172440944885
21
-4.96654468503937
0
LINE
8
BLACK
6
CONTINUOUS
10
8.0243172440944885
20
-4.96654468503937
11
8.0243170866141735
21
-4.96654468503937
0
LINE
8
BLACK
6
CONTINUOUS
10
8.0243170866141735
20
-4.96654468503937
11
8.0243169291338585
21
-4.9665448818897637
0
LINE
8
BLACK
6
CONTINUOUS
10
8.0243169291338585
20
-4.9665448818897637
11
7.9288496062992122
21
-5.0216629133858266
0
LINE
8
BLACK
6
CONTINUOUS
10
7.9288496062992122
20
-5.0216629133858266
11
7.928849645669291
21
-5.0216629133858266
0
LINE
8
BLACK
6
CONTINUOUS
10
7.928849645669291
20
-5.0216629133858266
11
7.9288497244094485
21
-5.0216630708661416
0
LINE
8
BLACK
6
CONTINUOUS
10
7.9288497244094485
20
-5.0216630708661416
11
7.9281646062992124
21
-5.0220587007874018
0
LINE
8
BLACK
6
CONTINUOUS
10
7.9281646062992124
20
-5.0220587007874018
11
7.9273735039370079
21
-5.023429094488189
0
LINE
8
BLACK
6
CONTINUOUS
10
7.9273735039370079
20
-5.023429094488189
11
7.9273733858267716
21
-5.0250114173228342
0
LINE
8
BLACK
6
CONTINUOUS
10
7.9273733858267716
20
-5.0250114173228342
11
7.9277687401574806
21
-5.0256964173228349
0
LINE
8
BLACK
6
CONTINUOUS
10
7.9277687401574806
20
-5.0256964173228349
11
7.9277687795275593
21
-5.0256964960629924
0
LINE
8
BLACK
6
CONTINUOUS
10
7.9277687795275593
20
-5.0256964960629924
11
7.9907609055118112
21
-5.1348020866141733
0
LINE
8
BLACK
6
CONTINUOUS
10
7.9907609055118112
20
-5.1348020866141733
11
7.9907609448818899
21
-5.1348022440944883
0
LINE
8
BLACK
6
CONTINUOUS
10
7.9907609448818899
20
-5.1348022440944883
11
7.9907610629921262
21
-5.1348023622047245
0
LINE
8
BLACK
6
CONTINUOUS
10
7.9907610629921262
20
-5.1348023622047245
11
7.9907624409448816
21
-5.1348015748031495
0
LINE
8
BLACK
6
CONTINUOUS
10
7.9907624409448816
20
-5.1348015748031495
11
7.9911577165354331
21
-5.1354866929133856
0
LINE
8
BLACK
6
CONTINUOUS
10
7.9911577165354331
20
-5.1354866929133856
11
7.9925275196850389
21
-5.1362779921259838
0
LINE
8
BLACK
6
CONTINUOUS
10
7.9925275196850389
20
-5.1362779921259838
11
7.9941094094488188
21
-5.1362782283464563
0
LINE
8
BLACK
6
CONTINUOUS
10
7.9941094094488188
20
-5.1362782283464563
11
7.9947943307086611
21
-5.1358828740157483
0
LINE
8
BLACK
6
CONTINUOUS
10
7.9947943307086611
20
-5.1358828740157483
11
7.9947944094488186
21
-5.1358828346456695
0
LINE
8
BLACK
6
CONTINUOUS
10
7.9947944094488186
20
-5.1358828346456695
11
8.0902618110236215
21
-5.0807647244094483
0
LINE
8
BLACK
6
CONTINUOUS
10
8.0902618110236215
20
-5.0807647244094483
11
8.0902619685039365
21
-5.0807646456692916
0
LINE
8
BLACK
6
CONTINUOUS
10
8.0902619685039365
20
-5.0807646456692916
11
8.090262047244094
21
-5.0807646062992129
0
LINE
8
BLACK
6
CONTINUOUS
10
8.090262047244094
20
-5.0807646062992129
11
8.0902651968503942
21
-5.0807635433070866
0
LINE
8
BLACK
6
CONTINUOUS
10
8.0902651968503942
20
-5.0807635433070866
11
8.0909477165354335
21
-5.0803696850393703
0
LINE
8
BLACK
6
CONTINUOUS
10
8.0909477165354335
20
-5.0803696850393703
11
8.0917390157480309
21
-5.0789992519685034
0
LINE
8
BLACK
6
CONTINUOUS
10
8.0917390157480309
20
-5.0789992519685034
11
8.0917386614173221
21
-5.0774167322834645
0
LINE
8
BLACK
6
CONTINUOUS
10
8.0917386614173221
20
-5.0774167322834645
11
8.0913427952755903
21
-5.0767316535433071
0
LINE
8
BLACK
6
CONTINUOUS
10
8.0913427952755903
20
-5.0767316535433071
11
8.0913427165354328
21
-5.0767313779527559
0
LINE
8
BLACK
6
CONTINUOUS
10
8.0913427165354328
20
-5.0767313779527559
11
8.0913425984251965
21
-5.0767312204724409
0
LINE
8
BLACK
6
CONTINUOUS
10
8.0913425984251965
20
-5.0767312204724409
11
8.0283504330708659
21
-4.96762562992126
0
LINE
8
BLACK
6
CONTINUOUS
10
8.0283504330708659
20
-4.96762562992126
11
8.0283457874015749
21
-4.9676120472440948
0
LINE
8
BLACK
6
CONTINUOUS
10
8.0283457874015749
20
-4.9676120472440948
11
8.0279570472440938
21
-4.9669391338582676
0
LINE
8
BLACK
6
CONTINUOUS
10
8.0279570472440938
20
-4.9669391338582676
11
8.0265857480314953
21
-4.9661480708661419
0
LINE
8
BLACK
6
CONTINUOUS
10
8.0265857480314953
20
-4.9661480708661419
11
8.025002637795275
21
-4.9661486614173231
0
LINE
8
BLACK
6
CONTINUOUS
10
8.6765952362204715
20
-4.589426023622047
11
8.6783181496062998
21
-4.5902750000000001
0
LINE
8
BLACK
6
CONTINUOUS
10
8.6783181496062998
20
-4.5902750000000001
11
8.6795849999999994
21
-4.5917187007874016
0
LINE
8
BLACK
6
CONTINUOUS
10
8.6795849999999994
20
-4.5917187007874016
11
8.6795827559055123
21
-4.5917199999999996
0
LINE
8
BLACK
6
CONTINUOUS
10
8.6795827559055123
20
-4.5917199999999996
11
8.6795827559055123
21
-4.5917200393700783
0
LINE
8
BLACK
6
CONTINUOUS
10
8.6795827559055123
20
-4.5917200393700783
11
8.6795829133858273
21
-4.5917202362204721
0
LINE
8
BLACK
6
CONTINUOUS
10
8.6795829133858273
20
-4.5917202362204721
11
8.7425750393700792
21
-4.7008258267716538
0
LINE
8
BLACK
6
CONTINUOUS
10
8.7425750393700792
20
-4.7008258267716538
11
8.7426874015748037
21
-4.7011569685039367
0
LINE
8
BLACK
6
CONTINUOUS
10
8.7426874015748037
20
-4.7011569685039367
11
8.7431927952755899
21
-4.7026439370078741
0
LINE
8
BLACK
6
CONTINUOUS
10
8.7431927952755899
20
-4.7026439370078741
11
8.7430674803149611
21
-4.7045604330708661
0
LINE
8
BLACK
6
CONTINUOUS
10
8.7430674803149611
20
-4.7045604330708661
11
8.742218031496062
21
-4.7062829527559051
0
LINE
8
BLACK
6
CONTINUOUS
10
8.742218031496062
20
-4.7062829527559051
11
8.7407737795275597
21
-4.7075490157480315
0
LINE
8
BLACK
6
CONTINUOUS
10
8.7407737795275597
20
-4.7075490157480315
11
8.7407735039370085
21
-4.7075485039370077
0
LINE
8
BLACK
6
CONTINUOUS
10
8.7407735039370085
20
-4.7075485039370077
11
8.6453063385826763
21
-4.7626664960629919
0
LINE
8
BLACK
6
CONTINUOUS
10
8.6453063385826763
20
-4.7626664960629919
11
8.6449426771653535
21
-4.7627899212598424
0
LINE
8
BLACK
6
CONTINUOUS
10
8.6449426771653535
20
-4.7627899212598424
11
8.6449426377952747
21
-4.7627898818897636
0
LINE
8
BLACK
6
CONTINUOUS
10
8.6449426377952747
20
-4.7627898818897636
11
8.6434881496062985
21
-4.7632835433070868
0
LINE
8
BLACK
6
CONTINUOUS
10
8.6434881496062985
20
-4.7632835433070868
11
8.6415722440944887
21
-4.7631576771653545
0
LINE
8
BLACK
6
CONTINUOUS
10
8.6415722440944887
20
-4.7631576771653545
11
8.6398503937007867
21
-4.7623081496062989
0
LINE
8
BLACK
6
CONTINUOUS
10
8.6398503937007867
20
-4.7623081496062989
11
8.6388392519685038
21
-4.7611545275590554
0
LINE
8
BLACK
6
CONTINUOUS
10
8.6388392519685038
20
-4.7611545275590554
11
8.6388370078740149
21
-4.7611539370078741
0
LINE
8
BLACK
6
CONTINUOUS
10
8.6388370078740149
20
-4.7611539370078741
11
8.6385838188976383
21
-4.7608651968503937
0
LINE
8
BLACK
6
CONTINUOUS
10
8.6385838188976383
20
-4.7608651968503937
11
8.6385836614173233
21
-4.7608649212598424
0
LINE
8
BLACK
6
CONTINUOUS
10
8.6385836614173233
20
-4.7608649212598424
11
8.6385836614173233
21
-4.7608649606299211
0
LINE
8
BLACK
6
CONTINUOUS
10
8.6385836614173233
20
-4.7608649606299211
11
8.6385836220472445
21
-4.7608648818897636
0
LINE
8
BLACK
6
CONTINUOUS
10
8.6385836220472445
20
-4.7608648818897636
11
8.5755916535433077
21
-4.6517596062992128
0
LINE
8
BLACK
6
CONTINUOUS
10
8.5755916535433077
20
-4.6517596062992128
11
8.5754682283464572
21
-4.65139594488189
0
LINE
8
BLACK
6
CONTINUOUS
10
8.5754682283464572
20
-4.65139594488189
11
8.5754682283464572
21
-4.6513958661417325
0
LINE
8
BLACK
6
CONTINUOUS
10
8.5754682283464572
20
-4.6513958661417325
11
8.5749746456692915
21
-4.6499412598425192
0
LINE
8
BLACK
6
CONTINUOUS
10
8.5749746456692915
20
-4.6499412598425192
11
8.5751003149606291
21
-4.6480253543307084
0
LINE
8
BLACK
6
CONTINUOUS
10
8.5751003149606291
20
-4.6480253543307084
11
8.5759494488188981
21
-4.6463033070866144
0
LINE
8
BLACK
6
CONTINUOUS
10
8.5759494488188981
20
-4.6463033070866144
11
8.577104133858267
21
-4.6452904330708664
0
LINE
8
BLACK
6
CONTINUOUS
10
8.577104133858267
20
-4.6452904330708664
11
8.5771042125984245
21
-4.6452902755905514
0
LINE
8
BLACK
6
CONTINUOUS
10
8.5771042125984245
20
-4.6452902755905514
11
8.5773928346456696
21
-4.6450371259842518
0
LINE
8
BLACK
6
CONTINUOUS
10
8.5773928346456696
20
-4.6450371259842518
11
8.5773928346456696
21
-4.645037086614173
0
LINE
8
BLACK
6
CONTINUOUS
10
8.5773928346456696
20
-4.645037086614173
11
8.5773929527559059
21
-4.6450370472440943
0
LINE
8
BLACK
6
CONTINUOUS
10
8.5773929527559059
20
-4.6450370472440943
11
8.6728603543307088
21
-4.5899189370078739
0
LINE
8
BLACK
6
CONTINUOUS
10
8.6728603543307088
20
-4.5899189370078739
11
8.6730492125984249
21
-4.5898548031496063
0
LINE
8
BLACK
6
CONTINUOUS
10
8.6730492125984249
20
-4.5898548031496063
11
8.6746785826771653
21
-4.589301062992126
0
LINE
8
BLACK
6
CONTINUOUS
10
8.6746785826771653
20
-4.589301062992126
11
8.6765952362204715
21
-4.589426023622047
0
LINE
8
BLACK
6
CONTINUOUS
10
8.6745302755905502
20
-4.5912275196850389
11
8.6738449212598425
21
-4.5916235433070867
0
LINE
8
BLACK
6
CONTINUOUS
10
8.6738449212598425
20
-4.5916235433070867
11
8.6738447637795275
21
-4.5916235433070867
0
LINE
8
BLACK
6
CONTINUOUS
10
8.6738447637795275
20
-4.5916235433070867
11
8.6738446062992125
21
-4.5916237401574804
0
LINE
8
BLACK
6
CONTINUOUS
10
8.6738446062992125
20
-4.5916237401574804
11
8.5783772834645671
21
-4.6467417716535433
0
LINE
8
BLACK
6
CONTINUOUS
10
8.5783772834645671
20
-4.6467417716535433
11
8.5783773228346458
21
-4.6467417716535433
0
LINE
8
BLACK
6
CONTINUOUS
10
8.5783773228346458
20
-4.6467417716535433
11
8.5783773622047246
21
-4.6467418503937008
0
LINE
8
BLACK
6
CONTINUOUS
10
8.5783773622047246
20
-4.6467418503937008
11
8.5776922440944876
21
-4.6471374803149601
0
LINE
8
BLACK
6
CONTINUOUS
10
8.5776922440944876
20
-4.6471374803149601
11
8.5769011023622053
21
-4.6485078740157482
0
LINE
8
BLACK
6
CONTINUOUS
10
8.5769011023622053
20
-4.6485078740157482
11
8.5769010236220478
21
-4.6500902362204721
0
LINE
8
BLACK
6
CONTINUOUS
10
8.5769010236220478
20
-4.6500902362204721
11
8.5772965354330708
21
-4.6507754724409445
0
LINE
8
BLACK
6
CONTINUOUS
10
8.5772965354330708
20
-4.6507754724409445
11
8.6402885826771652
21
-4.75988094488189
0
LINE
8
BLACK
6
CONTINUOUS
10
8.6402885826771652
20
-4.75988094488189
11
8.6402886220472439
21
-4.759881102362205
0
LINE
8
BLACK
6
CONTINUOUS
10
8.6402886220472439
20
-4.759881102362205
11
8.6402887007874014
21
-4.7598811811023625
0
LINE
8
BLACK
6
CONTINUOUS
10
8.6402887007874014
20
-4.7598811811023625
11
8.6402899212598427
21
-4.7598805118110237
0
LINE
8
BLACK
6
CONTINUOUS
10
8.6402899212598427
20
-4.7598805118110237
11
8.640685236220472
21
-4.7605656299212598
0
LINE
8
BLACK
6
CONTINUOUS
10
8.640685236220472
20
-4.7605656299212598
11
8.6420550787401567
21
-4.761356929133858
0
LINE
8
BLACK
6
CONTINUOUS
10
8.6420550787401567
20
-4.761356929133858
11
8.6436370866141736
21
-4.7613571259842518
0
LINE
8
BLACK
6
CONTINUOUS
10
8.6436370866141736
20
-4.7613571259842518
11
8.6443220078740151
21
-4.7609617322834641
0
LINE
8
BLACK
6
CONTINUOUS
10
8.6443220078740151
20
-4.7609617322834641
11
8.6443220866141726
21
-4.7609616929133853
0
LINE
8
BLACK
6
CONTINUOUS
10
8.6443220866141726
20
-4.7609616929133853
11
8.7397894881889755
21
-4.705843582677165
0
LINE
8
BLACK
6
CONTINUOUS
10
8.7397894881889755
20
-4.705843582677165
11
8.7397896456692905
21
-4.7058435039370075
0
LINE
8
BLACK
6
CONTINUOUS
10
8.7397896456692905
20
-4.7058435039370075
11
8.739789724409448
21
-4.7058434645669287
0
LINE
8
BLACK
6
CONTINUOUS
10
8.739789724409448
20
-4.7058434645669287
11
8.7397924803149607
21
-4.7058425590551183
0
LINE
8
BLACK
6
CONTINUOUS
10
8.7397924803149607
20
-4.7058425590551183
11
8.74047531496063
21
-4.7054484645669294
0
LINE
8
BLACK
6
CONTINUOUS
10
8.74047531496063
20
-4.7054484645669294
11
8.7412666141732274
21
-4.7040780314960626
0
LINE
8
BLACK
6
CONTINUOUS
10
8.7412666141732274
20
-4.7040780314960626
11
8.7412662992125973
21
-4.7024955511811024
0
LINE
8
BLACK
6
CONTINUOUS
10
8.7412662992125973
20
-4.7024955511811024
11
8.7408704330708655
21
-4.7018104724409451
0
LINE
8
BLACK
6
CONTINUOUS
10
8.7408704330708655
20
-4.7018104724409451
11
8.7408704724409443
21
-4.7018104724409451
0
LINE
8
BLACK
6
CONTINUOUS
10
8.7408704724409443
20
-4.7018104724409451
11
8.7408703937007868
21
-4.7018102362204726
0
LINE
8
BLACK
6
CONTINUOUS
10
8.7408703937007868
20
-4.7018102362204726
11
8.7408702755905505
21
-4.7018100787401576
0
LINE
8
BLACK
6
CONTINUOUS
10
8.7408702755905505
20
-4.7018100787401576
11
8.6778781102362199
21
-4.5927044881889767
0
LINE
8
BLACK
6
CONTINUOUS
10
8.6778781102362199
20
-4.5927044881889767
11
8.6778737795275589
21
-4.5926918110236219
0
LINE
8
BLACK
6
CONTINUOUS
10
8.6778737795275589
20
-4.5926918110236219
11
8.6774845669291345
21
-4.5920180708661418
0
LINE
8
BLACK
6
CONTINUOUS
10
8.6774845669291345
20
-4.5920180708661418
11
8.6761133464566935
21
-4.5912269685039373
0
LINE
8
BLACK
6
CONTINUOUS
10
8.6761133464566935
20
-4.5912269685039373
11
8.6745302755905502
21
-4.5912275196850389
0
LINE
8
BLACK
6
CONTINUOUS
10
9.8008030314960628
20
-4.5343761417322836
11
9.8022466929133856
21
-4.5356422440944879
0
LINE
8
BLACK
6
CONTINUOUS
10
9.8022466929133856
20
-4.5356422440944879
11
9.8029259448818902
21
-4.537019842519685
0
LINE
8
BLACK
6
CONTINUOUS
10
9.8029259448818902
20
-4.537019842519685
11
9.8029261023622052
21
-4.5370199606299213
0
LINE
8
BLACK
6
CONTINUOUS
10
9.8029261023622052
20
-4.5370199606299213
11
9.8030959448818891
21
-4.537364409448819
0
LINE
8
BLACK
6
CONTINUOUS
10
9.8030959448818891
20
-4.537364409448819
11
9.8030959448818891
21
-4.5373644488188978
0
LINE
8
BLACK
6
CONTINUOUS
10
9.8030959448818891
20
-4.5373644488188978
11
9.8030959842519678
21
-4.5373644488188978
0
LINE
8
BLACK
6
CONTINUOUS
10
9.8030959842519678
20
-4.5373644488188978
11
9.8030959842519678
21
-4.5373644881889765
0
LINE
8
BLACK
6
CONTINUOUS
10
9.8030959842519678
20
-4.5373644881889765
11
9.8316271653543303
21
-4.6438443700787397
0
LINE
8
BLACK
6
CONTINUOUS
10
9.8316271653543303
20
-4.6438443700787397
11
9.8316272047244091
21
-4.6438444094488185
0
LINE
8
BLACK
6
CONTINUOUS
10
9.8316272047244091
20
-4.6438444094488185
11
9.8317527559055122
21
-4.6457604724409451
0
LINE
8
BLACK
6
CONTINUOUS
10
9.8317527559055122
20
-4.6457604724409451
11
9.8311355118110235
21
-4.6475787007874017
0
LINE
8
BLACK
6
CONTINUOUS
10
9.8311355118110235
20
-4.6475787007874017
11
9.8298693700787396
21
-4.6490222834645669
0
LINE
8
BLACK
6
CONTINUOUS
10
9.8298693700787396
20
-4.6490222834645669
11
9.828492007874015
21
-4.6497013385826769
0
LINE
8
BLACK
6
CONTINUOUS
10
9.828492007874015
20
-4.6497013385826769
11
9.8284917716535425
21
-4.6497018503937007
0
LINE
8
BLACK
6
CONTINUOUS
10
9.8284917716535425
20
-4.6497018503937007
11
9.8281473228346456
21
-4.6498716929133854
0
LINE
8
BLACK
6
CONTINUOUS
10
9.8281473228346456
20
-4.6498716929133854
11
9.8281472047244094
21
-4.6498716929133854
0
LINE
8
BLACK
6
CONTINUOUS
10
9.8281472047244094
20
-4.6498716929133854
11
9.8281472440944881
21
-4.6498717322834642
0
LINE
8
BLACK
6
CONTINUOUS
10
9.8281472440944881
20
-4.6498717322834642
11
9.8281471653543306
21
-4.6498716929133854
0
LINE
8
BLACK
6
CONTINUOUS
10
9.8281471653543306
20
-4.6498716929133854
11
9.7064560629921264
21
-4.6824787401574799
0
LINE
8
BLACK
6
CONTINUOUS
10
9.7064560629921264
20
-4.6824787401574799
11
9.7064558661417326
21
-4.6824788188976374
0
LINE
8
BLACK
6
CONTINUOUS
10
9.7064558661417326
20
-4.6824788188976374
11
9.7061462598425194
21
-4.6824990944881888
0
LINE
8
BLACK
6
CONTINUOUS
10
9.7061462598425194
20
-4.6824990944881888
11
9.7045397244094485
21
-4.6826047637795272
0
LINE
8
BLACK
6
CONTINUOUS
10
9.7045397244094485
20
-4.6826047637795272
11
9.7027209842519682
21
-4.6819878740157481
0
LINE
8
BLACK
6
CONTINUOUS
10
9.7027209842519682
20
-4.6819878740157481
11
9.7012767716535429
21
-4.6807219685039367
0
LINE
8
BLACK
6
CONTINUOUS
10
9.7012767716535429
20
-4.6807219685039367
11
9.7004268503937006
21
-4.6789997637795278
0
LINE
8
BLACK
6
CONTINUOUS
10
9.7004268503937006
20
-4.6789997637795278
11
9.7004287007874019
21
-4.678999251968504
0
LINE
8
BLACK
6
CONTINUOUS
10
9.7004287007874019
20
-4.678999251968504
11
9.7004287007874019
21
-4.6789991732283465
0
LINE
8
BLACK
6
CONTINUOUS
10
9.7004287007874019
20
-4.6789991732283465
11
9.7004286220472444
21
-4.6789990157480315
0
LINE
8
BLACK
6
CONTINUOUS
10
9.7004286220472444
20
-4.6789990157480315
11
9.6718973622047244
21
-4.5725189370078736
0
LINE
8
BLACK
6
CONTINUOUS
10
9.6718973622047244
20
-4.5725189370078736
11
9.6718840157480308
21
-4.5723157874015747
0
LINE
8
BLACK
6
CONTINUOUS
10
9.6718840157480308
20
-4.5723157874015747
11
9.6717712992125975
21
-4.5706029133858266
0
LINE
8
BLACK
6
CONTINUOUS
10
9.6717712992125975
20
-4.5706029133858266
11
9.6723883858267712
21
-4.568784212598425
0
LINE
8
BLACK
6
CONTINUOUS
10
9.6723883858267712
20
-4.568784212598425
11
9.6736547244094488
21
-4.567340275590551
0
LINE
8
BLACK
6
CONTINUOUS
10
9.6736547244094488
20
-4.567340275590551
11
9.6753773228346454
21
-4.5664911417322838
0
LINE
8
BLACK
6
CONTINUOUS
10
9.6753773228346454
20
-4.5664911417322838
11
9.6753774803149604
21
-4.5664916141732279
0
LINE
8
BLACK
6
CONTINUOUS
10
9.6753774803149604
20
-4.5664916141732279
11
9.6753775196850391
21
-4.5664916141732279
0
LINE
8
BLACK
6
CONTINUOUS
10
9.6753775196850391
20
-4.5664916141732279
11
9.7970685826771646
21
-4.5338845669291334
0
LINE
8
BLACK
6
CONTINUOUS
10
9.7970685826771646
20
-4.5338845669291334
11
9.7970686220472434
21
-4.5338845669291334
0
LINE
8
BLACK
6
CONTINUOUS
10
9.7970686220472434
20
-4.5338845669291334
11
9.7970686614173221
21
-4.5338845669291334
0
LINE
8
BLACK
6
CONTINUOUS
10
9.7970686614173221
20
-4.5338845669291334
11
9.7974518897637797
21
-4.5338594488188972
0
LINE
8
BLACK
6
CONTINUOUS
10
9.7974518897637797
20
-4.5338594488188972
11
9.7989847244094488
21
-4.5337589370078737
0
LINE
8
BLACK
6
CONTINUOUS
10
9.7989847244094488
20
-4.5337589370078737
11
9.8008030314960628
21
-4.5343761417322836
0
LINE
8
BLACK
6
CONTINUOUS
10
9.7975782283464561
20
-4.5357859842519686
11
9.7975781496062986
21
-4.5357859448818898
0
LINE
8
BLACK
6
CONTINUOUS
10
9.7975781496062986
20
-4.5357859448818898
11
9.7975781496062986
21
-4.5357859842519686
0
LINE
8
BLACK
6
CONTINUOUS
10
9.7975781496062986
20
-4.5357859842519686
11
9.6758866929133855
21
-4.5683931102362205
0
LINE
8
BLACK
6
CONTINUOUS
10
9.6758866929133855
20
-4.5683931102362205
11
9.6758865354330705
21
-4.5683931102362205
0
LINE
8
BLACK
6
CONTINUOUS
10
9.6758865354330705
20
-4.5683931102362205
11
9.675886456692913
21
-4.568393188976378
0
LINE
8
BLACK
6
CONTINUOUS
10
9.675886456692913
20
-4.568393188976378
11
9.6758864173228343
21
-4.5683931102362205
0
LINE
8
BLACK
6
CONTINUOUS
10
9.6758864173228343
20
-4.5683931102362205
11
9.6758842519685029
21
-4.5683932677165355
0
LINE
8
BLACK
6
CONTINUOUS
10
9.6758842519685029
20
-4.5683932677165355
11
9.6751220472440949
21
-4.5685973622047245
0
LINE
8
BLACK
6
CONTINUOUS
10
9.6751220472440949
20
-4.5685973622047245
11
9.6740030314960634
21
-4.5697162992125984
0
LINE
8
BLACK
6
CONTINUOUS
10
9.6740030314960634
20
-4.5697162992125984
11
9.6735937007874018
21
-4.5712449212598427
0
LINE
8
BLACK
6
CONTINUOUS
10
9.6735937007874018
20
-4.5712449212598427
11
9.6737987007874011
21
-4.572009133858268
0
LINE
8
BLACK
6
CONTINUOUS
10
9.6737987007874011
20
-4.572009133858268
11
9.6737986614173224
21
-4.5720092913385821
0
LINE
8
BLACK
6
CONTINUOUS
10
9.6737986614173224
20
-4.5720092913385821
11
9.6737987795275586
21
-4.5720094881889759
0
LINE
8
BLACK
6
CONTINUOUS
10
9.6737987795275586
20
-4.5720094881889759
11
9.7023300393700787
21
-4.678489527559055
0
LINE
8
BLACK
6
CONTINUOUS
10
9.7023300393700787
20
-4.678489527559055
11
9.7023306299212599
21
-4.6784990944881892
0
LINE
8
BLACK
6
CONTINUOUS
10
9.7023306299212599
20
-4.6784990944881892
11
9.7025331889763784
21
-4.6792541338582678
0
LINE
8
BLACK
6
CONTINUOUS
10
9.7025331889763784
20
-4.6792541338582678
11
9.7036527559055124
21
-4.6803731102362205
0
LINE
8
BLACK
6
CONTINUOUS
10
9.7036527559055124
20
-4.6803731102362205
11
9.7051817716535425
21
-4.6807824409448822
0
LINE
8
BLACK
6
CONTINUOUS
10
9.7051817716535425
20
-4.6807824409448822
11
9.7059461811023624
21
-4.6805774409448819
0
LINE
8
BLACK
6
CONTINUOUS
10
9.7059461811023624
20
-4.6805774409448819
11
9.7059462204724412
21
-4.6805774409448819
0
LINE
8
BLACK
6
CONTINUOUS
10
9.7059462204724412
20
-4.6805774409448819
11
9.7059462992125987
21
-4.6805774409448819
0
LINE
8
BLACK
6
CONTINUOUS
10
9.7059462992125987
20
-4.6805774409448819
11
9.7059464173228349
21
-4.6805774015748032
0
LINE
8
BLACK
6
CONTINUOUS
10
9.7059464173228349
20
-4.6805774015748032
11
9.8276378346456692
21
-4.6479702755905512
0
LINE
8
BLACK
6
CONTINUOUS
10
9.8276378346456692
20
-4.6479702755905512
11
9.827637874015748
21
-4.6479702362204725
0
LINE
8
BLACK
6
CONTINUOUS
10
9.827637874015748
20
-4.6479702362204725
11
9.8276379527559055
21
-4.6479702362204725
0
LINE
8
BLACK
6
CONTINUOUS
10
9.8276379527559055
20
-4.6479702362204725
11
9.827637874015748
21
-4.6479699606299212
0
LINE
8
BLACK
6
CONTINUOUS
10
9.827637874015748
20
-4.6479699606299212
11
9.8284020472440936
21
-4.6477652362204722
0
LINE
8
BLACK
6
CONTINUOUS
10
9.8284020472440936
20
-4.6477652362204722
11
9.8295209448818888
21
-4.6466464566929133
0
LINE
8
BLACK
6
CONTINUOUS
10
9.8295209448818888
20
-4.6466464566929133
11
9.829930511811023
21
-4.6451181102362202
0
LINE
8
BLACK
6
CONTINUOUS
10
9.829930511811023
20
-4.6451181102362202
11
9.8297257480314961
21
-4.6443539370078737
0
LINE
8
BLACK
6
CONTINUOUS
10
9.8297257480314961
20
-4.6443539370078737
11
9.8297257874015749
21
-4.6443539370078737
0
LINE
8
BLACK
6
CONTINUOUS
10
9.8297257874015749
20
-4.6443539370078737
11
9.8011945275590548
21
-4.5378738582677167
0
LINE
8
BLACK
6
CONTINUOUS
10
9.8011945275590548
20
-4.5378738582677167
11
9.8011944881889761
21
-4.537873818897638
0
LINE
8
BLACK
6
CONTINUOUS
10
9.8011944881889761
20
-4.537873818897638
11
9.8011944094488186
21
-4.5378738582677167
0
LINE
8
BLACK
6
CONTINUOUS
10
9.8011944094488186
20
-4.5378738582677167
11
9.8009896456692918
21
-4.5371096456692914
0
LINE
8
BLACK
6
CONTINUOUS
10
9.8009896456692918
20
-4.5371096456692914
11
9.7998708267716541
21
-4.5359907480314963
0
LINE
8
BLACK
6
CONTINUOUS
10
9.7998708267716541
20
-4.5359907480314963
11
9.7983424015748035
21
-4.5355812204724408
0
LINE
8
BLACK
6
CONTINUOUS
10
9.7983424015748035
20
-4.5355812204724408
11
9.7975782283464561
21
-4.5357859842519686
0
LINE
8
BLACK
6
CONTINUOUS
10
9.2080623228346461
20
-3.9628189370078739
11
9.2083523228346458
21
-3.9629258267716536
0
LINE
8
BLACK
6
CONTINUOUS
10
9.2083523228346458
20
-3.9629258267716536
11
9.2086498818897642
21
-3.9630099999999997
0
LINE
8
BLACK
6
CONTINUOUS
10
9.2086498818897642
20
-3.9630099999999997
11
9.2405002362204716
21
-3.9792699606299213
0
LINE
8
BLACK
6
CONTINUOUS
10
9.2405002362204716
20
-3.9792699606299213
11
9.2407409055118102
21
-3.9794599606299212
0
LINE
8
BLACK
6
CONTINUOUS
10
9.2407409055118102
20
-3.9794599606299212
11
9.2409960236220474
21
-3.9796301574803148
0
LINE
8
BLACK
6
CONTINUOUS
10
9.2409960236220474
20
-3.9796301574803148
11
9.2663109055118102
21
-4.0049057086614175
0
LINE
8
BLACK
6
CONTINUOUS
10
9.2663109055118102
20
-4.0049057086614175
11
9.2664825984251973
21
-4.0051622440944881
0
LINE
8
BLACK
6
CONTINUOUS
10
9.2664825984251973
20
-4.0051622440944881
11
9.2666737401574792
21
-4.0054045669291334
0
LINE
8
BLACK
6
CONTINUOUS
10
9.2666737401574792
20
-4.0054045669291334
11
9.2829336614173226
21
-4.0372942125984252
0
LINE
8
BLACK
6
CONTINUOUS
10
9.2829336614173226
20
-4.0372942125984252
11
9.2830175590551178
21
-4.0375914173228349
0
LINE
8
BLACK
6
CONTINUOUS
10
9.2830175590551178
20
-4.0375914173228349
11
9.2831242913385825
21
-4.0378809448818895
0
LINE
8
BLACK
6
CONTINUOUS
10
9.2831242913385825
20
-4.0378809448818895
11
9.2887147637795273
21
-4.073235393700787
0
LINE
8
BLACK
6
CONTINUOUS
10
9.2887147637795273
20
-4.073235393700787
11
9.2887025984251963
21
-4.0735428346456688
0
LINE
8
BLACK
6
CONTINUOUS
10
9.2887025984251963
20
-4.0735428346456688
11
9.2887147637795273
21
-4.0738502755905515
0
LINE
8
BLACK
6
CONTINUOUS
10
9.2887147637795273
20
-4.0738502755905515
11
9.2831242913385825
21
-4.1092046850393702
0
LINE
8
BLACK
6
CONTINUOUS
10
9.2831242913385825
20
-4.1092046850393702
11
9.2830175590551178
21
-4.1094941732283461
0
LINE
8
BLACK
6
CONTINUOUS
10
9.2830175590551178
20
-4.1094941732283461
11
9.2829336614173226
21
-4.1097914173228345
0
LINE
8
BLACK
6
CONTINUOUS
10
9.2829336614173226
20
-4.1097914173228345
11
9.2666737401574792
21
-4.1416811023622042
0
LINE
8
BLACK
6
CONTINUOUS
10
9.2666737401574792
20
-4.1416811023622042
11
9.2664825984251973
21
-4.1419233858267717
0
LINE
8
BLACK
6
CONTINUOUS
10
9.2664825984251973
20
-4.1419233858267717
11
9.2663109055118102
21
-4.142179960629921
0
LINE
8
BLACK
6
CONTINUOUS
10
9.2663109055118102
20
-4.142179960629921
11
9.2409960236220474
21
-4.1674554724409445
0
LINE
8
BLACK
6
CONTINUOUS
10
9.2409960236220474
20
-4.1674554724409445
11
9.2407409055118102
21
-4.1676256299212602
0
LINE
8
BLACK
6
CONTINUOUS
10
9.2407409055118102
20
-4.1676256299212602
11
9.2405002362204716
21
-4.1678156692913388
0
LINE
8
BLACK
6
CONTINUOUS
10
9.2405002362204716
20
-4.1678156692913388
11
9.2086498818897642
21
-4.18407562992126
0
LINE
8
BLACK
6
CONTINUOUS
10
9.2086498818897642
20
-4.18407562992126
11
9.208352283464567
21
-4.1841598031496066
0
LINE
8
BLACK
6
CONTINUOUS
10
9.208352283464567
20
-4.1841598031496066
11
9.2080623228346461
21
-4.1842666929133854
0
LINE
8
BLACK
6
CONTINUOUS
10
9.2080623228346461
20
-4.1842666929133854
11
9.172707834645669
21
-4.1898572047244089
0
LINE
8
BLACK
6
CONTINUOUS
10
9.172707834645669
20
-4.1898572047244089
11
9.1724003937007872
21
-4.1898450393700788
0
LINE
8
BLACK
6
CONTINUOUS
10
9.1724003937007872
20
-4.1898450393700788
11
9.1720929527559054
21
-4.1898572047244089
0
LINE
8
BLACK
6
CONTINUOUS
10
9.1720929527559054
20
-4.1898572047244089
11
9.1367385433070858
21
-4.1842666929133854
0
LINE
8
BLACK
6
CONTINUOUS
10
9.1367385433070858
20
-4.1842666929133854
11
9.1364490157480311
21
-4.1841599606299216
0
LINE
8
BLACK
6
CONTINUOUS
10
9.1364490157480311
20
-4.1841599606299216
11
9.1361518110236215
21
-4.1840760629921263
0
LINE
8
BLACK
6
CONTINUOUS
10
9.1361518110236215
20
-4.1840760629921263
11
9.1042621259842509
21
-4.167816141732283
0
LINE
8
BLACK
6
CONTINUOUS
10
9.1042621259842509
20
-4.167816141732283
11
9.1040204330708665
21
-4.1676255118110239
0
LINE
8
BLACK
6
CONTINUOUS
10
9.1040204330708665
20
-4.1676255118110239
11
9.1037643307086604
21
-4.1674543700787403
0
LINE
8
BLACK
6
CONTINUOUS
10
9.1037643307086604
20
-4.1674543700787403
11
9.0784888582677166
21
-4.1421788582677168
0
LINE
8
BLACK
6
CONTINUOUS
10
9.0784888582677166
20
-4.1421788582677168
11
9.0783179133858258
21
-4.1419230708661416
0
LINE
8
BLACK
6
CONTINUOUS
10
9.0783179133858258
20
-4.1419230708661416
11
9.0781270866141739
21
-4.1416811023622042
0
LINE
8
BLACK
6
CONTINUOUS
10
9.0781270866141739
20
-4.1416811023622042
11
9.0618671653543306
21
-4.1097914173228345
0
LINE
8
BLACK
6
CONTINUOUS
10
9.0618671653543306
20
-4.1097914173228345
11
9.0617832677165353
21
-4.1094942913385824
0
LINE
8
BLACK
6
CONTINUOUS
10
9.0617832677165353
20
-4.1094942913385824
11
9.0616765354330706
21
-4.1092047244094489
0
LINE
8
BLACK
6
CONTINUOUS
10
9.0616765354330706
20
-4.1092047244094489
11
9.0560860236220471
21
-4.0738502755905515
0
LINE
8
BLACK
6
CONTINUOUS
10
9.0560860236220471
20
-4.0738502755905515
11
9.0560981496062993
21
-4.0735428346456688
0
LINE
8
BLACK
6
CONTINUOUS
10
9.0560981496062993
20
-4.0735428346456688
11
9.0560860236220471
21
-4.073235393700787
0
LINE
8
BLACK
6
CONTINUOUS
10
9.0560860236220471
20
-4.073235393700787
11
9.0616765354330706
21
-4.0378809055118108
0
LINE
8
BLACK
6
CONTINUOUS
10
9.0616765354330706
20
-4.0378809055118108
11
9.0617832677165353
21
-4.0375912992125986
0
LINE
8
BLACK
6
CONTINUOUS
10
9.0617832677165353
20
-4.0375912992125986
11
9.0618671653543306
21
-4.0372942125984252
0
LINE
8
BLACK
6
CONTINUOUS
10
9.0618671653543306
20
-4.0372942125984252
11
9.0781270866141739
21
-4.0054045669291334
0
LINE
8
BLACK
6
CONTINUOUS
10
9.0781270866141739
20
-4.0054045669291334
11
9.0783179133858258
21
-4.0051625590551181
0
LINE
8
BLACK
6
CONTINUOUS
10
9.0783179133858258
20
-4.0051625590551181
11
9.0784888582677166
21
-4.0049068110236217
0
LINE
8
BLACK
6
CONTINUOUS
10
9.0784888582677166
20
-4.0049068110236217
11
9.1037643700787392
21
-3.9796312598425194
0
LINE
8
BLACK
6
CONTINUOUS
10
9.1037643700787392
20
-3.9796312598425194
11
9.1040202362204727
21
-3.9794602755905513
0
LINE
8
BLACK
6
CONTINUOUS
10
9.1040202362204727
20
-3.9794602755905513
11
9.1042621259842509
21
-3.9792694881889763
0
LINE
8
BLACK
6
CONTINUOUS
10
9.1042621259842509
20
-3.9792694881889763
11
9.1361518110236215
21
-3.9630095669291339
0
LINE
8
BLACK
6
CONTINUOUS
10
9.1361518110236215
20
-3.9630095669291339
11
9.1364490157480311
21
-3.9629256299212599
0
LINE
8
BLACK
6
CONTINUOUS
10
9.1364490157480311
20
-3.9629256299212599
11
9.1367385433070858
21
-3.9628189370078739
0
LINE
8
BLACK
6
CONTINUOUS
10
9.1367385433070858
20
-3.9628189370078739
11
9.1720929527559054
21
-3.9572284645669291
0
LINE
8
BLACK
6
CONTINUOUS
10
9.1720929527559054
20
-3.9572284645669291
11
9.1724003937007872
21
-3.9572405905511809
0
LINE
8
BLACK
6
CONTINUOUS
10
9.1724003937007872
20
-3.9572405905511809
11
9.172707834645669
21
-3.9572284645669291
0
LINE
8
BLACK
6
CONTINUOUS
10
9.172707834645669
20
-3.9572284645669291
11
9.2080623228346461
21
-3.9628189370078739
0
LINE
8
BLACK
6
CONTINUOUS
10
9.1376619685039362
20
-3.9666587795275592
11
9.1063279133858259
21
-3.9826353937007872
0
LINE
8
BLACK
6
CONTINUOUS
10
9.1063279133858259
20
-3.9826353937007872
11
9.0814929921259839
21
-4.0074703543307084
0
LINE
8
BLACK
6
CONTINUOUS
10
9.0814929921259839
20
-4.0074703543307084
11
9.0655163779527559
21
-4.0388043700787399
0
LINE
8
BLACK
6
CONTINUOUS
10
9.0655163779527559
20
-4.0388043700787399
11
9.0600232677165344
21
-4.07354279527559
0
LINE
8
BLACK
6
CONTINUOUS
10
9.0600232677165344
20
-4.07354279527559
11
9.0655163779527559
21
-4.108281220472441
0
LINE
8
BLACK
6
CONTINUOUS
10
9.0655163779527559
20
-4.108281220472441
11
9.0814929921259839
21
-4.1396152755905513
0
LINE
8
BLACK
6
CONTINUOUS
10
9.0814929921259839
20
-4.1396152755905513
11
9.1063279921259834
21
-4.1644502362204721
0
LINE
8
BLACK
6
CONTINUOUS
10
9.1063279921259834
20
-4.1644502362204721
11
9.1376619685039362
21
-4.1804268110236222
0
LINE
8
BLACK
6
CONTINUOUS
10
9.1376619685039362
20
-4.1804268110236222
11
9.1724003937007872
21
-4.1859199212598428
0
LINE
8
BLACK
6
CONTINUOUS
10
9.1724003937007872
20
-4.1859199212598428
11
9.2071383070866144
21
-4.1804268897637797
0
LINE
8
BLACK
6
CONTINUOUS
10
9.2071383070866144
20
-4.1804268897637797
11
9.2384337795275595
21
-4.1644501968503933
0
LINE
8
BLACK
6
CONTINUOUS
10
9.2384337795275595
20
-4.1644501968503933
11
9.263308188976378
21
-4.1396144881889763
0
LINE
8
BLACK
6
CONTINUOUS
10
9.263308188976378
20
-4.1396144881889763
11
9.2792844094488185
21
-4.108281220472441
0
LINE
8
BLACK
6
CONTINUOUS
10
9.2792844094488185
20
-4.108281220472441
11
9.2847774803149612
21
-4.07354279527559
0
LINE
8
BLACK
6
CONTINUOUS
10
9.2847774803149612
20
-4.07354279527559
11
9.2792844094488185
21
-4.0388043700787399
0
LINE
8
BLACK
6
CONTINUOUS
10
9.2792844094488185
20
-4.0388043700787399
11
9.263308188976378
21
-4.0074711417322835
0
LINE
8
BLACK
6
CONTINUOUS
10
9.263308188976378
20
-4.0074711417322835
11
9.2384337795275595
21
-3.9826353937007872
0
LINE
8
BLACK
6
CONTINUOUS
10
9.2384337795275595
20
-3.9826353937007872
11
9.2071383070866144
21
-3.9666587007874017
0
LINE
8
BLACK
6
CONTINUOUS
10
9.2071383070866144
20
-3.9666587007874017
11
9.1724003937007872
21
-3.9611657086614174
0
LINE
8
BLACK
6
CONTINUOUS
10
9.1724003937007872
20
-3.9611657086614174
11
9.1376619685039362
21
-3.9666587795275592
0
LINE
8
BLACK
6
CONTINUOUS
10
12.1872035039370079
20
-3.7614959448818897
11
12.1872035826771654
21
-3.7614959448818897
0
LINE
8
BLACK
6
CONTINUOUS
10
12.1872035826771654
20
-3.7614959448818897
11
12.1872037401574804
21
-3.7614959448818897
0
LINE
8
BLACK
6
CONTINUOUS
10
12.1872037401574804
20
-3.7614959448818897
11
12.3131879921259841
21
-3.7614959448818897
0
LINE
8
BLACK
6
CONTINUOUS
10
12.3131879921259841
20
-3.7614959448818897
11
12.3133923228346447
21
-3.7615365748031495
0
LINE
8
BLACK
6
CONTINUOUS
10
12.3133923228346447
20
-3.7615365748031495
11
12.3150714173228337
21
-3.7618701968503938
0
LINE
8
BLACK
6
CONTINUOUS
10
12.3150714173228337
20
-3.7618701968503938
11
12.3166684251968501
21
-3.7629368897637794
0
LINE
8
BLACK
6
CONTINUOUS
10
12.3166684251968501
20
-3.7629368897637794
11
12.3177355905511803
21
-3.7645336220472441
0
LINE
8
BLACK
6
CONTINUOUS
10
12.3177355905511803
20
-3.7645336220472441
11
12.3181103543307078
21
-3.7664171653543308
0
LINE
8
BLACK
6
CONTINUOUS
10
12.3181103543307078
20
-3.7664171653543308
11
12.3181092519685045
21
-3.7664171653543308
0
LINE
8
BLACK
6
CONTINUOUS
10
12.3181092519685045
20
-3.7664171653543308
11
12.3181092519685045
21
-3.7664172047244096
0
LINE
8
BLACK
6
CONTINUOUS
10
12.3181092519685045
20
-3.7664172047244096
11
12.3181092519685045
21
-3.8766533858267715
0
LINE
8
BLACK
6
CONTINUOUS
10
12.3181092519685045
20
-3.8766533858267715
11
12.3177346456692902
21
-3.8785366141732283
0
LINE
8
BLACK
6
CONTINUOUS
10
12.3177346456692902
20
-3.8785366141732283
11
12.3166677559055113
21
-3.8801330708661417
0
LINE
8
BLACK
6
CONTINUOUS
10
12.3166677559055113
20
-3.8801330708661417
11
12.315071062992125
21
-3.8811996062992127
0
LINE
8
BLACK
6
CONTINUOUS
10
12.315071062992125
20
-3.8811996062992127
11
12.3135656692913376
21
-3.8814987007874016
0
LINE
8
BLACK
6
CONTINUOUS
10
12.3135656692913376
20
-3.8814987007874016
11
12.3135646456692918
21
-3.8814997637795274
0
LINE
8
BLACK
6
CONTINUOUS
10
12.3135646456692918
20
-3.8814997637795274
11
12.3131879921259841
21
-3.8815746850393702
0
LINE
8
BLACK
6
CONTINUOUS
10
12.3131879921259841
20
-3.8815746850393702
11
12.3131877559055116
21
-3.8815746850393702
0
LINE
8
BLACK
6
CONTINUOUS
10
12.3131877559055116
20
-3.8815746850393702
11
12.1872037401574804
21
-3.8815746850393702
0
LINE
8
BLACK
6
CONTINUOUS
10
12.1872037401574804
20
-3.8815746850393702
11
12.1872035826771654
21
-3.8815746456692914
0
LINE
8
BLACK
6
CONTINUOUS
10
12.1872035826771654
20
-3.8815746456692914
11
12.1872035039370079
21
-3.8815746850393702
0
LINE
8
BLACK
6
CONTINUOUS
10
12.1872035039370079
20
-3.8815746850393702
11
12.1869952362204721
21
-3.8815331889763778
0
LINE
8
BLACK
6
CONTINUOUS
10
12.1869952362204721
20
-3.8815331889763778
11
12.1868270866141728
21
-3.8814997637795274
0
LINE
8
BLACK
6
CONTINUOUS
10
12.1868270866141728
20
-3.8814997637795274
11
12.1868270078740153
21
-3.8814996850393699
0
LINE
8
BLACK
6
CONTINUOUS
10
12.1868270078740153
20
-3.8814996850393699
11
12.1853205905511803
21
-3.8811997244094489
0
LINE
8
BLACK
6
CONTINUOUS
10
12.1853205905511803
20
-3.8811997244094489
11
12.1837244488188965
21
-3.8801328346456692
0
LINE
8
BLACK
6
CONTINUOUS
10
12.1837244488188965
20
-3.8801328346456692
11
12.1826580314960626
21
-3.8785363779527557
0
LINE
8
BLACK
6
CONTINUOUS
10
12.1826580314960626
20
-3.8785363779527557
11
12.1823587401574809
21
-3.8770314173228346
0
LINE
8
BLACK
6
CONTINUOUS
10
12.1823587401574809
20
-3.8770314173228346
11
12.1823574015748033
21
-3.8770300787401575
0
LINE
8
BLACK
6
CONTINUOUS
10
12.1823574015748033
20
-3.8770300787401575
11
12.1822824803149601
21
-3.8766534251968503
0
LINE
8
BLACK
6
CONTINUOUS
10
12.1822824803149601
20
-3.8766534251968503
11
12.1822824803149601
21
-3.7664172047244096
0
LINE
8
BLACK
6
CONTINUOUS
10
12.1822824803149601
20
-3.7664172047244096
11
12.1823059842519683
21
-3.7662989763779526
0
LINE
8
BLACK
6
CONTINUOUS
10
12.1823059842519683
20
-3.7662989763779526
11
12.1826570866141726
21
-3.7645338582677166
0
LINE
8
BLACK
6
CONTINUOUS
10
12.1826570866141726
20
-3.7645338582677166
11
12.1837237795275595
21
-3.7629371653543306
0
LINE
8
BLACK
6
CONTINUOUS
10
12.1837237795275595
20
-3.7629371653543306
11
12.1853202362204716
21
-3.7618701181102363
0
LINE
8
BLACK
6
CONTINUOUS
10
12.1853202362204716
20
-3.7618701181102363
11
12.1872035039370079
21
-3.7614950787401575
0
LINE
8
BLACK
6
CONTINUOUS
10
12.1872035039370079
20
-3.7614950787401575
11
12.1872035039370079
21
-3.7614959448818897
0
LINE
8
BLACK
6
CONTINUOUS
10
12.1864126771653538
20
-3.7634637401574804
11
12.1850422047244091
21
-3.7642552755905512
0
LINE
8
BLACK
6
CONTINUOUS
10
12.1850422047244091
20
-3.7642552755905512
11
12.1842509448818888
21
-3.7656259055118109
0
LINE
8
BLACK
6
CONTINUOUS
10
12.1842509448818888
20
-3.7656259055118109
11
12.1842509448818888
21
-3.7664171653543308
0
LINE
8
BLACK
6
CONTINUOUS
10
12.1842509448818888
20
-3.7664171653543308
11
12.1842509842519675
21
-3.7664172047244096
0
LINE
8
BLACK
6
CONTINUOUS
10
12.1842509842519675
20
-3.7664172047244096
11
12.1842509842519675
21
-3.8766534251968503
0
LINE
8
BLACK
6
CONTINUOUS
10
12.1842509842519675
20
-3.8766534251968503
11
12.1842509842519675
21
-3.8766534645669291
0
LINE
8
BLACK
6
CONTINUOUS
10
12.1842509842519675
20
-3.8766534645669291
11
12.1842520866141726
21
-3.8766534645669291
0
LINE
8
BLACK
6
CONTINUOUS
10
12.1842520866141726
20
-3.8766534645669291
11
12.1842520078740151
21
-3.8774444881889765
0
LINE
8
BLACK
6
CONTINUOUS
10
12.1842520078740151
20
-3.8774444881889765
11
12.1850429133858267
21
-3.8788147244094486
0
LINE
8
BLACK
6
CONTINUOUS
10
12.1850429133858267
20
-3.8788147244094486
11
12.1864129527559051
21
-3.8796060236220473
0
LINE
8
BLACK
6
CONTINUOUS
10
12.1864129527559051
20
-3.8796060236220473
11
12.1872039763779529
21
-3.8796061811023623
0
LINE
8
BLACK
6
CONTINUOUS
10
12.1872039763779529
20
-3.8796061811023623
11
12.3131879921259841
21
-3.8796061811023623
0
LINE
8
BLACK
6
CONTINUOUS
10
12.3131879921259841
20
-3.8796061811023623
11
12.3131881102362204
21
-3.8796061811023623
0
LINE
8
BLACK
6
CONTINUOUS
10
12.3131881102362204
20
-3.8796061811023623
11
12.3131882283464567
21
-3.8796061811023623
0
LINE
8
BLACK
6
CONTINUOUS
10
12.3131882283464567
20
-3.8796061811023623
11
12.3131882283464567
21
-3.8796053149606298
0
LINE
8
BLACK
6
CONTINUOUS
10
12.3131882283464567
20
-3.8796053149606298
11
12.3139792913385833
21
-3.8796054724409448
0
LINE
8
BLACK
6
CONTINUOUS
10
12.3139792913385833
20
-3.8796054724409448
11
12.3153496062992129
21
-3.8788146456692911
0
LINE
8
BLACK
6
CONTINUOUS
10
12.3153496062992129
20
-3.8788146456692911
11
12.3161407480314953
21
-3.8774445275590552
0
LINE
8
BLACK
6
CONTINUOUS
10
12.3161407480314953
20
-3.8774445275590552
11
12.3161407480314953
21
-3.8766534645669291
0
LINE
8
BLACK
6
CONTINUOUS
10
12.3161407480314953
20
-3.8766534645669291
11
12.3161407480314953
21
-3.8766534251968503
0
LINE
8
BLACK
6
CONTINUOUS
10
12.3161407480314953
20
-3.8766534251968503
11
12.3161407480314953
21
-3.7664172047244096
0
LINE
8
BLACK
6
CONTINUOUS
10
12.3161407480314953
20
-3.7664172047244096
11
12.3161418110236216
21
-3.7664116535433072
0
LINE
8
BLACK
6
CONTINUOUS
10
12.3161418110236216
20
-3.7664116535433072
11
12.3161418110236216
21
-3.7656259055118109
0
LINE
8
BLACK
6
CONTINUOUS
10
12.3161418110236216
20
-3.7656259055118109
11
12.3153503149606305
21
-3.7642553543307087
0
LINE
8
BLACK
6
CONTINUOUS
10
12.3153503149606305
20
-3.7642553543307087
11
12.3139795669291328
21
-3.7634642913385825
0
LINE
8
BLACK
6
CONTINUOUS
10
12.3139795669291328
20
-3.7634642913385825
11
12.3131882283464567
21
-3.7634644488188975
0
LINE
8
BLACK
6
CONTINUOUS
10
12.3131882283464567
20
-3.7634644488188975
11
12.3131881102362204
21
-3.7634644094488188
0
LINE
8
BLACK
6
CONTINUOUS
10
12.3131881102362204
20
-3.7634644094488188
11
12.3131879921259841
21
-3.7634644488188975
0
LINE
8
BLACK
6
CONTINUOUS
10
12.3131879921259841
20
-3.7634644488188975
11
12.1872039763779529
21
-3.7634644488188975
0
LINE
8
BLACK
6
CONTINUOUS
10
12.1872039763779529
20
-3.7634644488188975
11
12.1872037401574804
21
-3.7634644488188975
0
LINE
8
BLACK
6
CONTINUOUS
10
12.1872037401574804
20
-3.7634644488188975
11
12.1871993700787407
21
-3.7634635826771654
0
LINE
8
BLACK
6
CONTINUOUS
10
12.1871993700787407
20
-3.7634635826771654
11
12.1864126771653538
21
-3.7634637401574804
0
LINE
8
BLACK
6
CONTINUOUS
10
12.9372426771653544
20
-3.7613777165354332
11
12.9372427559055119
21
-3.7613777165354332
0
LINE
8
BLACK
6
CONTINUOUS
10
12.9372427559055119
20
-3.7613777165354332
11
12.9372429527559056
21
-3.7613777165354332
0
LINE
8
BLACK
6
CONTINUOUS
10
12.9372429527559056
20
-3.7613777165354332
11
13.0632272047244093
21
-3.7613777165354332
0
LINE
8
BLACK
6
CONTINUOUS
10
13.0632272047244093
20
-3.7613777165354332
11
13.0634228346456691
21
-3.7614166141732284
0
LINE
8
BLACK
6
CONTINUOUS
10
13.0634228346456691
20
-3.7614166141732284
11
13.0651106692913377
21
-3.7617518897637794
0
LINE
8
BLACK
6
CONTINUOUS
10
13.0651106692913377
20
-3.7617518897637794
11
13.0667077559055116
21
-3.7628185826771654
0
LINE
8
BLACK
6
CONTINUOUS
10
13.0667077559055116
20
-3.7628185826771654
11
13.0677749999999993
21
-3.7644153149606296
0
LINE
8
BLACK
6
CONTINUOUS
10
13.0677749999999993
20
-3.7644153149606296
11
13.0681498425196843
21
-3.7662988976377951
0
LINE
8
BLACK
6
CONTINUOUS
10
13.0681498425196843
20
-3.7662988976377951
11
13.0681484645669297
21
-3.7662988976377951
0
LINE
8
BLACK
6
CONTINUOUS
10
13.0681484645669297
20
-3.7662988976377951
11
13.0681484645669297
21
-3.7662989763779526
0
LINE
8
BLACK
6
CONTINUOUS
10
13.0681484645669297
20
-3.7662989763779526
11
13.0681484645669297
21
-3.8765351968503938
0
LINE
8
BLACK
6
CONTINUOUS
10
13.0681484645669297
20
-3.8765351968503938
11
13.0681249212598427
21
-3.8766534645669291
0
LINE
8
BLACK
6
CONTINUOUS
10
13.0681249212598427
20
-3.8766534645669291
11
13.0677738976377942
21
-3.8784184251968501
0
LINE
8
BLACK
6
CONTINUOUS
10
13.0677738976377942
20
-3.8784184251968501
11
13.0667070078740153
21
-3.8800148818897635
0
LINE
8
BLACK
6
CONTINUOUS
10
13.0667070078740153
20
-3.8800148818897635
11
13.0651102755905502
21
-3.8810814173228345
0
LINE
8
BLACK
6
CONTINUOUS
10
13.0651102755905502
20
-3.8810814173228345
11
13.0636049212598415
21
-3.8813804330708659
0
LINE
8
BLACK
6
CONTINUOUS
10
13.0636049212598415
20
-3.8813804330708659
11
13.063603858267717
21
-3.881381535433071
0
LINE
8
BLACK
6
CONTINUOUS
10
13.063603858267717
20
-3.881381535433071
11
13.0632272047244093
21
-3.8814564566929133
0
LINE
8
BLACK
6
CONTINUOUS
10
13.0632272047244093
20
-3.8814564566929133
11
13.0632269291338581
21
-3.8814564566929133
0
LINE
8
BLACK
6
CONTINUOUS
10
13.0632269291338581
20
-3.8814564566929133
11
12.9372429527559056
21
-3.8814564566929133
0
LINE
8
BLACK
6
CONTINUOUS
10
12.9372429527559056
20
-3.8814564566929133
11
12.9372427559055119
21
-3.8814564173228345
0
LINE
8
BLACK
6
CONTINUOUS
10
12.9372427559055119
20
-3.8814564173228345
11
12.9372426771653544
21
-3.8814564566929133
0
LINE
8
BLACK
6
CONTINUOUS
10
12.9372426771653544
20
-3.8814564566929133
11
12.9370438582677156
21
-3.8814168503937005
0
LINE
8
BLACK
6
CONTINUOUS
10
12.9370438582677156
20
-3.8814168503937005
11
12.936866299212598
21
-3.881381535433071
0
LINE
8
BLACK
6
CONTINUOUS
10
12.936866299212598
20
-3.881381535433071
11
12.9368662204724405
21
-3.8813814566929135
0
LINE
8
BLACK
6
CONTINUOUS
10
12.9368662204724405
20
-3.8813814566929135
11
12.9353598425196843
21
-3.8810814173228345
0
LINE
8
BLACK
6
CONTINUOUS
10
12.9353598425196843
20
-3.8810814173228345
11
12.933763779527558
21
-3.8800145275590552
0
LINE
8
BLACK
6
CONTINUOUS
10
12.933763779527558
20
-3.8800145275590552
11
12.9326974409448816
21
-3.8784181102362205
0
LINE
8
BLACK
6
CONTINUOUS
10
12.9326974409448816
20
-3.8784181102362205
11
12.9323982677165343
21
-3.8769135039370077
0
LINE
8
BLACK
6
CONTINUOUS
10
12.9323982677165343
20
-3.8769135039370077
11
12.9323966141732285
21
-3.8769118503937006
0
LINE
8
BLACK
6
CONTINUOUS
10
12.9323966141732285
20
-3.8769118503937006
11
12.9323216929133853
21
-3.8765351968503938
0
LINE
8
BLACK
6
CONTINUOUS
10
12.9323216929133853
20
-3.8765351968503938
11
12.9323216929133853
21
-3.7662989763779526
0
LINE
8
BLACK
6
CONTINUOUS
10
12.9323216929133853
20
-3.7662989763779526
11
12.9323966141732285
21
-3.7659223228346455
0
LINE
8
BLACK
6
CONTINUOUS
10
12.9323966141732285
20
-3.7659223228346455
11
12.9326963385826765
21
-3.7644156299212597
0
LINE
8
BLACK
6
CONTINUOUS
10
12.9326963385826765
20
-3.7644156299212597
11
12.9337630314960634
21
-3.7628189370078737
0
LINE
8
BLACK
6
CONTINUOUS
10
12.9337630314960634
20
-3.7628189370078737
11
12.9353594488188968
21
-3.7617518897637794
0
LINE
8
BLACK
6
CONTINUOUS
10
12.9353594488188968
20
-3.7617518897637794
11
12.9372426771653544
21
-3.7613768110236219
0
LINE
8
BLACK
6
CONTINUOUS
10
12.9372426771653544
20
-3.7613768110236219
11
12.9372426771653544
21
-3.7613777165354332
0
LINE
8
BLACK
6
CONTINUOUS
10
12.9364519291338578
20
-3.7633454724409448
11
12.9350814173228343
21
-3.7641370472440943
0
LINE
8
BLACK
6
CONTINUOUS
10
12.9350814173228343
20
-3.7641370472440943
11
12.9342901968503927
21
-3.7655077165354331
0
LINE
8
BLACK
6
CONTINUOUS
10
12.9342901968503927
20
-3.7655077165354331
11
12.9342901968503927
21
-3.7662988976377951
0
LINE
8
BLACK
6
CONTINUOUS
10
12.9342901968503927
20
-3.7662988976377951
11
12.9342901968503927
21
-3.7662989763779526
0
LINE
8
BLACK
6
CONTINUOUS
10
12.9342901968503927
20
-3.7662989763779526
11
12.9342901968503927
21
-3.8765351968503938
0
LINE
8
BLACK
6
CONTINUOUS
10
12.9342901968503927
20
-3.8765351968503938
11
12.9342901968503927
21
-3.8765352362204721
0
LINE
8
BLACK
6
CONTINUOUS
10
12.9342901968503927
20
-3.8765352362204721
11
12.9342915748031491
21
-3.8765352755905509
0
LINE
8
BLACK
6
CONTINUOUS
10
12.9342915748031491
20
-3.8765352755905509
11
12.9342914960629916
21
-3.8773262598425196
0
LINE
8
BLACK
6
CONTINUOUS
10
12.9342914960629916
20
-3.8773262598425196
11
12.9350823228346457
21
-3.8786964566929134
0
LINE
8
BLACK
6
CONTINUOUS
10
12.9350823228346457
20
-3.8786964566929134
11
12.936452204724409
21
-3.8794877559055116
0
LINE
8
BLACK
6
CONTINUOUS
10
12.936452204724409
20
-3.8794877559055116
11
12.9372432283464569
21
-3.8794879527559054
0
LINE
8
BLACK
6
CONTINUOUS
10
12.9372432283464569
20
-3.8794879527559054
11
13.0632272047244093
21
-3.8794879527559054
0
LINE
8
BLACK
6
CONTINUOUS
10
13.0632272047244093
20
-3.8794879527559054
11
13.0632273622047244
21
-3.8794879527559054
0
LINE
8
BLACK
6
CONTINUOUS
10
13.0632273622047244
20
-3.8794879527559054
11
13.0632274803149606
21
-3.8794879527559054
0
LINE
8
BLACK
6
CONTINUOUS
10
13.0632274803149606
20
-3.8794879527559054
11
13.0632274803149606
21
-3.8794870472440945
0
LINE
8
BLACK
6
CONTINUOUS
10
13.0632274803149606
20
-3.8794870472440945
11
13.0640185433070855
21
-3.8794872440944883
0
LINE
8
BLACK
6
CONTINUOUS
10
13.0640185433070855
20
-3.8794872440944883
11
13.0653888188976381
21
-3.8786964173228347
0
LINE
8
BLACK
6
CONTINUOUS
10
13.0653888188976381
20
-3.8786964173228347
11
13.0661799606299205
21
-3.8773262992125983
0
LINE
8
BLACK
6
CONTINUOUS
10
13.0661799606299205
20
-3.8773262992125983
11
13.0661799606299205
21
-3.8765352755905509
0
LINE
8
BLACK
6
CONTINUOUS
10
13.0661799606299205
20
-3.8765352755905509
11
13.0661799606299205
21
-3.8765352362204721
0
LINE
8
BLACK
6
CONTINUOUS
10
13.0661799606299205
20
-3.8765352362204721
11
13.0661799606299205
21
-3.8765351968503938
0
LINE
8
BLACK
6
CONTINUOUS
10
13.0661799606299205
20
-3.8765351968503938
11
13.0661799606299205
21
-3.7662989763779526
0
LINE
8
BLACK
6
CONTINUOUS
10
13.0661799606299205
20
-3.7662989763779526
11
13.0661812992125981
21
-3.7662920472440944
0
LINE
8
BLACK
6
CONTINUOUS
10
13.0661812992125981
20
-3.7662920472440944
11
13.0661812598425193
21
-3.7655076771653544
0
LINE
8
BLACK
6
CONTINUOUS
10
13.0661812598425193
20
-3.7655076771653544
11
13.0653897244094477
21
-3.764137086614173
0
LINE
8
BLACK
6
CONTINUOUS
10
13.0653897244094477
20
-3.764137086614173
11
13.0640188582677155
21
-3.7633460236220473
0
LINE
8
BLACK
6
CONTINUOUS
10
13.0640188582677155
20
-3.7633460236220473
11
13.0632274803149606
21
-3.7633462204724411
0
LINE
8
BLACK
6
CONTINUOUS
10
13.0632274803149606
20
-3.7633462204724411
11
13.0632273622047244
21
-3.7633461811023623
0
LINE
8
BLACK
6
CONTINUOUS
10
13.0632273622047244
20
-3.7633461811023623
11
13.0632272047244093
21
-3.7633462204724411
0
LINE
8
BLACK
6
CONTINUOUS
10
13.0632272047244093
20
-3.7633462204724411
11
12.9372432283464569
21
-3.7633462204724411
0
LINE
8
BLACK
6
CONTINUOUS
10
12.9372432283464569
20
-3.7633462204724411
11
12.9372429527559056
21
-3.7633462204724411
0
LINE
8
BLACK
6
CONTINUOUS
10
12.9372429527559056
20
-3.7633462204724411
11
12.9372383858267721
21
-3.7633453149606297
0
LINE
8
BLACK
6
CONTINUOUS
10
12.9372383858267721
20
-3.7633453149606297
11
12.9364519291338578
21
-3.7633454724409448
0
LINE
8
BLACK
6
CONTINUOUS
10
9.1871641338582677
20
-3.6676377165354328
11
9.1871642125984252
21
-3.6676377165354328
0
LINE
8
BLACK
6
CONTINUOUS
10
9.1871642125984252
20
-3.6676377165354328
11
9.1871643700787402
21
-3.6676377165354328
0
LINE
8
BLACK
6
CONTINUOUS
10
9.1871643700787402
20
-3.6676377165354328
11
9.3131486220472439
21
-3.6676377165354328
0
LINE
8
BLACK
6
CONTINUOUS
10
9.3131486220472439
20
-3.6676377165354328
11
9.3133529527559045
21
-3.6676783464566927
0
LINE
8
BLACK
6
CONTINUOUS
10
9.3133529527559045
20
-3.6676783464566927
11
9.3150320472440935
21
-3.668011968503937
0
LINE
8
BLACK
6
CONTINUOUS
10
9.3150320472440935
20
-3.668011968503937
11
9.3166290551181099
21
-3.669078661417323
0
LINE
8
BLACK
6
CONTINUOUS
10
9.3166290551181099
20
-3.669078661417323
11
9.3176961811023613
21
-3.6706753937007872
0
LINE
8
BLACK
6
CONTINUOUS
10
9.3176961811023613
20
-3.6706753937007872
11
9.3180709448818888
21
-3.6725589370078739
0
LINE
8
BLACK
6
CONTINUOUS
10
9.3180709448818888
20
-3.6725589370078739
11
9.3180698818897643
21
-3.6725589370078739
0
LINE
8
BLACK
6
CONTINUOUS
10
9.3180698818897643
20
-3.6725589370078739
11
9.3180698818897643
21
-3.6725589763779527
0
LINE
8
BLACK
6
CONTINUOUS
10
9.3180698818897643
20
-3.6725589763779527
11
9.3180698818897643
21
-3.7827951574803147
0
LINE
8
BLACK
6
CONTINUOUS
10
9.3180698818897643
20
-3.7827951574803147
11
9.3176952755905518
21
-3.7846783858267714
0
LINE
8
BLACK
6
CONTINUOUS
10
9.3176952755905518
20
-3.7846783858267714
11
9.3166283858267711
21
-3.7862748425196848
0
LINE
8
BLACK
6
CONTINUOUS
10
9.3166283858267711
20
-3.7862748425196848
11
9.3150316929133847
21
-3.7873413779527558
0
LINE
8
BLACK
6
CONTINUOUS
10
9.3150316929133847
20
-3.7873413779527558
11
9.3135263385826761
21
-3.787640433070866
0
LINE
8
BLACK
6
CONTINUOUS
10
9.3135263385826761
20
-3.787640433070866
11
9.3135252755905515
21
-3.7876415354330706
0
LINE
8
BLACK
6
CONTINUOUS
10
9.3135252755905515
20
-3.7876415354330706
11
9.3131486220472439
21
-3.7877164566929133
0
LINE
8
BLACK
6
CONTINUOUS
10
9.3131486220472439
20
-3.7877164566929133
11
9.3131483858267714
21
-3.7877164566929133
0
LINE
8
BLACK
6
CONTINUOUS
10
9.3131483858267714
20
-3.7877164566929133
11
9.1871643700787402
21
-3.7877164566929133
0
LINE
8
BLACK
6
CONTINUOUS
10
9.1871643700787402
20
-3.7877164566929133
11
9.1871642125984252
21
-3.7877164173228346
0
LINE
8
BLACK
6
CONTINUOUS
10
9.1871642125984252
20
-3.7877164173228346
11
9.1871641338582677
21
-3.7877164566929133
0
LINE
8
BLACK
6
CONTINUOUS
10
9.1871641338582677
20
-3.7877164566929133
11
9.1869558661417319
21
-3.7876749606299214
0
LINE
8
BLACK
6
CONTINUOUS
10
9.1869558661417319
20
-3.7876749606299214
11
9.1867877165354326
21
-3.7876415354330706
0
LINE
8
BLACK
6
CONTINUOUS
10
9.1867877165354326
20
-3.7876415354330706
11
9.1867876377952751
21
-3.7876414566929131
0
LINE
8
BLACK
6
CONTINUOUS
10
9.1867876377952751
20
-3.7876414566929131
11
9.1852812204724401
21
-3.7873414960629921
0
LINE
8
BLACK
6
CONTINUOUS
10
9.1852812204724401
20
-3.7873414960629921
11
9.183685078740158
21
-3.7862746062992123
0
LINE
8
BLACK
6
CONTINUOUS
10
9.183685078740158
20
-3.7862746062992123
11
9.1826186220472437
21
-3.7846781889763781
0
LINE
8
BLACK
6
CONTINUOUS
10
9.1826186220472437
20
-3.7846781889763781
11
9.1823193307086619
21
-3.783173149606299
0
LINE
8
BLACK
6
CONTINUOUS
10
9.1823193307086619
20
-3.783173149606299
11
9.1823180314960631
21
-3.7831718503937006
0
LINE
8
BLACK
6
CONTINUOUS
10
9.1823180314960631
20
-3.7831718503937006
11
9.1822431102362199
21
-3.7827951968503934
0
LINE
8
BLACK
6
CONTINUOUS
10
9.1822431102362199
20
-3.7827951968503934
11
9.1822431102362199
21
-3.6725589763779527
0
LINE
8
BLACK
6
CONTINUOUS
10
9.1822431102362199
20
-3.6725589763779527
11
9.1823180314960631
21
-3.6721823228346455
0
LINE
8
BLACK
6
CONTINUOUS
10
9.1823180314960631
20
-3.6721823228346455
11
9.1826177165354324
21
-3.670675590551181
0
LINE
8
BLACK
6
CONTINUOUS
10
9.1826177165354324
20
-3.670675590551181
11
9.1836844094488193
21
-3.669078897637795
0
LINE
8
BLACK
6
CONTINUOUS
10
9.1836844094488193
20
-3.669078897637795
11
9.1852808661417313
21
-3.6680118503937007
0
LINE
8
BLACK
6
CONTINUOUS
10
9.1852808661417313
20
-3.6680118503937007
11
9.1871641338582677
21
-3.6676368110236219
0
LINE
8
BLACK
6
CONTINUOUS
10
9.1871641338582677
20
-3.6676368110236219
11
9.1871641338582677
21
-3.6676377165354328
0
LINE
8
BLACK
6
CONTINUOUS
10
9.1863733070866136
20
-3.6696054724409448
11
9.1850027952755902
21
-3.6703970078740156
0
LINE
8
BLACK
6
CONTINUOUS
10
9.1850027952755902
20
-3.6703970078740156
11
9.1842115748031485
21
-3.6717676771653545
0
LINE
8
BLACK
6
CONTINUOUS
10
9.1842115748031485
20
-3.6717676771653545
11
9.1842116141732273
21
-3.6725589370078739
0
LINE
8
BLACK
6
CONTINUOUS
10
9.1842116141732273
20
-3.6725589370078739
11
9.1842116141732273
21
-3.6725589763779527
0
LINE
8
BLACK
6
CONTINUOUS
10
9.1842116141732273
20
-3.6725589763779527
11
9.1842116141732273
21
-3.7827951574803147
0
LINE
8
BLACK
6
CONTINUOUS
10
9.1842116141732273
20
-3.7827951574803147
11
9.1842116141732273
21
-3.7827951968503934
0
LINE
8
BLACK
6
CONTINUOUS
10
9.1842116141732273
20
-3.7827951968503934
11
9.1842126771653536
21
-3.7827952362204722
0
LINE
8
BLACK
6
CONTINUOUS
10
9.1842126771653536
20
-3.7827952362204722
11
9.1842125984251961
21
-3.7835862598425196
0
LINE
8
BLACK
6
CONTINUOUS
10
9.1842125984251961
20
-3.7835862598425196
11
9.1850035433070865
21
-3.7849564960629922
0
LINE
8
BLACK
6
CONTINUOUS
10
9.1850035433070865
20
-3.7849564960629922
11
9.1863735433070861
21
-3.7857477952755905
0
LINE
8
BLACK
6
CONTINUOUS
10
9.1863735433070861
20
-3.7857477952755905
11
9.1871646062992127
21
-3.7857479527559055
0
LINE
8
BLACK
6
CONTINUOUS
10
9.1871646062992127
20
-3.7857479527559055
11
9.3131486220472439
21
-3.7857479527559055
0
LINE
8
BLACK
6
CONTINUOUS
10
9.3131486220472439
20
-3.7857479527559055
11
9.3131487401574802
21
-3.7857479527559055
0
LINE
8
BLACK
6
CONTINUOUS
10
9.3131487401574802
20
-3.7857479527559055
11
9.3131488582677164
21
-3.7857479527559055
0
LINE
8
BLACK
6
CONTINUOUS
10
9.3131488582677164
20
-3.7857479527559055
11
9.3131488582677164
21
-3.7857470472440946
0
LINE
8
BLACK
6
CONTINUOUS
10
9.3131488582677164
20
-3.7857470472440946
11
9.313939921259843
21
-3.7857472047244092
0
LINE
8
BLACK
6
CONTINUOUS
10
9.313939921259843
20
-3.7857472047244092
11
9.315310196850394
21
-3.784956377952756
0
LINE
8
BLACK
6
CONTINUOUS
10
9.315310196850394
20
-3.784956377952756
11
9.3161013779527551
21
-3.7835862598425196
0
LINE
8
BLACK
6
CONTINUOUS
10
9.3161013779527551
20
-3.7835862598425196
11
9.3161013779527551
21
-3.7827952362204722
0
LINE
8
BLACK
6
CONTINUOUS
10
9.3161013779527551
20
-3.7827952362204722
11
9.3161013779527551
21
-3.7827951968503934
0
LINE
8
BLACK
6
CONTINUOUS
10
9.3161013779527551
20
-3.7827951968503934
11
9.3161013779527551
21
-3.6725589763779527
0
LINE
8
BLACK
6
CONTINUOUS
10
9.3161013779527551
20
-3.6725589763779527
11
9.3161024015748026
21
-3.6725536220472441
0
LINE
8
BLACK
6
CONTINUOUS
10
9.3161024015748026
20
-3.6725536220472441
11
9.3161024015748026
21
-3.6717676771653545
0
LINE
8
BLACK
6
CONTINUOUS
10
9.3161024015748026
20
-3.6717676771653545
11
9.3153109448818903
21
-3.6703971259842518
0
LINE
8
BLACK
6
CONTINUOUS
10
9.3153109448818903
20
-3.6703971259842518
11
9.3139401968503943
21
-3.6696060629921261
0
LINE
8
BLACK
6
CONTINUOUS
10
9.3139401968503943
20
-3.6696060629921261
11
9.3131488582677164
21
-3.6696062204724407
0
LINE
8
BLACK
6
CONTINUOUS
10
9.3131488582677164
20
-3.6696062204724407
11
9.3131487401574802
21
-3.6696061811023619
0
LINE
8
BLACK
6
CONTINUOUS
10
9.3131487401574802
20
-3.6696061811023619
11
9.3131486220472439
21
-3.6696062204724407
0
LINE
8
BLACK
6
CONTINUOUS
10
9.3131486220472439
20
-3.6696062204724407
11
9.1871646062992127
21
-3.6696062204724407
0
LINE
8
BLACK
6
CONTINUOUS
10
9.1871646062992127
20
-3.6696062204724407
11
9.1871643700787402
21
-3.6696062204724407
0
LINE
8
BLACK
6
CONTINUOUS
10
9.1871643700787402
20
-3.6696062204724407
11
9.1871598031496067
21
-3.6696053149606298
0
LINE
8
BLACK
6
CONTINUOUS
10
9.1871598031496067
20
-3.6696053149606298
11
9.1863733070866136
21
-3.6696054724409448
0
LINE
8
BLACK
6
CONTINUOUS
10
11.4372034645669292
20
-3.5742125196850392
11
11.4372035433070867
21
-3.5742125196850392
0
LINE
8
BLACK
6
CONTINUOUS
10
11.4372035433070867
20
-3.5742125196850392
11
11.4372037007874017
21
-3.5742125196850392
0
LINE
8
BLACK
6
CONTINUOUS
10
11.4372037007874017
20
-3.5742125196850392
11
11.5631879527559054
21
-3.5742125196850392
0
LINE
8
BLACK
6
CONTINUOUS
10
11.5631879527559054
20
-3.5742125196850392
11
11.5633922834645659
21
-3.574253149606299
0
LINE
8
BLACK
6
CONTINUOUS
10
11.5633922834645659
20
-3.574253149606299
11
11.565071377952755
21
-3.5745867716535433
0
LINE
8
BLACK
6
CONTINUOUS
10
11.565071377952755
20
-3.5745867716535433
11
11.5666683858267714
21
-3.5756534645669289
0
LINE
8
BLACK
6
CONTINUOUS
10
11.5666683858267714
20
-3.5756534645669289
11
11.5677355511811015
21
-3.5772501968503936
0
LINE
8
BLACK
6
CONTINUOUS
10
11.5677355511811015
20
-3.5772501968503936
11
11.568110314960629
21
-3.5791337401574803
0
LINE
8
BLACK
6
CONTINUOUS
10
11.568110314960629
20
-3.5791337401574803
11
11.5681092125984257
21
-3.5791337401574803
0
LINE
8
BLACK
6
CONTINUOUS
10
11.5681092125984257
20
-3.5791337401574803
11
11.5681092125984257
21
-3.5791337795275591
0
LINE
8
BLACK
6
CONTINUOUS
10
11.5681092125984257
20
-3.5791337795275591
11
11.5681092125984257
21
-3.6893699606299211
0
LINE
8
BLACK
6
CONTINUOUS
10
11.5681092125984257
20
-3.6893699606299211
11
11.5677346062992115
21
-3.6912531889763778
0
LINE
8
BLACK
6
CONTINUOUS
10
11.5677346062992115
20
-3.6912531889763778
11
11.5666676771653538
21
-3.6928496456692912
0
LINE
8
BLACK
6
CONTINUOUS
10
11.5666676771653538
20
-3.6928496456692912
11
11.5650710236220462
21
-3.6939161417322834
0
LINE
8
BLACK
6
CONTINUOUS
10
11.5650710236220462
20
-3.6939161417322834
11
11.5635657086614163
21
-3.6942151968503936
0
LINE
8
BLACK
6
CONTINUOUS
10
11.5635657086614163
20
-3.6942151968503936
11
11.563564606299213
21
-3.694216338582677
0
LINE
8
BLACK
6
CONTINUOUS
10
11.563564606299213
20
-3.694216338582677
11
11.5631879527559054
21
-3.6942912598425197
0
LINE
8
BLACK
6
CONTINUOUS
10
11.5631879527559054
20
-3.6942912598425197
11
11.5631876771653541
21
-3.6942912598425197
0
LINE
8
BLACK
6
CONTINUOUS
10
11.5631876771653541
20
-3.6942912598425197
11
11.4372037007874017
21
-3.6942912598425197
0
LINE
8
BLACK
6
CONTINUOUS
10
11.4372037007874017
20
-3.6942912598425197
11
11.4372035039370079
21
-3.694291220472441
0
LINE
8
BLACK
6
CONTINUOUS
10
11.4372035039370079
20
-3.694291220472441
11
11.4372034251968504
21
-3.6942912598425197
0
LINE
8
BLACK
6
CONTINUOUS
10
11.4372034251968504
20
-3.6942912598425197
11
11.4369648425196839
21
-3.6942437401574804
0
LINE
8
BLACK
6
CONTINUOUS
10
11.4369648425196839
20
-3.6942437401574804
11
11.436827047244094
21
-3.694216338582677
0
LINE
8
BLACK
6
CONTINUOUS
10
11.436827047244094
20
-3.694216338582677
11
11.4368269685039365
21
-3.6942162598425194
0
LINE
8
BLACK
6
CONTINUOUS
10
11.4368269685039365
20
-3.6942162598425194
11
11.4353205511811016
21
-3.6939162992125985
0
LINE
8
BLACK
6
CONTINUOUS
10
11.4353205511811016
20
-3.6939162992125985
11
11.4337244488188965
21
-3.6928494094488187
0
LINE
8
BLACK
6
CONTINUOUS
10
11.4337244488188965
20
-3.6928494094488187
11
11.4326579921259839
21
-3.6912529527559053
0
LINE
8
BLACK
6
CONTINUOUS
10
11.4326579921259839
20
-3.6912529527559053
11
11.4323587007874021
21
-3.6897479921259841
0
LINE
8
BLACK
6
CONTINUOUS
10
11.4323587007874021
20
-3.6897479921259841
11
11.4323573622047245
21
-3.689746653543307
0
LINE
8
BLACK
6
CONTINUOUS
10
11.4323573622047245
20
-3.689746653543307
11
11.4322824409448813
21
-3.6893699999999998
0
LINE
8
BLACK
6
CONTINUOUS
10
11.4322824409448813
20
-3.6893699999999998
11
11.4322824409448813
21
-3.5791337795275591
0
LINE
8
BLACK
6
CONTINUOUS
10
11.4322824409448813
20
-3.5791337795275591
11
11.4323573622047245
21
-3.5787571259842519
0
LINE
8
BLACK
6
CONTINUOUS
10
11.4323573622047245
20
-3.5787571259842519
11
11.4326570472440938
21
-3.5772503937007873
0
LINE
8
BLACK
6
CONTINUOUS
10
11.4326570472440938
20
-3.5772503937007873
11
11.4337237401574807
21
-3.5756537007874014
0
LINE
8
BLACK
6
CONTINUOUS
10
11.4337237401574807
20
-3.5756537007874014
11
11.4353201968503928
21
-3.5745866141732283
0
LINE
8
BLACK
6
CONTINUOUS
10
11.4353201968503928
20
-3.5745866141732283
11
11.4372034251968504
21
-3.5742115748031495
0
LINE
8
BLACK
6
CONTINUOUS
10
11.4372034251968504
20
-3.5742115748031495
11
11.4372034645669292
21
-3.5742125196850392
0
LINE
8
BLACK
6
CONTINUOUS
10
11.4364126377952751
20
-3.5761802362204724
11
11.4350421259842516
21
-3.5769717716535432
0
LINE
8
BLACK
6
CONTINUOUS
10
11.4350421259842516
20
-3.5769717716535432
11
11.43425090551181
21
-3.5783424803149604
0
LINE
8
BLACK
6
CONTINUOUS
10
11.43425090551181
20
-3.5783424803149604
11
11.4342509448818888
21
-3.5791337401574803
0
LINE
8
BLACK
6
CONTINUOUS
10
11.4342509448818888
20
-3.5791337401574803
11
11.4342509448818888
21
-3.5791337795275591
0
LINE
8
BLACK
6
CONTINUOUS
10
11.4342509448818888
20
-3.5791337795275591
11
11.4342509448818888
21
-3.6893699606299211
0
LINE
8
BLACK
6
CONTINUOUS
10
11.4342509448818888
20
-3.6893699606299211
11
11.4342509448818888
21
-3.6893699999999998
0
LINE
8
BLACK
6
CONTINUOUS
10
11.4342509448818888
20
-3.6893699999999998
11
11.4342520472440938
21
-3.6893700393700786
0
LINE
8
BLACK
6
CONTINUOUS
10
11.4342520472440938
20
-3.6893700393700786
11
11.4342519685039363
21
-3.690161062992126
0
LINE
8
BLACK
6
CONTINUOUS
10
11.4342519685039363
20
-3.690161062992126
11
11.4350429133858267
21
-3.6915312992125981
0
LINE
8
BLACK
6
CONTINUOUS
10
11.4350429133858267
20
-3.6915312992125981
11
11.4364129133858263
21
-3.6923225984251968
0
LINE
8
BLACK
6
CONTINUOUS
10
11.4364129133858263
20
-3.6923225984251968
11
11.4372039763779529
21
-3.6923227559055118
0
LINE
8
BLACK
6
CONTINUOUS
10
11.4372039763779529
20
-3.6923227559055118
11
11.5631879527559054
21
-3.6923227559055118
0
LINE
8
BLACK
6
CONTINUOUS
10
11.5631879527559054
20
-3.6923227559055118
11
11.5631881102362204
21
-3.6923227559055118
0
LINE
8
BLACK
6
CONTINUOUS
10
11.5631881102362204
20
-3.6923227559055118
11
11.5631882283464567
21
-3.6923227559055118
0
LINE
8
BLACK
6
CONTINUOUS
10
11.5631882283464567
20
-3.6923227559055118
11
11.5631882283464567
21
-3.6923218110236218
0
LINE
8
BLACK
6
CONTINUOUS
10
11.5631882283464567
20
-3.6923218110236218
11
11.5639792519685045
21
-3.6923219685039368
0
LINE
8
BLACK
6
CONTINUOUS
10
11.5639792519685045
20
-3.6923219685039368
11
11.5653495275590554
21
-3.6915311811023623
0
LINE
8
BLACK
6
CONTINUOUS
10
11.5653495275590554
20
-3.6915311811023623
11
11.5661407086614165
21
-3.690161062992126
0
LINE
8
BLACK
6
CONTINUOUS
10
11.5661407086614165
20
-3.690161062992126
11
11.5661407086614165
21
-3.6893700393700786
0
LINE
8
BLACK
6
CONTINUOUS
10
11.5661407086614165
20
-3.6893700393700786
11
11.5661407086614165
21
-3.6893699999999998
0
LINE
8
BLACK
6
CONTINUOUS
10
11.5661407086614165
20
-3.6893699999999998
11
11.5661407086614165
21
-3.5791337795275591
0
LINE
8
BLACK
6
CONTINUOUS
10
11.5661407086614165
20
-3.5791337795275591
11
11.5661417716535428
21
-3.5791282283464567
0
LINE
8
BLACK
6
CONTINUOUS
10
11.5661417716535428
20
-3.5791282283464567
11
11.5661417716535428
21
-3.5783424803149604
0
LINE
8
BLACK
6
CONTINUOUS
10
11.5661417716535428
20
-3.5783424803149604
11
11.5653503149606305
21
-3.5769719291338582
0
LINE
8
BLACK
6
CONTINUOUS
10
11.5653503149606305
20
-3.5769719291338582
11
11.563979527559054
21
-3.5761808267716533
0
LINE
8
BLACK
6
CONTINUOUS
10
11.563979527559054
20
-3.5761808267716533
11
11.5631881889763779
21
-3.576181023622047
0
LINE
8
BLACK
6
CONTINUOUS
10
11.5631881889763779
20
-3.576181023622047
11
11.5631880708661416
21
-3.5761809842519683
0
LINE
8
BLACK
6
CONTINUOUS
10
11.5631880708661416
20
-3.5761809842519683
11
11.5631879527559054
21
-3.576181023622047
0
LINE
8
BLACK
6
CONTINUOUS
10
11.5631879527559054
20
-3.576181023622047
11
11.4372039370078742
21
-3.576181023622047
0
LINE
8
BLACK
6
CONTINUOUS
10
11.4372039370078742
20
-3.576181023622047
11
11.4372037007874017
21
-3.576181023622047
0
LINE
8
BLACK
6
CONTINUOUS
10
11.4372037007874017
20
-3.576181023622047
11
11.4371989370078744
21
-3.5761800787401574
0
LINE
8
BLACK
6
CONTINUOUS
10
11.4371989370078744
20
-3.5761800787401574
11
11.4364126377952751
21
-3.5761802362204724
0
LINE
8
BLACK
6
CONTINUOUS
10
9.9371642913385827
20
-3.5739368503937006
11
9.9371643307086615
21
-3.5739368503937006
0
LINE
8
BLACK
6
CONTINUOUS
10
9.9371643307086615
20
-3.5739368503937006
11
9.9371644881889765
21
-3.5739368503937006
0
LINE
8
BLACK
6
CONTINUOUS
10
9.9371644881889765
20
-3.5739368503937006
11
10.0631487401574802
21
-3.5739368503937006
0
LINE
8
BLACK
6
CONTINUOUS
10
10.0631487401574802
20
-3.5739368503937006
11
10.0633398818897639
21
-3.5739748425196849
0
LINE
8
BLACK
6
CONTINUOUS
10
10.0633398818897639
20
-3.5739748425196849
11
10.0650321653543298
21
-3.5743111417322835
0
LINE
8
BLACK
6
CONTINUOUS
10
10.0650321653543298
20
-3.5743111417322835
11
10.0666291338582674
21
-3.5753778346456691
0
LINE
8
BLACK
6
CONTINUOUS
10
10.0666291338582674
20
-3.5753778346456691
11
10.0676962598425188
21
-3.576974527559055
0
LINE
8
BLACK
6
CONTINUOUS
10
10.0676962598425188
20
-3.576974527559055
11
10.0680710236220463
21
-3.5788580708661417
0
LINE
8
BLACK
6
CONTINUOUS
10
10.0680710236220463
20
-3.5788580708661417
11
10.0680700000000005
21
-3.5788580708661417
0
LINE
8
BLACK
6
CONTINUOUS
10
10.0680700000000005
20
-3.5788580708661417
11
10.0680700000000005
21
-3.5788581102362205
0
LINE
8
BLACK
6
CONTINUOUS
10
10.0680700000000005
20
-3.5788581102362205
11
10.0680700000000005
21
-3.6890942913385825
0
LINE
8
BLACK
6
CONTINUOUS
10
10.0680700000000005
20
-3.6890942913385825
11
10.067695393700788
21
-3.6909775590551179
0
LINE
8
BLACK
6
CONTINUOUS
10
10.067695393700788
20
-3.6909775590551179
11
10.0666285433070861
21
-3.6925740551181101
0
LINE
8
BLACK
6
CONTINUOUS
10
10.0666285433070861
20
-3.6925740551181101
11
10.0650318503936997
21
-3.6936406299212599
0
LINE
8
BLACK
6
CONTINUOUS
10
10.0650318503936997
20
-3.6936406299212599
11
10.0635262204724398
21
-3.6939398031496062
0
LINE
8
BLACK
6
CONTINUOUS
10
10.0635262204724398
20
-3.6939398031496062
11
10.0635253937007878
21
-3.6939406692913384
0
LINE
8
BLACK
6
CONTINUOUS
10
10.0635253937007878
20
-3.6939406692913384
11
10.0631487401574802
21
-3.6940155905511811
0
LINE
8
BLACK
6
CONTINUOUS
10
10.0631487401574802
20
-3.6940155905511811
11
10.0631485039370077
21
-3.6940155905511811
0
LINE
8
BLACK
6
CONTINUOUS
10
10.0631485039370077
20
-3.6940155905511811
11
9.9371644881889765
21
-3.6940155905511811
0
LINE
8
BLACK
6
CONTINUOUS
10
9.9371644881889765
20
-3.6940155905511811
11
9.9371643307086615
21
-3.6940155511811024
0
LINE
8
BLACK
6
CONTINUOUS
10
9.9371643307086615
20
-3.6940155511811024
11
9.9371642519685039
21
-3.6940155905511811
0
LINE
8
BLACK
6
CONTINUOUS
10
9.9371642519685039
20
-3.6940155905511811
11
9.9369346850393701
21
-3.6939698818897635
0
LINE
8
BLACK
6
CONTINUOUS
10
9.9369346850393701
20
-3.6939698818897635
11
9.9367878346456688
21
-3.6939406692913384
0
LINE
8
BLACK
6
CONTINUOUS
10
9.9367878346456688
20
-3.6939406692913384
11
9.9367877952755901
21
-3.6939406299212596
0
LINE
8
BLACK
6
CONTINUOUS
10
9.9367877952755901
20
-3.6939406299212596
11
9.9352813385826764
21
-3.6936406692913386
0
LINE
8
BLACK
6
CONTINUOUS
10
9.9352813385826764
20
-3.6936406692913386
11
9.9336851574803156
21
-3.6925737795275588
0
LINE
8
BLACK
6
CONTINUOUS
10
9.9336851574803156
20
-3.6925737795275588
11
9.9326187007874012
21
-3.6909773228346454
0
LINE
8
BLACK
6
CONTINUOUS
10
9.9326187007874012
20
-3.6909773228346454
11
9.9323194094488194
21
-3.689472244094488
0
LINE
8
BLACK
6
CONTINUOUS
10
9.9323194094488194
20
-3.689472244094488
11
9.9323181496062993
21
-3.6894709842519684
0
LINE
8
BLACK
6
CONTINUOUS
10
9.9323181496062993
20
-3.6894709842519684
11
9.9322432283464561
21
-3.6890943307086612
0
LINE
8
BLACK
6
CONTINUOUS
10
9.9322432283464561
20
-3.6890943307086612
11
9.9322432283464561
21
-3.5788581102362205
0
LINE
8
BLACK
6
CONTINUOUS
10
9.9322432283464561
20
-3.5788581102362205
11
9.9323181496062993
21
-3.5784814566929133
0
LINE
8
BLACK
6
CONTINUOUS
10
9.9323181496062993
20
-3.5784814566929133
11
9.9326178740157474
21
-3.5769747637795275
0
LINE
8
BLACK
6
CONTINUOUS
10
9.9326178740157474
20
-3.5769747637795275
11
9.9336845669291343
21
-3.5753781102362203
0
LINE
8
BLACK
6
CONTINUOUS
10
9.9336845669291343
20
-3.5753781102362203
11
9.9352810236220463
21
-3.5743111023622047
0
LINE
8
BLACK
6
CONTINUOUS
10
9.9352810236220463
20
-3.5743111023622047
11
9.9371642519685039
21
-3.5739361417322835
0
LINE
8
BLACK
6
CONTINUOUS
10
9.9371642519685039
20
-3.5739361417322835
11
9.9371642913385827
21
-3.5739368503937006
0
LINE
8
BLACK
6
CONTINUOUS
10
9.9363734251968499
20
-3.5759048031496063
11
9.9350029527559052
21
-3.5766962598425196
0
LINE
8
BLACK
6
CONTINUOUS
10
9.9350029527559052
20
-3.5766962598425196
11
9.9342117322834635
21
-3.5780668503937005
0
LINE
8
BLACK
6
CONTINUOUS
10
9.9342117322834635
20
-3.5780668503937005
11
9.9342117322834635
21
-3.5788580708661417
0
LINE
8
BLACK
6
CONTINUOUS
10
9.9342117322834635
20
-3.5788580708661417
11
9.9342117322834635
21
-3.5788581102362205
0
LINE
8
BLACK
6
CONTINUOUS
10
9.9342117322834635
20
-3.5788581102362205
11
9.9342117322834635
21
-3.6890943307086612
0
LINE
8
BLACK
6
CONTINUOUS
10
9.9342117322834635
20
-3.6890943307086612
11
9.9342117322834635
21
-3.68909437007874
0
LINE
8
BLACK
6
CONTINUOUS
10
9.9342117322834635
20
-3.68909437007874
11
9.9342127559055111
21
-3.68909437007874
0
LINE
8
BLACK
6
CONTINUOUS
10
9.9342127559055111
20
-3.68909437007874
11
9.9342126771653536
21
-3.6898854330708661
0
LINE
8
BLACK
6
CONTINUOUS
10
9.9342126771653536
20
-3.6898854330708661
11
9.935003622047244
21
-3.6912556692913383
0
LINE
8
BLACK
6
CONTINUOUS
10
9.935003622047244
20
-3.6912556692913383
11
9.9363736614173224
21
-3.692046968503937
0
LINE
8
BLACK
6
CONTINUOUS
10
9.9363736614173224
20
-3.692046968503937
11
9.937164724409449
21
-3.6920470866141732
0
LINE
8
BLACK
6
CONTINUOUS
10
9.937164724409449
20
-3.6920470866141732
11
10.0631487401574802
21
-3.6920470866141732
0
LINE
8
BLACK
6
CONTINUOUS
10
10.0631487401574802
20
-3.6920470866141732
11
10.0631488582677164
21
-3.6920470866141732
0
LINE
8
BLACK
6
CONTINUOUS
10
10.0631488582677164
20
-3.6920470866141732
11
10.0631489763779527
21
-3.6920470866141732
0
LINE
8
BLACK
6
CONTINUOUS
10
10.0631489763779527
20
-3.6920470866141732
11
10.0631489763779527
21
-3.6920463779527557
0
LINE
8
BLACK
6
CONTINUOUS
10
10.0631489763779527
20
-3.6920463779527557
11
10.0639400393700793
21
-3.6920465354330707
0
LINE
8
BLACK
6
CONTINUOUS
10
10.0639400393700793
20
-3.6920465354330707
11
10.065310354330709
21
-3.6912556299212596
0
LINE
8
BLACK
6
CONTINUOUS
10
10.065310354330709
20
-3.6912556299212596
11
10.0661014960629913
21
-3.6898854724409449
0
LINE
8
BLACK
6
CONTINUOUS
10
10.0661014960629913
20
-3.6898854724409449
11
10.0661014960629913
21
-3.68909437007874
0
LINE
8
BLACK
6
CONTINUOUS
10
10.0661014960629913
20
-3.68909437007874
11
10.0661014960629913
21
-3.6890943307086612
0
LINE
8
BLACK
6
CONTINUOUS
10
10.0661014960629913
20
-3.6890943307086612
11
10.0661014960629913
21
-3.5788581102362205
0
LINE
8
BLACK
6
CONTINUOUS
10
10.0661014960629913
20
-3.5788581102362205
11
10.0661024803149601
21
-3.5788529527559056
0
LINE
8
BLACK
6
CONTINUOUS
10
10.0661024803149601
20
-3.5788529527559056
11
10.0661024803149601
21
-3.5780668110236218
0
LINE
8
BLACK
6
CONTINUOUS
10
10.0661024803149601
20
-3.5780668110236218
11
10.0653110236220478
21
-3.5766962992125984
0
LINE
8
BLACK
6
CONTINUOUS
10
10.0653110236220478
20
-3.5766962992125984
11
10.0639402755905518
21
-3.5759051968503934
0
LINE
8
BLACK
6
CONTINUOUS
10
10.0639402755905518
20
-3.5759051968503934
11
10.0631489370078739
21
-3.5759053543307084
0
LINE
8
BLACK
6
CONTINUOUS
10
10.0631489370078739
20
-3.5759053543307084
11
10.0631488582677164
21
-3.5759053149606297
0
LINE
8
BLACK
6
CONTINUOUS
10
10.0631488582677164
20
-3.5759053149606297
11
10.0631487401574802
21
-3.5759053543307084
0
LINE
8
BLACK
6
CONTINUOUS
10
10.0631487401574802
20
-3.5759053543307084
11
9.9371646850393702
21
-3.5759053543307084
0
LINE
8
BLACK
6
CONTINUOUS
10
9.9371646850393702
20
-3.5759053543307084
11
9.9371644881889765
21
-3.5759053543307084
0
LINE
8
BLACK
6
CONTINUOUS
10
9.9371644881889765
20
-3.5759053543307084
11
9.93716090551181
21
-3.5759046456692913
0
LINE
8
BLACK
6
CONTINUOUS
10
9.93716090551181
20
-3.5759046456692913
11
9.9363734251968499
21
-3.5759048031496063
0
LINE
8
BLACK
6
CONTINUOUS
10
10.6872033858267717
20
-3.4801966929133856
11
10.6872034645669292
21
-3.4801966929133856
0
LINE
8
BLACK
6
CONTINUOUS
10
10.6872034645669292
20
-3.4801966929133856
11
10.6872036614173229
21
-3.4801966929133856
0
LINE
8
BLACK
6
CONTINUOUS
10
10.6872036614173229
20
-3.4801966929133856
11
10.8131879133858266
21
-3.4801966929133856
0
LINE
8
BLACK
6
CONTINUOUS
10
10.8131879133858266
20
-3.4801966929133856
11
10.8134028346456699
21
-3.4802394094488189
0
LINE
8
BLACK
6
CONTINUOUS
10
10.8134028346456699
20
-3.4802394094488189
11
10.8150713385826762
21
-3.480570905511811
0
LINE
8
BLACK
6
CONTINUOUS
10
10.8150713385826762
20
-3.480570905511811
11
10.8166683858267714
21
-3.4816375984251966
0
LINE
8
BLACK
6
CONTINUOUS
10
10.8166683858267714
20
-3.4816375984251966
11
10.8177355905511803
21
-3.4832343307086613
0
LINE
8
BLACK
6
CONTINUOUS
10
10.8177355905511803
20
-3.4832343307086613
11
10.8181103937007865
21
-3.4851179133858268
0
LINE
8
BLACK
6
CONTINUOUS
10
10.8181103937007865
20
-3.4851179133858268
11
10.818109173228347
21
-3.4851179133858268
0
LINE
8
BLACK
6
CONTINUOUS
10
10.818109173228347
20
-3.4851179133858268
11
10.818109173228347
21
-3.4851179527559055
0
LINE
8
BLACK
6
CONTINUOUS
10
10.818109173228347
20
-3.4851179527559055
11
10.818109173228347
21
-3.5953541338582675
0
LINE
8
BLACK
6
CONTINUOUS
10
10.818109173228347
20
-3.5953541338582675
11
10.8177345669291345
21
-3.5972373622047242
0
LINE
8
BLACK
6
CONTINUOUS
10
10.8177345669291345
20
-3.5972373622047242
11
10.8166676771653538
21
-3.5988338188976376
0
LINE
8
BLACK
6
CONTINUOUS
10
10.8166676771653538
20
-3.5988338188976376
11
10.8150709842519674
21
-3.5999003543307087
0
LINE
8
BLACK
6
CONTINUOUS
10
10.8150709842519674
20
-3.5999003543307087
11
10.8135656299212588
21
-3.6001994094488188
0
LINE
8
BLACK
6
CONTINUOUS
10
10.8135656299212588
20
-3.6001994094488188
11
10.8135645669291343
21
-3.6002005118110234
0
LINE
8
BLACK
6
CONTINUOUS
10
10.8135645669291343
20
-3.6002005118110234
11
10.8131879133858266
21
-3.6002754330708662
0
LINE
8
BLACK
6
CONTINUOUS
10
10.8131879133858266
20
-3.6002754330708662
11
10.8131876377952754
21
-3.6002754330708662
0
LINE
8
BLACK
6
CONTINUOUS
10
10.8131876377952754
20
-3.6002754330708662
11
10.6872036614173229
21
-3.6002754330708662
0
LINE
8
BLACK
6
CONTINUOUS
10
10.6872036614173229
20
-3.6002754330708662
11
10.6872034645669292
21
-3.6002753937007874
0
LINE
8
BLACK
6
CONTINUOUS
10
10.6872034645669292
20
-3.6002753937007874
11
10.6872033858267717
21
-3.6002754330708662
0
LINE
8
BLACK
6
CONTINUOUS
10
10.6872033858267717
20
-3.6002754330708662
11
10.6869882677165347
21
-3.6002325590551179
0
LINE
8
BLACK
6
CONTINUOUS
10
10.6869882677165347
20
-3.6002325590551179
11
10.6868270078740153
21
-3.6002005118110234
0
LINE
8
BLACK
6
CONTINUOUS
10
10.6868270078740153
20
-3.6002005118110234
11
10.6868269291338578
21
-3.6002004330708659
0
LINE
8
BLACK
6
CONTINUOUS
10
10.6868269291338578
20
-3.6002004330708659
11
10.6853205511811016
21
-3.5999004330708662
0
LINE
8
BLACK
6
CONTINUOUS
10
10.6853205511811016
20
-3.5999004330708662
11
10.6837244488188983
21
-3.5988335433070864
0
LINE
8
BLACK
6
CONTINUOUS
10
10.6837244488188983
20
-3.5988335433070864
11
10.6826580314960626
21
-3.5972371259842517
0
LINE
8
BLACK
6
CONTINUOUS
10
10.6826580314960626
20
-3.5972371259842517
11
10.6823588188976384
21
-3.5957323228346456
0
LINE
8
BLACK
6
CONTINUOUS
10
10.6823588188976384
20
-3.5957323228346456
11
10.6823573228346458
21
-3.5957308267716535
0
LINE
8
BLACK
6
CONTINUOUS
10
10.6823573228346458
20
-3.5957308267716535
11
10.6822824015748026
21
-3.5953541732283463
0
LINE
8
BLACK
6
CONTINUOUS
10
10.6822824015748026
20
-3.5953541732283463
11
10.6822824015748026
21
-3.4851179527559055
0
LINE
8
BLACK
6
CONTINUOUS
10
10.6822824015748026
20
-3.4851179527559055
11
10.6823573228346458
21
-3.4847412992125983
0
LINE
8
BLACK
6
CONTINUOUS
10
10.6823573228346458
20
-3.4847412992125983
11
10.6826570078740151
21
-3.4832346062992126
0
LINE
8
BLACK
6
CONTINUOUS
10
10.6826570078740151
20
-3.4832346062992126
11
10.683723700787402
21
-3.4816379133858266
0
LINE
8
BLACK
6
CONTINUOUS
10
10.683723700787402
20
-3.4816379133858266
11
10.6853201574803141
21
-3.4805708267716535
0
LINE
8
BLACK
6
CONTINUOUS
10
10.6853201574803141
20
-3.4805708267716535
11
10.6872033858267717
21
-3.4801957874015748
0
LINE
8
BLACK
6
CONTINUOUS
10
10.6872033858267717
20
-3.4801957874015748
11
10.6872033858267717
21
-3.4801966929133856
0
LINE
8
BLACK
6
CONTINUOUS
10
10.6864125984251963
20
-3.4821644488188976
11
10.6850421259842516
21
-3.4829560236220471
0
LINE
8
BLACK
6
CONTINUOUS
10
10.6850421259842516
20
-3.4829560236220471
11
10.6842508661417313
21
-3.4843266535433068
0
LINE
8
BLACK
6
CONTINUOUS
10
10.6842508661417313
20
-3.4843266535433068
11
10.6842508661417313
21
-3.4851179133858268
0
LINE
8
BLACK
6
CONTINUOUS
10
10.6842508661417313
20
-3.4851179133858268
11
10.68425090551181
21
-3.4851179527559055
0
LINE
8
BLACK
6
CONTINUOUS
10
10.68425090551181
20
-3.4851179527559055
11
10.68425090551181
21
-3.5953541732283463
0
LINE
8
BLACK
6
CONTINUOUS
10
10.68425090551181
20
-3.5953541732283463
11
10.68425090551181
21
-3.595354212598425
0
LINE
8
BLACK
6
CONTINUOUS
10
10.68425090551181
20
-3.595354212598425
11
10.6842521259842513
21
-3.595354212598425
0
LINE
8
BLACK
6
CONTINUOUS
10
10.6842521259842513
20
-3.595354212598425
11
10.6842520472440938
21
-3.5961452362204724
0
LINE
8
BLACK
6
CONTINUOUS
10
10.6842520472440938
20
-3.5961452362204724
11
10.6850429133858267
21
-3.5975154724409446
0
LINE
8
BLACK
6
CONTINUOUS
10
10.6850429133858267
20
-3.5975154724409446
11
10.6864128740157476
21
-3.5983067716535433
0
LINE
8
BLACK
6
CONTINUOUS
10
10.6864128740157476
20
-3.5983067716535433
11
10.6872039370078742
21
-3.5983069291338583
0
LINE
8
BLACK
6
CONTINUOUS
10
10.6872039370078742
20
-3.5983069291338583
11
10.8131879133858266
21
-3.5983069291338583
0
LINE
8
BLACK
6
CONTINUOUS
10
10.8131879133858266
20
-3.5983069291338583
11
10.8131880708661416
21
-3.5983069291338583
0
LINE
8
BLACK
6
CONTINUOUS
10
10.8131880708661416
20
-3.5983069291338583
11
10.8131881889763779
21
-3.5983069291338583
0
LINE
8
BLACK
6
CONTINUOUS
10
10.8131881889763779
20
-3.5983069291338583
11
10.8131881889763779
21
-3.598306023622047
0
LINE
8
BLACK
6
CONTINUOUS
10
10.8131881889763779
20
-3.598306023622047
11
10.8139792519685045
21
-3.5983062204724408
0
LINE
8
BLACK
6
CONTINUOUS
10
10.8139792519685045
20
-3.5983062204724408
11
10.8153495275590554
21
-3.5975153937007871
0
LINE
8
BLACK
6
CONTINUOUS
10
10.8153495275590554
20
-3.5975153937007871
11
10.8161406692913378
21
-3.5961452755905512
0
LINE
8
BLACK
6
CONTINUOUS
10
10.8161406692913378
20
-3.5961452755905512
11
10.8161406692913378
21
-3.595354212598425
0
LINE
8
BLACK
6
CONTINUOUS
10
10.8161406692913378
20
-3.595354212598425
11
10.8161406692913378
21
-3.5953541732283463
0
LINE
8
BLACK
6
CONTINUOUS
10
10.8161406692913378
20
-3.5953541732283463
11
10.8161406692913378
21
-3.4851179527559055
0
LINE
8
BLACK
6
CONTINUOUS
10
10.8161406692913378
20
-3.4851179527559055
11
10.8161418503937004
21
-3.4851118110236219
0
LINE
8
BLACK
6
CONTINUOUS
10
10.8161418503937004
20
-3.4851118110236219
11
10.8161418503937004
21
-3.4843266535433068
0
LINE
8
BLACK
6
CONTINUOUS
10
10.8161418503937004
20
-3.4843266535433068
11
10.8153503149606305
21
-3.4829561023622047
0
LINE
8
BLACK
6
CONTINUOUS
10
10.8153503149606305
20
-3.4829561023622047
11
10.813979527559054
21
-3.4821649999999997
0
LINE
8
BLACK
6
CONTINUOUS
10
10.813979527559054
20
-3.4821649999999997
11
10.8131881889763779
21
-3.4821651968503935
0
LINE
8
BLACK
6
CONTINUOUS
10
10.8131881889763779
20
-3.4821651968503935
11
10.8131880708661416
21
-3.4821651574803147
0
LINE
8
BLACK
6
CONTINUOUS
10
10.8131880708661416
20
-3.4821651574803147
11
10.8131879133858266
21
-3.4821651968503935
0
LINE
8
BLACK
6
CONTINUOUS
10
10.8131879133858266
20
-3.4821651968503935
11
10.6872039370078742
21
-3.4821651968503935
0
LINE
8
BLACK
6
CONTINUOUS
10
10.6872039370078742
20
-3.4821651968503935
11
10.6872036614173229
21
-3.4821651968503935
0
LINE
8
BLACK
6
CONTINUOUS
10
10.6872036614173229
20
-3.4821651968503935
11
10.6871990944881894
21
-3.4821642913385826
0
LINE
8
BLACK
6
CONTINUOUS
10
10.6871990944881894
20
-3.4821642913385826
11
10.6864125984251963
21
-3.4821644488188976
0
LINE
8
BLACK
6
CONTINUOUS
10
8.4371253937007875
20
-3.2929920866141731
11
8.4371254330708663
21
-3.2929920866141731
0
LINE
8
BLACK
6
CONTINUOUS
10
8.4371254330708663
20
-3.2929920866141731
11
8.4371255118110238
21
-3.2929920866141731
0
LINE
8
BLACK
6
CONTINUOUS
10
8.4371255118110238
20
-3.2929920866141731
11
8.5631097637795275
21
-3.2929920866141731
0
LINE
8
BLACK
6
CONTINUOUS
10
8.5631097637795275
20
-3.2929920866141731
11
8.5633346456692916
21
-3.2930368110236219
0
LINE
8
BLACK
6
CONTINUOUS
10
8.5633346456692916
20
-3.2930368110236219
11
8.5649931102362196
21
-3.293366535433071
0
LINE
8
BLACK
6
CONTINUOUS
10
8.5649931102362196
20
-3.293366535433071
11
8.5665898818897634
21
-3.2944332677165353
0
LINE
8
BLACK
6
CONTINUOUS
10
8.5665898818897634
20
-3.2944332677165353
11
8.5676568503936998
21
-3.2960299212598425
0
LINE
8
BLACK
6
CONTINUOUS
10
8.5676568503936998
20
-3.2960299212598425
11
8.5680315354330698
21
-3.297913346456693
0
LINE
8
BLACK
6
CONTINUOUS
10
8.5680315354330698
20
-3.297913346456693
11
8.5680310236220478
21
-3.297913346456693
0
LINE
8
BLACK
6
CONTINUOUS
10
8.5680310236220478
20
-3.297913346456693
11
8.5680310236220478
21
-3.4081495669291337
0
LINE
8
BLACK
6
CONTINUOUS
10
8.5680310236220478
20
-3.4081495669291337
11
8.5676564173228353
21
-3.4100327952755904
0
LINE
8
BLACK
6
CONTINUOUS
10
8.5676564173228353
20
-3.4100327952755904
11
8.5665895669291334
21
-3.4116293307086614
0
LINE
8
BLACK
6
CONTINUOUS
10
8.5665895669291334
20
-3.4116293307086614
11
8.5649929527559046
21
-3.4126959842519686
0
LINE
8
BLACK
6
CONTINUOUS
10
8.5649929527559046
20
-3.4126959842519686
11
8.5634869291338589
21
-3.4129953543307088
0
LINE
8
BLACK
6
CONTINUOUS
10
8.5634869291338589
20
-3.4129953543307088
11
8.5634864173228351
21
-3.4129959055118109
0
LINE
8
BLACK
6
CONTINUOUS
10
8.5634864173228351
20
-3.4129959055118109
11
8.5631097637795275
21
-3.4130708267716536
0
LINE
8
BLACK
6
CONTINUOUS
10
8.5631097637795275
20
-3.4130708267716536
11
8.5631096456692912
21
-3.4130708267716536
0
LINE
8
BLACK
6
CONTINUOUS
10
8.5631096456692912
20
-3.4130708267716536
11
8.4371255118110238
21
-3.4130708267716536
0
LINE
8
BLACK
6
CONTINUOUS
10
8.4371255118110238
20
-3.4130708267716536
11
8.4371254330708663
21
-3.4130707874015749
0
LINE
8
BLACK
6
CONTINUOUS
10
8.4371254330708663
20
-3.4130707874015749
11
8.4371253937007875
21
-3.4130708267716536
0
LINE
8
BLACK
6
CONTINUOUS
10
8.4371253937007875
20
-3.4130708267716536
11
8.4368910629921263
21
-3.4130241732283464
0
LINE
8
BLACK
6
CONTINUOUS
10
8.4368910629921263
20
-3.4130241732283464
11
8.4367488582677161
21
-3.4129959055118109
0
LINE
8
BLACK
6
CONTINUOUS
10
8.4367488582677161
20
-3.4129959055118109
11
8.4367488188976374
21
-3.4129958661417321
0
LINE
8
BLACK
6
CONTINUOUS
10
8.4367488188976374
20
-3.4129958661417321
11
8.4352422834645662
21
-3.4126960629921257
0
LINE
8
BLACK
6
CONTINUOUS
10
8.4352422834645662
20
-3.4126960629921257
11
8.4336459448818903
21
-3.4116292125984251
0
LINE
8
BLACK
6
CONTINUOUS
10
8.4336459448818903
20
-3.4116292125984251
11
8.4325792913385822
21
-3.4100327165354329
0
LINE
8
BLACK
6
CONTINUOUS
10
8.4325792913385822
20
-3.4100327165354329
11
8.4322797637795279
21
-3.4085268110236218
0
LINE
8
BLACK
6
CONTINUOUS
10
8.4322797637795279
20
-3.4085268110236218
11
8.4322791732283466
21
-3.4085262204724409
0
LINE
8
BLACK
6
CONTINUOUS
10
8.4322791732283466
20
-3.4085262204724409
11
8.4322042519685034
21
-3.4081495669291337
0
LINE
8
BLACK
6
CONTINUOUS
10
8.4322042519685034
20
-3.4081495669291337
11
8.4322042519685034
21
-3.297913346456693
0
LINE
8
BLACK
6
CONTINUOUS
10
8.4322042519685034
20
-3.297913346456693
11
8.4322791732283466
21
-3.2975366929133858
0
LINE
8
BLACK
6
CONTINUOUS
10
8.4322791732283466
20
-3.2975366929133858
11
8.4325788582677159
21
-3.2960300393700788
0
LINE
8
BLACK
6
CONTINUOUS
10
8.4325788582677159
20
-3.2960300393700788
11
8.4336455905511816
21
-3.2944333858267716
0
LINE
8
BLACK
6
CONTINUOUS
10
8.4336455905511816
20
-3.2944333858267716
11
8.4352421259842512
21
-3.2933664566929135
0
LINE
8
BLACK
6
CONTINUOUS
10
8.4352421259842512
20
-3.2933664566929135
11
8.4371253937007875
21
-3.2929916535433068
0
LINE
8
BLACK
6
CONTINUOUS
10
8.4371253937007875
20
-3.2929916535433068
11
8.4371253937007875
21
-3.2929920866141731
0
LINE
8
BLACK
6
CONTINUOUS
10
8.4363343700787397
20
-3.2949602362204722
11
8.4349639370078737
21
-3.2957516141732284
0
LINE
8
BLACK
6
CONTINUOUS
10
8.4349639370078737
20
-3.2957516141732284
11
8.4341727559055109
21
-3.2971221259842518
0
LINE
8
BLACK
6
CONTINUOUS
10
8.4341727559055109
20
-3.2971221259842518
11
8.4341727559055109
21
-3.297913346456693
0
LINE
8
BLACK
6
CONTINUOUS
10
8.4341727559055109
20
-3.297913346456693
11
8.4341727559055109
21
-3.4081495669291337
0
LINE
8
BLACK
6
CONTINUOUS
10
8.4341727559055109
20
-3.4081495669291337
11
8.4341732677165346
21
-3.4081495669291337
0
LINE
8
BLACK
6
CONTINUOUS
10
8.4341732677165346
20
-3.4081495669291337
11
8.4341732283464559
21
-3.4089407086614174
0
LINE
8
BLACK
6
CONTINUOUS
10
8.4341732283464559
20
-3.4089407086614174
11
8.4349642913385825
21
-3.4103110236220471
0
LINE
8
BLACK
6
CONTINUOUS
10
8.4349642913385825
20
-3.4103110236220471
11
8.4363344881889759
21
-3.4111022440944883
0
LINE
8
BLACK
6
CONTINUOUS
10
8.4363344881889759
20
-3.4111022440944883
11
8.43712562992126
21
-3.4111023228346458
0
LINE
8
BLACK
6
CONTINUOUS
10
8.43712562992126
20
-3.4111023228346458
11
8.5631097637795275
21
-3.4111023228346458
0
LINE
8
BLACK
6
CONTINUOUS
10
8.5631097637795275
20
-3.4111023228346458
11
8.5631098031496062
21
-3.4111023228346458
0
LINE
8
BLACK
6
CONTINUOUS
10
8.5631098031496062
20
-3.4111023228346458
11
8.5631098818897637
21
-3.4111023228346458
0
LINE
8
BLACK
6
CONTINUOUS
10
8.5631098818897637
20
-3.4111023228346458
11
8.5631098818897637
21
-3.4111018897637795
0
LINE
8
BLACK
6
CONTINUOUS
10
8.5631098818897637
20
-3.4111018897637795
11
8.5639010236220479
21
-3.411101968503937
0
LINE
8
BLACK
6
CONTINUOUS
10
8.5639010236220479
20
-3.411101968503937
11
8.5652713385826775
21
-3.4103109448818896
0
LINE
8
BLACK
6
CONTINUOUS
10
8.5652713385826775
20
-3.4103109448818896
11
8.5660624803149599
21
-3.4089407086614174
0
LINE
8
BLACK
6
CONTINUOUS
10
8.5660624803149599
20
-3.4089407086614174
11
8.5660625196850386
21
-3.4081495669291337
0
LINE
8
BLACK
6
CONTINUOUS
10
8.5660625196850386
20
-3.4081495669291337
11
8.5660625196850386
21
-3.297913346456693
0
LINE
8
BLACK
6
CONTINUOUS
10
8.5660625196850386
20
-3.297913346456693
11
8.5660630314960624
21
-3.2979107480314962
0
LINE
8
BLACK
6
CONTINUOUS
10
8.5660630314960624
20
-3.2979107480314962
11
8.5660630314960624
21
-3.2971220866141731
0
LINE
8
BLACK
6
CONTINUOUS
10
8.5660630314960624
20
-3.2971220866141731
11
8.5652716929133863
21
-3.2957516535433071
0
LINE
8
BLACK
6
CONTINUOUS
10
8.5652716929133863
20
-3.2957516535433071
11
8.5639011417322841
21
-3.2949605118110235
0
LINE
8
BLACK
6
CONTINUOUS
10
8.5639011417322841
20
-3.2949605118110235
11
8.5631098818897637
21
-3.294960590551181
0
LINE
8
BLACK
6
CONTINUOUS
10
8.5631098818897637
20
-3.294960590551181
11
8.5631098031496062
21
-3.2949605511811022
0
LINE
8
BLACK
6
CONTINUOUS
10
8.5631098031496062
20
-3.2949605511811022
11
8.5631097637795275
21
-3.294960590551181
0
LINE
8
BLACK
6
CONTINUOUS
10
8.5631097637795275
20
-3.294960590551181
11
8.43712562992126
21
-3.294960590551181
0
LINE
8
BLACK
6
CONTINUOUS
10
8.43712562992126
20
-3.294960590551181
11
8.4371255118110238
21
-3.294960590551181
0
LINE
8
BLACK
6
CONTINUOUS
10
8.4371255118110238
20
-3.294960590551181
11
8.4371233070866136
21
-3.2949601574803147
0
LINE
8
BLACK
6
CONTINUOUS
10
8.4371233070866136
20
-3.2949601574803147
11
8.4363343700787397
21
-3.2949602362204722
0
LINE
8
BLACK
6
CONTINUOUS
10
12.6603095669291328
20
-3.1405363779527558
11
12.6605975590551179
21
-3.1406428740157479
0
LINE
8
BLACK
6
CONTINUOUS
10
12.6605975590551179
20
-3.1406428740157479
11
12.6608933464566924
21
-3.1407262598425194
0
LINE
8
BLACK
6
CONTINUOUS
10
12.6608933464566924
20
-3.1407262598425194
11
12.692743622047244
21
-3.1569466929133858
0
LINE
8
BLACK
6
CONTINUOUS
10
12.692743622047244
20
-3.1569466929133858
11
12.6929857874015752
21
-3.1571375196850391
0
LINE
8
BLACK
6
CONTINUOUS
10
12.6929857874015752
20
-3.1571375196850391
11
12.6932422440944883
21
-3.1573088976377952
0
LINE
8
BLACK
6
CONTINUOUS
10
12.6932422440944883
20
-3.1573088976377952
11
12.7185571653543299
21
-3.1826237007874014
0
LINE
8
BLACK
6
CONTINUOUS
10
12.7185571653543299
20
-3.1826237007874014
11
12.7187281889763781
21
-3.1828796850393699
0
LINE
8
BLACK
6
CONTINUOUS
10
12.7187281889763781
20
-3.1828796850393699
11
12.7189189370078743
21
-3.1831214960629919
0
LINE
8
BLACK
6
CONTINUOUS
10
12.7189189370078743
20
-3.1831214960629919
11
12.7351787795275584
21
-3.2150111811023621
0
LINE
8
BLACK
6
CONTINUOUS
10
12.7351787795275584
20
-3.2150111811023621
11
12.7352625984251961
21
-3.2153081102362204
0
LINE
8
BLACK
6
CONTINUOUS
10
12.7352625984251961
20
-3.2153081102362204
11
12.7353693700787396
21
-3.215597559055118
0
LINE
8
BLACK
6
CONTINUOUS
10
12.7353693700787396
20
-3.215597559055118
11
12.7409599606299206
21
-3.2509126377952757
0
LINE
8
BLACK
6
CONTINUOUS
10
12.7409599606299206
20
-3.2509126377952757
11
12.7409478346456684
21
-3.2512203543307088
0
LINE
8
BLACK
6
CONTINUOUS
10
12.7409478346456684
20
-3.2512203543307088
11
12.7409599999999994
21
-3.2515279133858268
0
LINE
8
BLACK
6
CONTINUOUS
10
12.7409599999999994
20
-3.2515279133858268
11
12.7353694094488183
21
-3.2868820472440943
0
LINE
8
BLACK
6
CONTINUOUS
10
12.7353694094488183
20
-3.2868820472440943
11
12.7352626377952749
21
-3.2871716141732281
0
LINE
8
BLACK
6
CONTINUOUS
10
12.7352626377952749
20
-3.2871716141732281
11
12.7351787795275584
21
-3.2874687401574803
0
LINE
8
BLACK
6
CONTINUOUS
10
12.7351787795275584
20
-3.2874687401574803
11
12.7189189370078743
21
-3.3193587007874017
0
LINE
8
BLACK
6
CONTINUOUS
10
12.7189189370078743
20
-3.3193587007874017
11
12.7187282283464569
21
-3.3196004330708662
0
LINE
8
BLACK
6
CONTINUOUS
10
12.7187282283464569
20
-3.3196004330708662
11
12.7185571653543299
21
-3.3198564960629922
0
LINE
8
BLACK
6
CONTINUOUS
10
12.7185571653543299
20
-3.3198564960629922
11
12.6932422440944883
21
-3.3451713385826771
0
LINE
8
BLACK
6
CONTINUOUS
10
12.6932422440944883
20
-3.3451713385826771
11
12.6929860629921265
21
-3.3453424803149607
0
LINE
8
BLACK
6
CONTINUOUS
10
12.6929860629921265
20
-3.3453424803149607
11
12.6927436614173228
21
-3.3455335433070865
0
LINE
8
BLACK
6
CONTINUOUS
10
12.6927436614173228
20
-3.3455335433070865
11
12.6608933464566924
21
-3.3617541338582675
0
LINE
8
BLACK
6
CONTINUOUS
10
12.6608933464566924
20
-3.3617541338582675
11
12.6605966141732278
21
-3.3618377559055119
0
LINE
8
BLACK
6
CONTINUOUS
10
12.6605966141732278
20
-3.3618377559055119
11
12.6603074803149607
21
-3.3619443307086612
0
LINE
8
BLACK
6
CONTINUOUS
10
12.6603074803149607
20
-3.3619443307086612
11
12.6249531496062986
21
-3.3675348031496064
0
LINE
8
BLACK
6
CONTINUOUS
10
12.6249531496062986
20
-3.3675348031496064
11
12.6246457086614168
21
-3.3675226377952754
0
LINE
8
BLACK
6
CONTINUOUS
10
12.6246457086614168
20
-3.3675226377952754
11
12.624338267716535
21
-3.3675348031496064
0
LINE
8
BLACK
6
CONTINUOUS
10
12.624338267716535
20
-3.3675348031496064
11
12.5889838188976366
21
-3.3619443307086612
0
LINE
8
BLACK
6
CONTINUOUS
10
12.5889838188976366
20
-3.3619443307086612
11
12.5886950393700783
21
-3.3618378740157477
0
LINE
8
BLACK
6
CONTINUOUS
10
12.5886950393700783
20
-3.3618378740157477
11
12.5883987795275587
21
-3.3617545669291338
0
LINE
8
BLACK
6
CONTINUOUS
10
12.5883987795275587
20
-3.3617545669291338
11
12.5565091732283456
21
-3.3455339763779528
0
LINE
8
BLACK
6
CONTINUOUS
10
12.5565091732283456
20
-3.3455339763779528
11
12.5562659448818899
21
-3.3453425196850395
0
LINE
8
BLACK
6
CONTINUOUS
10
12.5562659448818899
20
-3.3453425196850395
11
12.5560085826771655
21
-3.3451702755905512
0
LINE
8
BLACK
6
CONTINUOUS
10
12.5560085826771655
20
-3.3451702755905512
11
12.5307329133858261
21
-3.3198553937007875
0
LINE
8
BLACK
6
CONTINUOUS
10
12.5307329133858261
20
-3.3198553937007875
11
12.5305623228346459
21
-3.3195996456692911
0
LINE
8
BLACK
6
CONTINUOUS
10
12.5305623228346459
20
-3.3195996456692911
11
12.5303722440944885
21
-3.3193586614173229
0
LINE
8
BLACK
6
CONTINUOUS
10
12.5303722440944885
20
-3.3193586614173229
11
12.5141124409448814
21
-3.2874687401574803
0
LINE
8
BLACK
6
CONTINUOUS
10
12.5141124409448814
20
-3.2874687401574803
11
12.5140285039370074
21
-3.2871714960629919
0
LINE
8
BLACK
6
CONTINUOUS
10
12.5140285039370074
20
-3.2871714960629919
11
12.5139218110236214
21
-3.2868820078740155
0
LINE
8
BLACK
6
CONTINUOUS
10
12.5139218110236214
20
-3.2868820078740155
11
12.5083311811023616
21
-3.2515279133858268
0
LINE
8
BLACK
6
CONTINUOUS
10
12.5083311811023616
20
-3.2515279133858268
11
12.5083433070866139
21
-3.2512203543307088
0
LINE
8
BLACK
6
CONTINUOUS
10
12.5083433070866139
20
-3.2512203543307088
11
12.5083312204724404
21
-3.2509126377952757
0
LINE
8
BLACK
6
CONTINUOUS
10
12.5083312204724404
20
-3.2509126377952757
11
12.5139218503937002
21
-3.215597559055118
0
LINE
8
BLACK
6
CONTINUOUS
10
12.5139218503937002
20
-3.215597559055118
11
12.5140285433070861
21
-3.2153081889763779
0
LINE
8
BLACK
6
CONTINUOUS
10
12.5140285433070861
20
-3.2153081889763779
11
12.5141124409448814
21
-3.2150111811023621
0
LINE
8
BLACK
6
CONTINUOUS
10
12.5141124409448814
20
-3.2150111811023621
11
12.5303722440944885
21
-3.1831214960629919
0
LINE
8
BLACK
6
CONTINUOUS
10
12.5303722440944885
20
-3.1831214960629919
11
12.5305623228346459
21
-3.182880472440945
0
LINE
8
BLACK
6
CONTINUOUS
10
12.5305623228346459
20
-3.182880472440945
11
12.5307329133858261
21
-3.1826248031496061
0
LINE
8
BLACK
6
CONTINUOUS
10
12.5307329133858261
20
-3.1826248031496061
11
12.5560085826771655
21
-3.1573099606299211
0
LINE
8
BLACK
6
CONTINUOUS
10
12.5560085826771655
20
-3.1573099606299211
11
12.5562660629921261
21
-3.1571375984251966
0
LINE
8
BLACK
6
CONTINUOUS
10
12.5562660629921261
20
-3.1571375984251966
11
12.5565091732283456
21
-3.1569462598425195
0
LINE
8
BLACK
6
CONTINUOUS
10
12.5565091732283456
20
-3.1569462598425195
11
12.5883987795275587
21
-3.1407258267716536
0
LINE
8
BLACK
6
CONTINUOUS
10
12.5883987795275587
20
-3.1407258267716536
11
12.5886939370078732
21
-3.1406427952755904
0
LINE
8
BLACK
6
CONTINUOUS
10
12.5886939370078732
20
-3.1406427952755904
11
12.5889816929133858
21
-3.1405363779527558
0
LINE
8
BLACK
6
CONTINUOUS
10
12.5889816929133858
20
-3.1405363779527558
11
12.6243361417322824
21
-3.1349063779527557
0
LINE
8
BLACK
6
CONTINUOUS
10
12.6243361417322824
20
-3.1349063779527557
11
12.6246457086614168
21
-3.1349182677165355
0
LINE
8
BLACK
6
CONTINUOUS
10
12.6246457086614168
20
-3.1349182677165355
11
12.6249552755905512
21
-3.1349063779527557
0
LINE
8
BLACK
6
CONTINUOUS
10
12.6249552755905512
20
-3.1349063779527557
11
12.6603095669291328
21
-3.1405363779527558
0
LINE
8
BLACK
6
CONTINUOUS
10
12.5899071259842525
20
-3.1443756299212597
11
12.5585733464566918
21
-3.1603133070866143
0
LINE
8
BLACK
6
CONTINUOUS
10
12.5585733464566918
20
-3.1603133070866143
11
12.5337384645669285
21
-3.1851866535433069
0
LINE
8
BLACK
6
CONTINUOUS
10
12.5337384645669285
20
-3.1851866535433069
11
12.517761614173228
21
-3.2165214173228347
0
LINE
8
BLACK
6
CONTINUOUS
10
12.517761614173228
20
-3.2165214173228347
11
12.5122684645669295
21
-3.2512206299212596
0
LINE
8
BLACK
6
CONTINUOUS
10
12.5122684645669295
20
-3.2512206299212596
11
12.5177616535433067
21
-3.2859585826771651
0
LINE
8
BLACK
6
CONTINUOUS
10
12.5177616535433067
20
-3.2859585826771651
11
12.5337384645669285
21
-3.3172935039370079
0
LINE
8
BLACK
6
CONTINUOUS
10
12.5337384645669285
20
-3.3172935039370079
11
12.5585732677165343
21
-3.3421668503937005
0
LINE
8
BLACK
6
CONTINUOUS
10
12.5585732677165343
20
-3.3421668503937005
11
12.5899062204724412
21
-3.3581042913385826
0
LINE
8
BLACK
6
CONTINUOUS
10
12.5899062204724412
20
-3.3581042913385826
11
12.6246457086614168
21
-3.3635975196850394
0
LINE
8
BLACK
6
CONTINUOUS
10
12.6246457086614168
20
-3.3635975196850394
11
12.6593844488188978
21
-3.3581043700787401
0
LINE
8
BLACK
6
CONTINUOUS
10
12.6593844488188978
20
-3.3581043700787401
11
12.6906790551181103
21
-3.342166771653543
0
LINE
8
BLACK
6
CONTINUOUS
10
12.6906790551181103
20
-3.342166771653543
11
12.7155529921259838
21
-3.3172928740157479
0
LINE
8
BLACK
6
CONTINUOUS
10
12.7155529921259838
20
-3.3172928740157479
11
12.7315295275590543
21
-3.2859585826771651
0
LINE
8
BLACK
6
CONTINUOUS
10
12.7315295275590543
20
-3.2859585826771651
11
12.7370226771653545
21
-3.2512206299212596
0
LINE
8
BLACK
6
CONTINUOUS
10
12.7370226771653545
20
-3.2512206299212596
11
12.7315295669291331
21
-3.2165214173228347
0
LINE
8
BLACK
6
CONTINUOUS
10
12.7315295669291331
20
-3.2165214173228347
11
12.7155530314960625
21
-3.1851873622047244
0
LINE
8
BLACK
6
CONTINUOUS
10
12.7155530314960625
20
-3.1851873622047244
11
12.6906790551181103
21
-3.1603134251968501
0
LINE
8
BLACK
6
CONTINUOUS
10
12.6906790551181103
20
-3.1603134251968501
11
12.6593835039370077
21
-3.1443755118110235
0
LINE
8
BLACK
6
CONTINUOUS
10
12.6593835039370077
20
-3.1443755118110235
11
12.624645669291338
21
-3.1388437007874015
0
LINE
8
BLACK
6
CONTINUOUS
10
12.624645669291338
20
-3.1388437007874015
11
12.5899071259842525
21
-3.1443756299212597
0
LINE
8
BLACK
6
CONTINUOUS
10
12.1872033464566929
20
-3.0114959448818897
11
12.1872034251968504
21
-3.0114959448818897
0
LINE
8
BLACK
6
CONTINUOUS
10
12.1872034251968504
20
-3.0114959448818897
11
12.1872036220472442
21
-3.0114959448818897
0
LINE
8
BLACK
6
CONTINUOUS
10
12.1872036220472442
20
-3.0114959448818897
11
12.3131878740157479
21
-3.0114959448818897
0
LINE
8
BLACK
6
CONTINUOUS
10
12.3131878740157479
20
-3.0114959448818897
11
12.3134027952755911
21
-3.011538661417323
0
LINE
8
BLACK
6
CONTINUOUS
10
12.3134027952755911
20
-3.011538661417323
11
12.3150712992125975
21
-3.0118701574803151
0
LINE
8
BLACK
6
CONTINUOUS
10
12.3150712992125975
20
-3.0118701574803151
11
12.3166683858267714
21
-3.0129368503937006
0
LINE
8
BLACK
6
CONTINUOUS
10
12.3166683858267714
20
-3.0129368503937006
11
12.3177355511811015
21
-3.0145335826771653
0
LINE
8
BLACK
6
CONTINUOUS
10
12.3177355511811015
20
-3.0145335826771653
11
12.3181103543307078
21
-3.0164171653543308
0
LINE
8
BLACK
6
CONTINUOUS
10
12.3181103543307078
20
-3.0164171653543308
11
12.3181091338582682
21
-3.0164171653543308
0
LINE
8
BLACK
6
CONTINUOUS
10
12.3181091338582682
20
-3.0164171653543308
11
12.3181091338582682
21
-3.0164172047244096
0
LINE
8
BLACK
6
CONTINUOUS
10
12.3181091338582682
20
-3.0164172047244096
11
12.3181091338582682
21
-3.1266533858267715
0
LINE
8
BLACK
6
CONTINUOUS
10
12.3181091338582682
20
-3.1266533858267715
11
12.317734527559054
21
-3.1285366141732283
0
LINE
8
BLACK
6
CONTINUOUS
10
12.317734527559054
20
-3.1285366141732283
11
12.3166676377952751
21
-3.1301330708661417
0
LINE
8
BLACK
6
CONTINUOUS
10
12.3166676377952751
20
-3.1301330708661417
11
12.3150709055118099
21
-3.1311995669291339
0
LINE
8
BLACK
6
CONTINUOUS
10
12.3150709055118099
20
-3.1311995669291339
11
12.3135656692913376
21
-3.1314985826771653
0
LINE
8
BLACK
6
CONTINUOUS
10
12.3135656692913376
20
-3.1314985826771653
11
12.3135645275590555
21
-3.1314997637795274
0
LINE
8
BLACK
6
CONTINUOUS
10
12.3135645275590555
20
-3.1314997637795274
11
12.3131878740157479
21
-3.1315746850393702
0
LINE
8
BLACK
6
CONTINUOUS
10
12.3131878740157479
20
-3.1315746850393702
11
12.3131875984251966
21
-3.1315746850393702
0
LINE
8
BLACK
6
CONTINUOUS
10
12.3131875984251966
20
-3.1315746850393702
11
12.1872036220472442
21
-3.1315746850393702
0
LINE
8
BLACK
6
CONTINUOUS
10
12.1872036220472442
20
-3.1315746850393702
11
12.1872034251968504
21
-3.1315746456692914
0
LINE
8
BLACK
6
CONTINUOUS
10
12.1872034251968504
20
-3.1315746456692914
11
12.1872033464566929
21
-3.1315746850393702
0
LINE
8
BLACK
6
CONTINUOUS
10
12.1872033464566929
20
-3.1315746850393702
11
12.1869882283464559
21
-3.1315318110236219
0
LINE
8
BLACK
6
CONTINUOUS
10
12.1869882283464559
20
-3.1315318110236219
11
12.1868269685039365
21
-3.1314997637795274
0
LINE
8
BLACK
6
CONTINUOUS
10
12.1868269685039365
20
-3.1314997637795274
11
12.186826889763779
21
-3.1314996850393699
0
LINE
8
BLACK
6
CONTINUOUS
10
12.186826889763779
20
-3.1314996850393699
11
12.1853205118110228
21
-3.1311996850393702
0
LINE
8
BLACK
6
CONTINUOUS
10
12.1853205118110228
20
-3.1311996850393702
11
12.1837244094488177
21
-3.1301327952755904
0
LINE
8
BLACK
6
CONTINUOUS
10
12.1837244094488177
20
-3.1301327952755904
11
12.1826579921259839
21
-3.1285363779527557
0
LINE
8
BLACK
6
CONTINUOUS
10
12.1826579921259839
20
-3.1285363779527557
11
12.1823587795275596
21
-3.1270315748031496
0
LINE
8
BLACK
6
CONTINUOUS
10
12.1823587795275596
20
-3.1270315748031496
11
12.182357283464567
21
-3.1270300787401575
0
LINE
8
BLACK
6
CONTINUOUS
10
12.182357283464567
20
-3.1270300787401575
11
12.1822823622047238
21
-3.1266534251968503
0
LINE
8
BLACK
6
CONTINUOUS
10
12.1822823622047238
20
-3.1266534251968503
11
12.1822823622047238
21
-3.0164172047244096
0
LINE
8
BLACK
6
CONTINUOUS
10
12.1822823622047238
20
-3.0164172047244096
11
12.182357283464567
21
-3.0160405511811024
0
LINE
8
BLACK
6
CONTINUOUS
10
12.182357283464567
20
-3.0160405511811024
11
12.1826569685039363
21
-3.0145338188976378
0
LINE
8
BLACK
6
CONTINUOUS
10
12.1826569685039363
20
-3.0145338188976378
11
12.1837236614173232
21
-3.0129371259842519
0
LINE
8
BLACK
6
CONTINUOUS
10
12.1837236614173232
20
-3.0129371259842519
11
12.1853200787401565
21
-3.0118700393700788
0
LINE
8
BLACK
6
CONTINUOUS
10
12.1853200787401565
20
-3.0118700393700788
11
12.1872033464566929
21
-3.0114949606299213
0
LINE
8
BLACK
6
CONTINUOUS
10
12.1872033464566929
20
-3.0114949606299213
11
12.1872033464566929
21
-3.0114959448818897
0
LINE
8
BLACK
6
CONTINUOUS
10
12.1864125590551176
20
-3.0134636220472442
11
12.1850420866141729
21
-3.0142551968503937
0
LINE
8
BLACK
6
CONTINUOUS
10
12.1850420866141729
20
-3.0142551968503937
11
12.1842508267716525
21
-3.0156259055118109
0
LINE
8
BLACK
6
CONTINUOUS
10
12.1842508267716525
20
-3.0156259055118109
11
12.1842508267716525
21
-3.0164171653543308
0
LINE
8
BLACK
6
CONTINUOUS
10
12.1842508267716525
20
-3.0164171653543308
11
12.1842508661417313
21
-3.0164172047244096
0
LINE
8
BLACK
6
CONTINUOUS
10
12.1842508661417313
20
-3.0164172047244096
11
12.1842508661417313
21
-3.1266534251968503
0
LINE
8
BLACK
6
CONTINUOUS
10
12.1842508661417313
20
-3.1266534251968503
11
12.1842508661417313
21
-3.1266534645669291
0
LINE
8
BLACK
6
CONTINUOUS
10
12.1842508661417313
20
-3.1266534645669291
11
12.1842520866141726
21
-3.1266534645669291
0
LINE
8
BLACK
6
CONTINUOUS
10
12.1842520866141726
20
-3.1266534645669291
11
12.1842520078740151
21
-3.1274444881889765
0
LINE
8
BLACK
6
CONTINUOUS
10
12.1842520078740151
20
-3.1274444881889765
11
12.1850429133858267
21
-3.1288146850393699
0
LINE
8
BLACK
6
CONTINUOUS
10
12.1850429133858267
20
-3.1288146850393699
11
12.1864128740157476
21
-3.1296060236220473
0
LINE
8
BLACK
6
CONTINUOUS
10
12.1864128740157476
20
-3.1296060236220473
11
12.1872038976377954
21
-3.1296061811023623
0
LINE
8
BLACK
6
CONTINUOUS
10
12.1872038976377954
20
-3.1296061811023623
11
12.3131878740157479
21
-3.1296061811023623
0
LINE
8
BLACK
6
CONTINUOUS
10
12.3131878740157479
20
-3.1296061811023623
11
12.3131880314960629
21
-3.1296061811023623
0
LINE
8
BLACK
6
CONTINUOUS
10
12.3131880314960629
20
-3.1296061811023623
11
12.3131881496062991
21
-3.1296061811023623
0
LINE
8
BLACK
6
CONTINUOUS
10
12.3131881496062991
20
-3.1296061811023623
11
12.3131881496062991
21
-3.1296051968503935
0
LINE
8
BLACK
6
CONTINUOUS
10
12.3131881496062991
20
-3.1296051968503935
11
12.3139792125984258
21
-3.1296053937007873
0
LINE
8
BLACK
6
CONTINUOUS
10
12.3139792125984258
20
-3.1296053937007873
11
12.3153494881889767
21
-3.1288145669291336
0
LINE
8
BLACK
6
CONTINUOUS
10
12.3153494881889767
20
-3.1288145669291336
11
12.316140629921259
21
-3.1274444881889765
0
LINE
8
BLACK
6
CONTINUOUS
10
12.316140629921259
20
-3.1274444881889765
11
12.316140629921259
21
-3.1266534645669291
0
LINE
8
BLACK
6
CONTINUOUS
10
12.316140629921259
20
-3.1266534645669291
11
12.316140629921259
21
-3.1266534251968503
0
LINE
8
BLACK
6
CONTINUOUS
10
12.316140629921259
20
-3.1266534251968503
11
12.316140629921259
21
-3.0164172047244096
0
LINE
8
BLACK
6
CONTINUOUS
10
12.316140629921259
20
-3.0164172047244096
11
12.3161418110236216
21
-3.0164110629921259
0
LINE
8
BLACK
6
CONTINUOUS
10
12.3161418110236216
20
-3.0164110629921259
11
12.3161418110236216
21
-3.0156259055118109
0
LINE
8
BLACK
6
CONTINUOUS
10
12.3161418110236216
20
-3.0156259055118109
11
12.3153503149606305
21
-3.0142553149606299
0
LINE
8
BLACK
6
CONTINUOUS
10
12.3153503149606305
20
-3.0142553149606299
11
12.3139794881889753
21
-3.0134642519685038
0
LINE
8
BLACK
6
CONTINUOUS
10
12.3139794881889753
20
-3.0134642519685038
11
12.3131881496062991
21
-3.0134644488188975
0
LINE
8
BLACK
6
CONTINUOUS
10
12.3131881496062991
20
-3.0134644488188975
11
12.3131880314960629
21
-3.0134644094488188
0
LINE
8
BLACK
6
CONTINUOUS
10
12.3131880314960629
20
-3.0134644094488188
11
12.3131878740157479
21
-3.0134644488188975
0
LINE
8
BLACK
6
CONTINUOUS
10
12.3131878740157479
20
-3.0134644488188975
11
12.1872038976377954
21
-3.0134644488188975
0
LINE
8
BLACK
6
CONTINUOUS
10
12.1872038976377954
20
-3.0134644488188975
11
12.1872036220472442
21
-3.0134644488188975
0
LINE
8
BLACK
6
CONTINUOUS
10
12.1872036220472442
20
-3.0134644488188975
11
12.1871986614173231
21
-3.0134634645669292
0
LINE
8
BLACK
6
CONTINUOUS
10
12.1871986614173231
20
-3.0134634645669292
11
12.1864125590551176
21
-3.0134636220472442
0
LINE
8
BLACK
6
CONTINUOUS
10
12.9372426771653544
20
-3.0114959448818897
11
12.9372427559055119
21
-3.0114959448818897
0
LINE
8
BLACK
6
CONTINUOUS
10
12.9372427559055119
20
-3.0114959448818897
11
12.9372429527559056
21
-3.0114959448818897
0
LINE
8
BLACK
6
CONTINUOUS
10
12.9372429527559056
20
-3.0114959448818897
11
13.0632272047244093
21
-3.0114959448818897
0
LINE
8
BLACK
6
CONTINUOUS
10
13.0632272047244093
20
-3.0114959448818897
11
13.0634386614173224
21
-3.0115379921259842
0
LINE
8
BLACK
6
CONTINUOUS
10
13.0634386614173224
20
-3.0115379921259842
11
13.0651106692913377
21
-3.0118701574803151
0
LINE
8
BLACK
6
CONTINUOUS
10
13.0651106692913377
20
-3.0118701574803151
11
13.0667077165354328
21
-3.0129368110236219
0
LINE
8
BLACK
6
CONTINUOUS
10
13.0667077165354328
20
-3.0129368110236219
11
13.0677749212598417
21
-3.0145335433070866
0
LINE
8
BLACK
6
CONTINUOUS
10
13.0677749212598417
20
-3.0145335433070866
11
13.068149724409448
21
-3.0164171653543308
0
LINE
8
BLACK
6
CONTINUOUS
10
13.068149724409448
20
-3.0164171653543308
11
13.0681484645669297
21
-3.0164171653543308
0
LINE
8
BLACK
6
CONTINUOUS
10
13.0681484645669297
20
-3.0164171653543308
11
13.0681484645669297
21
-3.0164172047244096
0
LINE
8
BLACK
6
CONTINUOUS
10
13.0681484645669297
20
-3.0164172047244096
11
13.0681484645669297
21
-3.1266533858267715
0
LINE
8
BLACK
6
CONTINUOUS
10
13.0681484645669297
20
-3.1266533858267715
11
13.0677738582677154
21
-3.1285366141732283
0
LINE
8
BLACK
6
CONTINUOUS
10
13.0677738582677154
20
-3.1285366141732283
11
13.0667069291338578
21
-3.1301330314960629
0
LINE
8
BLACK
6
CONTINUOUS
10
13.0667069291338578
20
-3.1301330314960629
11
13.0651102362204714
21
-3.1311995275590552
0
LINE
8
BLACK
6
CONTINUOUS
10
13.0651102362204714
20
-3.1311995275590552
11
13.0636050787401565
21
-3.1314985039370078
0
LINE
8
BLACK
6
CONTINUOUS
10
13.0636050787401565
20
-3.1314985039370078
11
13.063603858267717
21
-3.1314997637795274
0
LINE
8
BLACK
6
CONTINUOUS
10
13.063603858267717
20
-3.1314997637795274
11
13.0632272047244093
21
-3.1315746850393702
0
LINE
8
BLACK
6
CONTINUOUS
10
13.0632272047244093
20
-3.1315746850393702
11
13.0632269291338581
21
-3.1315746850393702
0
LINE
8
BLACK
6
CONTINUOUS
10
13.0632269291338581
20
-3.1315746850393702
11
12.9372429527559056
21
-3.1315746850393702
0
LINE
8
BLACK
6
CONTINUOUS
10
12.9372429527559056
20
-3.1315746850393702
11
12.9372427559055119
21
-3.1315746456692914
0
LINE
8
BLACK
6
CONTINUOUS
10
12.9372427559055119
20
-3.1315746456692914
11
12.9372426771653544
21
-3.1315746850393702
0
LINE
8
BLACK
6
CONTINUOUS
10
12.9372426771653544
20
-3.1315746850393702
11
12.9370438582677156
21
-3.1315350787401575
0
LINE
8
BLACK
6
CONTINUOUS
10
12.9370438582677156
20
-3.1315350787401575
11
12.936866299212598
21
-3.1314997637795274
0
LINE
8
BLACK
6
CONTINUOUS
10
12.936866299212598
20
-3.1314997637795274
11
12.9368662204724405
21
-3.1314996850393699
0
LINE
8
BLACK
6
CONTINUOUS
10
12.9368662204724405
20
-3.1314996850393699
11
12.9353598425196843
21
-3.1311996456692914
0
LINE
8
BLACK
6
CONTINUOUS
10
12.9353598425196843
20
-3.1311996456692914
11
12.933763779527558
21
-3.1301327559055117
0
LINE
8
BLACK
6
CONTINUOUS
10
12.933763779527558
20
-3.1301327559055117
11
12.9326973622047241
21
-3.128536338582677
0
LINE
8
BLACK
6
CONTINUOUS
10
12.9326973622047241
20
-3.128536338582677
11
12.9323981496062981
21
-3.1270316141732284
0
LINE
8
BLACK
6
CONTINUOUS
10
12.9323981496062981
20
-3.1270316141732284
11
12.9323966141732285
21
-3.1270300787401575
0
LINE
8
BLACK
6
CONTINUOUS
10
12.9323966141732285
20
-3.1270300787401575
11
12.9323216929133853
21
-3.1266534251968503
0
LINE
8
BLACK
6
CONTINUOUS
10
12.9323216929133853
20
-3.1266534251968503
11
12.9323216929133853
21
-3.0164172047244096
0
LINE
8
BLACK
6
CONTINUOUS
10
12.9323216929133853
20
-3.0164172047244096
11
12.9323966141732285
21
-3.0160405511811024
0
LINE
8
BLACK
6
CONTINUOUS
10
12.9323966141732285
20
-3.0160405511811024
11
12.9326962992125978
21
-3.0145338188976378
0
LINE
8
BLACK
6
CONTINUOUS
10
12.9326962992125978
20
-3.0145338188976378
11
12.9337629921259847
21
-3.0129371259842519
0
LINE
8
BLACK
6
CONTINUOUS
10
12.9337629921259847
20
-3.0129371259842519
11
12.935359409448818
21
-3.01187
0
LINE
8
BLACK
6
CONTINUOUS
10
12.935359409448818
20
-3.01187
11
12.9372426771653544
21
-3.0114949212598425
0
LINE
8
BLACK
6
CONTINUOUS
10
12.9372426771653544
20
-3.0114949212598425
11
12.9372426771653544
21
-3.0114959448818897
0
LINE
8
BLACK
6
CONTINUOUS
10
12.936451889763779
20
-3.0134636220472442
11
12.9350814173228343
21
-3.0142551968503937
0
LINE
8
BLACK
6
CONTINUOUS
10
12.9350814173228343
20
-3.0142551968503937
11
12.934290157480314
21
-3.0156259055118109
0
LINE
8
BLACK
6
CONTINUOUS
10
12.934290157480314
20
-3.0156259055118109
11
12.934290157480314
21
-3.0164171653543308
0
LINE
8
BLACK
6
CONTINUOUS
10
12.934290157480314
20
-3.0164171653543308
11
12.9342901968503927
21
-3.0164172047244096
0
LINE
8
BLACK
6
CONTINUOUS
10
12.9342901968503927
20
-3.0164172047244096
11
12.9342901968503927
21
-3.1266534251968503
0
LINE
8
BLACK
6
CONTINUOUS
10
12.9342901968503927
20
-3.1266534251968503
11
12.9342901968503927
21
-3.1266534645669291
0
LINE
8
BLACK
6
CONTINUOUS
10
12.9342901968503927
20
-3.1266534645669291
11
12.9342914566929128
21
-3.1266534645669291
0
LINE
8
BLACK
6
CONTINUOUS
10
12.9342914566929128
20
-3.1266534645669291
11
12.9342913779527553
21
-3.1274444881889765
0
LINE
8
BLACK
6
CONTINUOUS
10
12.9342913779527553
20
-3.1274444881889765
11
12.9350822440944881
21
-3.1288146850393699
0
LINE
8
BLACK
6
CONTINUOUS
10
12.9350822440944881
20
-3.1288146850393699
11
12.936452204724409
21
-3.1296059842519686
0
LINE
8
BLACK
6
CONTINUOUS
10
12.936452204724409
20
-3.1296059842519686
11
12.9372432283464569
21
-3.1296061811023623
0
LINE
8
BLACK
6
CONTINUOUS
10
12.9372432283464569
20
-3.1296061811023623
11
13.0632272047244093
21
-3.1296061811023623
0
LINE
8
BLACK
6
CONTINUOUS
10
13.0632272047244093
20
-3.1296061811023623
11
13.0632273622047244
21
-3.1296061811023623
0
LINE
8
BLACK
6
CONTINUOUS
10
13.0632273622047244
20
-3.1296061811023623
11
13.0632274803149606
21
-3.1296061811023623
0
LINE
8
BLACK
6
CONTINUOUS
10
13.0632274803149606
20
-3.1296061811023623
11
13.0632274803149606
21
-3.1296051574803148
0
LINE
8
BLACK
6
CONTINUOUS
10
13.0632274803149606
20
-3.1296051574803148
11
13.0640185433070855
21
-3.1296053543307085
0
LINE
8
BLACK
6
CONTINUOUS
10
13.0640185433070855
20
-3.1296053543307085
11
13.0653888188976381
21
-3.1288145669291336
0
LINE
8
BLACK
6
CONTINUOUS
10
13.0653888188976381
20
-3.1288145669291336
11
13.0661799606299205
21
-3.1274444881889765
0
LINE
8
BLACK
6
CONTINUOUS
10
13.0661799606299205
20
-3.1274444881889765
11
13.0661799606299205
21
-3.1266534645669291
0
LINE
8
BLACK
6
CONTINUOUS
10
13.0661799606299205
20
-3.1266534645669291
11
13.0661799606299205
21
-3.1266534251968503
0
LINE
8
BLACK
6
CONTINUOUS
10
13.0661799606299205
20
-3.1266534251968503
11
13.0661799606299205
21
-3.0164172047244096
0
LINE
8
BLACK
6
CONTINUOUS
10
13.0661799606299205
20
-3.0164172047244096
11
13.0661811811023618
21
-3.0164108661417321
0
LINE
8
BLACK
6
CONTINUOUS
10
13.0661811811023618
20
-3.0164108661417321
11
13.0661811811023618
21
-3.0156258661417321
0
LINE
8
BLACK
6
CONTINUOUS
10
13.0661811811023618
20
-3.0156258661417321
11
13.0653896456692902
21
-3.0142553149606299
0
LINE
8
BLACK
6
CONTINUOUS
10
13.0653896456692902
20
-3.0142553149606299
11
13.0640188582677155
21
-3.0134642519685038
0
LINE
8
BLACK
6
CONTINUOUS
10
13.0640188582677155
20
-3.0134642519685038
11
13.0632274803149606
21
-3.0134644488188975
0
LINE
8
BLACK
6
CONTINUOUS
10
13.0632274803149606
20
-3.0134644488188975
11
13.0632273622047244
21
-3.0134644094488188
0
LINE
8
BLACK
6
CONTINUOUS
10
13.0632273622047244
20
-3.0134644094488188
11
13.0632272047244093
21
-3.0134644488188975
0
LINE
8
BLACK
6
CONTINUOUS
10
13.0632272047244093
20
-3.0134644488188975
11
12.9372432283464569
21
-3.0134644488188975
0
LINE
8
BLACK
6
CONTINUOUS
10
12.9372432283464569
20
-3.0134644488188975
11
12.9372429527559056
21
-3.0134644488188975
0
LINE
8
BLACK
6
CONTINUOUS
10
12.9372429527559056
20
-3.0134644488188975
11
12.9372377952755908
21
-3.0134634251968504
0
LINE
8
BLACK
6
CONTINUOUS
10
12.9372377952755908
20
-3.0134634251968504
11
12.936451889763779
21
-3.0134636220472442
0
LINE
8
BLACK
6
CONTINUOUS
10
9.1871641338582677
20
-2.9177951181102362
11
9.1871642125984252
21
-2.9177951181102362
0
LINE
8
BLACK
6
CONTINUOUS
10
9.1871642125984252
20
-2.9177951181102362
11
9.1871643700787402
21
-2.9177951181102362
0
LINE
8
BLACK
6
CONTINUOUS
10
9.1871643700787402
20
-2.9177951181102362
11
9.3131486220472439
21
-2.9177951181102362
0
LINE
8
BLACK
6
CONTINUOUS
10
9.3131486220472439
20
-2.9177951181102362
11
9.3133529527559045
21
-2.917835748031496
0
LINE
8
BLACK
6
CONTINUOUS
10
9.3133529527559045
20
-2.917835748031496
11
9.3150320472440935
21
-2.9181693700787399
0
LINE
8
BLACK
6
CONTINUOUS
10
9.3150320472440935
20
-2.9181693700787399
11
9.3166290551181099
21
-2.9192360629921259
0
LINE
8
BLACK
6
CONTINUOUS
10
9.3166290551181099
20
-2.9192360629921259
11
9.3176962204724401
21
-2.9208327559055118
0
LINE
8
BLACK
6
CONTINUOUS
10
9.3176962204724401
20
-2.9208327559055118
11
9.3180710236220463
21
-2.9227163385826773
0
LINE
8
BLACK
6
CONTINUOUS
10
9.3180710236220463
20
-2.9227163385826773
11
9.3180698818897643
21
-2.9227163385826773
0
LINE
8
BLACK
6
CONTINUOUS
10
9.3180698818897643
20
-2.9227163385826773
11
9.3180698818897643
21
-2.9227163779527556
0
LINE
8
BLACK
6
CONTINUOUS
10
9.3180698818897643
20
-2.9227163779527556
11
9.3180698818897643
21
-3.0329525590551181
0
LINE
8
BLACK
6
CONTINUOUS
10
9.3180698818897643
20
-3.0329525590551181
11
9.3176952755905518
21
-3.0348358267716535
0
LINE
8
BLACK
6
CONTINUOUS
10
9.3176952755905518
20
-3.0348358267716535
11
9.3166283858267711
21
-3.036432283464567
0
LINE
8
BLACK
6
CONTINUOUS
10
9.3166283858267711
20
-3.036432283464567
11
9.3150316929133847
21
-3.0374988188976375
0
LINE
8
BLACK
6
CONTINUOUS
10
9.3150316929133847
20
-3.0374988188976375
11
9.3135262598425204
21
-3.0377979133858268
0
LINE
8
BLACK
6
CONTINUOUS
10
9.3135262598425204
20
-3.0377979133858268
11
9.3135252755905515
21
-3.037798937007874
0
LINE
8
BLACK
6
CONTINUOUS
10
9.3135252755905515
20
-3.037798937007874
11
9.3131486220472439
21
-3.0378738582677163
0
LINE
8
BLACK
6
CONTINUOUS
10
9.3131486220472439
20
-3.0378738582677163
11
9.3131483858267714
21
-3.0378738582677163
0
LINE
8
BLACK
6
CONTINUOUS
10
9.3131483858267714
20
-3.0378738582677163
11
9.1871643700787402
21
-3.0378738582677163
0
LINE
8
BLACK
6
CONTINUOUS
10
9.1871643700787402
20
-3.0378738582677163
11
9.1871642125984252
21
-3.0378738188976375
0
LINE
8
BLACK
6
CONTINUOUS
10
9.1871642125984252
20
-3.0378738188976375
11
9.1871641338582677
21
-3.0378738582677163
0
LINE
8
BLACK
6
CONTINUOUS
10
9.1871641338582677
20
-3.0378738582677163
11
9.1869558661417319
21
-3.0378323622047243
0
LINE
8
BLACK
6
CONTINUOUS
10
9.1869558661417319
20
-3.0378323622047243
11
9.1867877165354326
21
-3.037798937007874
0
LINE
8
BLACK
6
CONTINUOUS
10
9.1867877165354326
20
-3.037798937007874
11
9.1867876377952751
21
-3.0377988582677165
0
LINE
8
BLACK
6
CONTINUOUS
10
9.1867876377952751
20
-3.0377988582677165
11
9.1852812204724401
21
-3.037498897637795
0
LINE
8
BLACK
6
CONTINUOUS
10
9.1852812204724401
20
-3.037498897637795
11
9.1836851181102368
21
-3.0364320078740157
0
LINE
8
BLACK
6
CONTINUOUS
10
9.1836851181102368
20
-3.0364320078740157
11
9.1826186614173224
21
-3.0348355511811023
0
LINE
8
BLACK
6
CONTINUOUS
10
9.1826186614173224
20
-3.0348355511811023
11
9.1823194094488194
21
-3.0333306299212599
0
LINE
8
BLACK
6
CONTINUOUS
10
9.1823194094488194
20
-3.0333306299212599
11
9.1823180314960631
21
-3.033329251968504
0
LINE
8
BLACK
6
CONTINUOUS
10
9.1823180314960631
20
-3.033329251968504
11
9.1822431102362199
21
-3.0329525984251968
0
LINE
8
BLACK
6
CONTINUOUS
10
9.1822431102362199
20
-3.0329525984251968
11
9.1822431102362199
21
-2.9227163779527556
0
LINE
8
BLACK
6
CONTINUOUS
10
9.1822431102362199
20
-2.9227163779527556
11
9.1823180314960631
21
-2.9223397244094489
0
LINE
8
BLACK
6
CONTINUOUS
10
9.1823180314960631
20
-2.9223397244094489
11
9.1826177165354324
21
-2.9208330314960631
0
LINE
8
BLACK
6
CONTINUOUS
10
9.1826177165354324
20
-2.9208330314960631
11
9.183684448818898
21
-2.9192363385826772
0
LINE
8
BLACK
6
CONTINUOUS
10
9.183684448818898
20
-2.9192363385826772
11
9.1852809055118101
21
-2.9181692913385828
0
LINE
8
BLACK
6
CONTINUOUS
10
9.1852809055118101
20
-2.9181692913385828
11
9.1871641338582677
21
-2.9177942913385828
0
LINE
8
BLACK
6
CONTINUOUS
10
9.1871641338582677
20
-2.9177942913385828
11
9.1871641338582677
21
-2.9177951181102362
0
LINE
8
BLACK
6
CONTINUOUS
10
9.1863733070866136
20
-2.9197629527559052
11
9.1850028346456689
21
-2.9205544488188977
0
LINE
8
BLACK
6
CONTINUOUS
10
9.1850028346456689
20
-2.9205544488188977
11
9.1842115748031485
21
-2.9219251181102361
0
LINE
8
BLACK
6
CONTINUOUS
10
9.1842115748031485
20
-2.9219251181102361
11
9.1842115748031485
21
-2.9227163385826773
0
LINE
8
BLACK
6
CONTINUOUS
10
9.1842115748031485
20
-2.9227163385826773
11
9.1842116141732273
21
-2.9227163779527556
0
LINE
8
BLACK
6
CONTINUOUS
10
9.1842116141732273
20
-2.9227163779527556
11
9.1842116141732273
21
-3.0329525984251968
0
LINE
8
BLACK
6
CONTINUOUS
10
9.1842116141732273
20
-3.0329525984251968
11
9.1842116141732273
21
-3.0329526377952756
0
LINE
8
BLACK
6
CONTINUOUS
10
9.1842116141732273
20
-3.0329526377952756
11
9.1842127559055111
21
-3.0329526377952756
0
LINE
8
BLACK
6
CONTINUOUS
10
9.1842127559055111
20
-3.0329526377952756
11
9.1842126771653536
21
-3.0337437007874013
0
LINE
8
BLACK
6
CONTINUOUS
10
9.1842126771653536
20
-3.0337437007874013
11
9.1850035826771652
21
-3.0351138976377952
0
LINE
8
BLACK
6
CONTINUOUS
10
9.1850035826771652
20
-3.0351138976377952
11
9.1863735826771649
21
-3.0359051968503938
0
LINE
8
BLACK
6
CONTINUOUS
10
9.1863735826771649
20
-3.0359051968503938
11
9.1871646062992127
21
-3.0359053543307084
0
LINE
8
BLACK
6
CONTINUOUS
10
9.1871646062992127
20
-3.0359053543307084
11
9.3131486220472439
21
-3.0359053543307084
0
LINE
8
BLACK
6
CONTINUOUS
10
9.3131486220472439
20
-3.0359053543307084
11
9.3131487401574802
21
-3.0359053543307084
0
LINE
8
BLACK
6
CONTINUOUS
10
9.3131487401574802
20
-3.0359053543307084
11
9.3131488582677164
21
-3.0359053543307084
0
LINE
8
BLACK
6
CONTINUOUS
10
9.3131488582677164
20
-3.0359053543307084
11
9.3131488582677164
21
-3.035904527559055
0
LINE
8
BLACK
6
CONTINUOUS
10
9.3131488582677164
20
-3.035904527559055
11
9.313939921259843
21
-3.0359046850393701
0
LINE
8
BLACK
6
CONTINUOUS
10
9.313939921259843
20
-3.0359046850393701
11
9.3153102362204727
21
-3.0351138188976376
0
LINE
8
BLACK
6
CONTINUOUS
10
9.3153102362204727
20
-3.0351138188976376
11
9.3161013779527551
21
-3.0337437007874013
0
LINE
8
BLACK
6
CONTINUOUS
10
9.3161013779527551
20
-3.0337437007874013
11
9.3161013779527551
21
-3.0329526377952756
0
LINE
8
BLACK
6
CONTINUOUS
10
9.3161013779527551
20
-3.0329526377952756
11
9.3161013779527551
21
-3.0329525984251968
0
LINE
8
BLACK
6
CONTINUOUS
10
9.3161013779527551
20
-3.0329525984251968
11
9.3161013779527551
21
-2.9227163779527556
0
LINE
8
BLACK
6
CONTINUOUS
10
9.3161013779527551
20
-2.9227163779527556
11
9.3161024803149601
21
-2.92271062992126
0
LINE
8
BLACK
6
CONTINUOUS
10
9.3161024803149601
20
-2.92271062992126
11
9.3161024803149601
21
-2.9219250787401574
0
LINE
8
BLACK
6
CONTINUOUS
10
9.3161024803149601
20
-2.9219250787401574
11
9.315310984251969
21
-2.9205545275590552
0
LINE
8
BLACK
6
CONTINUOUS
10
9.315310984251969
20
-2.9205545275590552
11
9.3139401968503943
21
-2.919763464566929
0
LINE
8
BLACK
6
CONTINUOUS
10
9.3139401968503943
20
-2.919763464566929
11
9.3131488582677164
21
-2.919763622047244
0
LINE
8
BLACK
6
CONTINUOUS
10
9.3131488582677164
20
-2.919763622047244
11
9.3131487401574802
21
-2.9197635826771653
0
LINE
8
BLACK
6
CONTINUOUS
10
9.3131487401574802
20
-2.9197635826771653
11
9.3131486220472439
21
-2.919763622047244
0
LINE
8
BLACK
6
CONTINUOUS
10
9.3131486220472439
20
-2.919763622047244
11
9.1871646062992127
21
-2.919763622047244
0
LINE
8
BLACK
6
CONTINUOUS
10
9.1871646062992127
20
-2.919763622047244
11
9.1871643700787402
21
-2.919763622047244
0
LINE
8
BLACK
6
CONTINUOUS
10
9.1871643700787402
20
-2.919763622047244
11
9.1871601968503942
21
-2.9197627952755907
0
LINE
8
BLACK
6
CONTINUOUS
10
9.1871601968503942
20
-2.9197627952755907
11
9.1863733070866136
21
-2.9197629527559052
0
LINE
8
BLACK
6
CONTINUOUS
10
11.4372034645669292
20
-2.8242125196850392
11
11.4372035433070867
21
-2.8242125196850392
0
LINE
8
BLACK
6
CONTINUOUS
10
11.4372035433070867
20
-2.8242125196850392
11
11.4372037007874017
21
-2.8242125196850392
0
LINE
8
BLACK
6
CONTINUOUS
10
11.4372037007874017
20
-2.8242125196850392
11
11.5631879527559054
21
-2.8242125196850392
0
LINE
8
BLACK
6
CONTINUOUS
10
11.5631879527559054
20
-2.8242125196850392
11
11.5633922834645659
21
-2.824253149606299
0
LINE
8
BLACK
6
CONTINUOUS
10
11.5633922834645659
20
-2.824253149606299
11
11.565071377952755
21
-2.8245867716535433
0
LINE
8
BLACK
6
CONTINUOUS
10
11.565071377952755
20
-2.8245867716535433
11
11.5666683858267714
21
-2.8256534645669289
0
LINE
8
BLACK
6
CONTINUOUS
10
11.5666683858267714
20
-2.8256534645669289
11
11.5677355511811015
21
-2.8272501968503936
0
LINE
8
BLACK
6
CONTINUOUS
10
11.5677355511811015
20
-2.8272501968503936
11
11.568110314960629
21
-2.8291337401574803
0
LINE
8
BLACK
6
CONTINUOUS
10
11.568110314960629
20
-2.8291337401574803
11
11.5681092125984257
21
-2.8291337401574803
0
LINE
8
BLACK
6
CONTINUOUS
10
11.5681092125984257
20
-2.8291337401574803
11
11.5681092125984257
21
-2.8291337795275591
0
LINE
8
BLACK
6
CONTINUOUS
10
11.5681092125984257
20
-2.8291337795275591
11
11.5681092125984257
21
-2.9393699606299211
0
LINE
8
BLACK
6
CONTINUOUS
10
11.5681092125984257
20
-2.9393699606299211
11
11.5677346062992115
21
-2.9412531889763778
0
LINE
8
BLACK
6
CONTINUOUS
10
11.5677346062992115
20
-2.9412531889763778
11
11.5666676771653538
21
-2.9428496456692912
0
LINE
8
BLACK
6
CONTINUOUS
10
11.5666676771653538
20
-2.9428496456692912
11
11.5650710236220462
21
-2.9439161417322834
0
LINE
8
BLACK
6
CONTINUOUS
10
11.5650710236220462
20
-2.9439161417322834
11
11.5635657086614163
21
-2.9442151968503936
0
LINE
8
BLACK
6
CONTINUOUS
10
11.5635657086614163
20
-2.9442151968503936
11
11.563564606299213
21
-2.944216338582677
0
LINE
8
BLACK
6
CONTINUOUS
10
11.563564606299213
20
-2.944216338582677
11
11.5631879527559054
21
-2.9442912598425197
0
LINE
8
BLACK
6
CONTINUOUS
10
11.5631879527559054
20
-2.9442912598425197
11
11.5631876771653541
21
-2.9442912598425197
0
LINE
8
BLACK
6
CONTINUOUS
10
11.5631876771653541
20
-2.9442912598425197
11
11.4372037007874017
21
-2.9442912598425197
0
LINE
8
BLACK
6
CONTINUOUS
10
11.4372037007874017
20
-2.9442912598425197
11
11.4372035039370079
21
-2.944291220472441
0
LINE
8
BLACK
6
CONTINUOUS
10
11.4372035039370079
20
-2.944291220472441
11
11.4372034251968504
21
-2.9442912598425197
0
LINE
8
BLACK
6
CONTINUOUS
10
11.4372034251968504
20
-2.9442912598425197
11
11.4369648425196839
21
-2.9442437401574804
0
LINE
8
BLACK
6
CONTINUOUS
10
11.4369648425196839
20
-2.9442437401574804
11
11.436827047244094
21
-2.944216338582677
0
LINE
8
BLACK
6
CONTINUOUS
10
11.436827047244094
20
-2.944216338582677
11
11.4368269685039365
21
-2.9442162598425194
0
LINE
8
BLACK
6
CONTINUOUS
10
11.4368269685039365
20
-2.9442162598425194
11
11.4353205511811016
21
-2.9439162992125985
0
LINE
8
BLACK
6
CONTINUOUS
10
11.4353205511811016
20
-2.9439162992125985
11
11.4337244488188965
21
-2.9428494094488187
0
LINE
8
BLACK
6
CONTINUOUS
10
11.4337244488188965
20
-2.9428494094488187
11
11.4326579921259839
21
-2.9412529527559053
0
LINE
8
BLACK
6
CONTINUOUS
10
11.4326579921259839
20
-2.9412529527559053
11
11.4323587007874021
21
-2.9397479921259841
0
LINE
8
BLACK
6
CONTINUOUS
10
11.4323587007874021
20
-2.9397479921259841
11
11.4323573622047245
21
-2.939746653543307
0
LINE
8
BLACK
6
CONTINUOUS
10
11.4323573622047245
20
-2.939746653543307
11
11.4322824409448813
21
-2.9393699999999998
0
LINE
8
BLACK
6
CONTINUOUS
10
11.4322824409448813
20
-2.9393699999999998
11
11.4322824409448813
21
-2.8291337795275591
0
LINE
8
BLACK
6
CONTINUOUS
10
11.4322824409448813
20
-2.8291337795275591
11
11.4323573622047245
21
-2.8287571259842519
0
LINE
8
BLACK
6
CONTINUOUS
10
11.4323573622047245
20
-2.8287571259842519
11
11.4326570472440938
21
-2.8272503937007873
0
LINE
8
BLACK
6
CONTINUOUS
10
11.4326570472440938
20
-2.8272503937007873
11
11.4337237401574807
21
-2.8256537007874014
0
LINE
8
BLACK
6
CONTINUOUS
10
11.4337237401574807
20
-2.8256537007874014
11
11.4353201968503928
21
-2.8245866141732283
0
LINE
8
BLACK
6
CONTINUOUS
10
11.4353201968503928
20
-2.8245866141732283
11
11.4372034251968504
21
-2.8242115748031495
0
LINE
8
BLACK
6
CONTINUOUS
10
11.4372034251968504
20
-2.8242115748031495
11
11.4372034645669292
21
-2.8242125196850392
0
LINE
8
BLACK
6
CONTINUOUS
10
11.4364126377952751
20
-2.8261802362204724
11
11.4350421259842516
21
-2.8269717716535432
0
LINE
8
BLACK
6
CONTINUOUS
10
11.4350421259842516
20
-2.8269717716535432
11
11.43425090551181
21
-2.8283424803149604
0
LINE
8
BLACK
6
CONTINUOUS
10
11.43425090551181
20
-2.8283424803149604
11
11.4342509448818888
21
-2.8291337401574803
0
LINE
8
BLACK
6
CONTINUOUS
10
11.4342509448818888
20
-2.8291337401574803
11
11.4342509448818888
21
-2.8291337795275591
0
LINE
8
BLACK
6
CONTINUOUS
10
11.4342509448818888
20
-2.8291337795275591
11
11.4342509448818888
21
-2.9393699606299211
0
LINE
8
BLACK
6
CONTINUOUS
10
11.4342509448818888
20
-2.9393699606299211
11
11.4342509448818888
21
-2.9393699999999998
0
LINE
8
BLACK
6
CONTINUOUS
10
11.4342509448818888
20
-2.9393699999999998
11
11.4342520472440938
21
-2.9393700393700786
0
LINE
8
BLACK
6
CONTINUOUS
10
11.4342520472440938
20
-2.9393700393700786
11
11.4342519685039363
21
-2.940161062992126
0
LINE
8
BLACK
6
CONTINUOUS
10
11.4342519685039363
20
-2.940161062992126
11
11.4350429133858267
21
-2.9415312992125981
0
LINE
8
BLACK
6
CONTINUOUS
10
11.4350429133858267
20
-2.9415312992125981
11
11.4364129133858263
21
-2.9423225984251968
0
LINE
8
BLACK
6
CONTINUOUS
10
11.4364129133858263
20
-2.9423225984251968
11
11.4372039763779529
21
-2.9423227559055118
0
LINE
8
BLACK
6
CONTINUOUS
10
11.4372039763779529
20
-2.9423227559055118
11
11.5631879527559054
21
-2.9423227559055118
0
LINE
8
BLACK
6
CONTINUOUS
10
11.5631879527559054
20
-2.9423227559055118
11
11.5631881102362204
21
-2.9423227559055118
0
LINE
8
BLACK
6
CONTINUOUS
10
11.5631881102362204
20
-2.9423227559055118
11
11.5631882283464567
21
-2.9423227559055118
0
LINE
8
BLACK
6
CONTINUOUS
10
11.5631882283464567
20
-2.9423227559055118
11
11.5631882283464567
21
-2.9423218110236218
0
LINE
8
BLACK
6
CONTINUOUS
10
11.5631882283464567
20
-2.9423218110236218
11
11.5639792519685045
21
-2.9423219685039368
0
LINE
8
BLACK
6
CONTINUOUS
10
11.5639792519685045
20
-2.9423219685039368
11
11.5653495275590554
21
-2.9415311811023623
0
LINE
8
BLACK
6
CONTINUOUS
10
11.5653495275590554
20
-2.9415311811023623
11
11.5661407086614165
21
-2.940161062992126
0
LINE
8
BLACK
6
CONTINUOUS
10
11.5661407086614165
20
-2.940161062992126
11
11.5661407086614165
21
-2.9393700393700786
0
LINE
8
BLACK
6
CONTINUOUS
10
11.5661407086614165
20
-2.9393700393700786
11
11.5661407086614165
21
-2.9393699999999998
0
LINE
8
BLACK
6
CONTINUOUS
10
11.5661407086614165
20
-2.9393699999999998
11
11.5661407086614165
21
-2.8291337795275591
0
LINE
8
BLACK
6
CONTINUOUS
10
11.5661407086614165
20
-2.8291337795275591
11
11.5661417716535428
21
-2.8291282283464567
0
LINE
8
BLACK
6
CONTINUOUS
10
11.5661417716535428
20
-2.8291282283464567
11
11.5661417716535428
21
-2.8283424803149604
0
LINE
8
BLACK
6
CONTINUOUS
10
11.5661417716535428
20
-2.8283424803149604
11
11.5653503149606305
21
-2.8269719291338582
0
LINE
8
BLACK
6
CONTINUOUS
10
11.5653503149606305
20
-2.8269719291338582
11
11.563979527559054
21
-2.8261808267716533
0
LINE
8
BLACK
6
CONTINUOUS
10
11.563979527559054
20
-2.8261808267716533
11
11.5631881889763779
21
-2.826181023622047
0
LINE
8
BLACK
6
CONTINUOUS
10
11.5631881889763779
20
-2.826181023622047
11
11.5631880708661416
21
-2.8261809842519683
0
LINE
8
BLACK
6
CONTINUOUS
10
11.5631880708661416
20
-2.8261809842519683
11
11.5631879527559054
21
-2.826181023622047
0
LINE
8
BLACK
6
CONTINUOUS
10
11.5631879527559054
20
-2.826181023622047
11
11.4372039370078742
21
-2.826181023622047
0
LINE
8
BLACK
6
CONTINUOUS
10
11.4372039370078742
20
-2.826181023622047
11
11.4372037007874017
21
-2.826181023622047
0
LINE
8
BLACK
6
CONTINUOUS
10
11.4372037007874017
20
-2.826181023622047
11
11.4371989370078744
21
-2.8261800787401574
0
LINE
8
BLACK
6
CONTINUOUS
10
11.4371989370078744
20
-2.8261800787401574
11
11.4364126377952751
21
-2.8261802362204724
0
LINE
8
BLACK
6
CONTINUOUS
10
9.9371642913385827
20
-2.8240549606299212
11
9.9371643307086615
21
-2.8240549606299212
0
LINE
8
BLACK
6
CONTINUOUS
10
9.9371643307086615
20
-2.8240549606299212
11
9.9371644881889765
21
-2.8240549606299212
0
LINE
8
BLACK
6
CONTINUOUS
10
9.9371644881889765
20
-2.8240549606299212
11
10.0631487401574802
21
-2.8240549606299212
0
LINE
8
BLACK
6
CONTINUOUS
10
10.0631487401574802
20
-2.8240549606299212
11
10.0633398818897639
21
-2.8240929527559056
0
LINE
8
BLACK
6
CONTINUOUS
10
10.0633398818897639
20
-2.8240929527559056
11
10.0650321653543298
21
-2.8244292519685037
0
LINE
8
BLACK
6
CONTINUOUS
10
10.0650321653543298
20
-2.8244292519685037
11
10.0666291338582674
21
-2.8254959448818897
0
LINE
8
BLACK
6
CONTINUOUS
10
10.0666291338582674
20
-2.8254959448818897
11
10.0676962598425188
21
-2.8270926377952756
0
LINE
8
BLACK
6
CONTINUOUS
10
10.0676962598425188
20
-2.8270926377952756
11
10.0680710236220463
21
-2.8289761811023619
0
LINE
8
BLACK
6
CONTINUOUS
10
10.0680710236220463
20
-2.8289761811023619
11
10.0680700000000005
21
-2.8289761811023619
0
LINE
8
BLACK
6
CONTINUOUS
10
10.0680700000000005
20
-2.8289761811023619
11
10.0680700000000005
21
-2.8289762204724407
0
LINE
8
BLACK
6
CONTINUOUS
10
10.0680700000000005
20
-2.8289762204724407
11
10.0680700000000005
21
-2.9392124015748031
0
LINE
8
BLACK
6
CONTINUOUS
10
10.0680700000000005
20
-2.9392124015748031
11
10.067695393700788
21
-2.9410956692913386
0
LINE
8
BLACK
6
CONTINUOUS
10
10.067695393700788
20
-2.9410956692913386
11
10.0666285433070861
21
-2.9426921653543308
0
LINE
8
BLACK
6
CONTINUOUS
10
10.0666285433070861
20
-2.9426921653543308
11
10.0650318503936997
21
-2.9437587401574801
0
LINE
8
BLACK
6
CONTINUOUS
10
10.0650318503936997
20
-2.9437587401574801
11
10.0635262204724398
21
-2.9440579133858269
0
LINE
8
BLACK
6
CONTINUOUS
10
10.0635262204724398
20
-2.9440579133858269
11
10.0635253937007878
21
-2.944058779527559
0
LINE
8
BLACK
6
CONTINUOUS
10
10.0635253937007878
20
-2.944058779527559
11
10.0631487401574802
21
-2.9441337007874013
0
LINE
8
BLACK
6
CONTINUOUS
10
10.0631487401574802
20
-2.9441337007874013
11
10.0631485039370077
21
-2.9441337007874013
0
LINE
8
BLACK
6
CONTINUOUS
10
10.0631485039370077
20
-2.9441337007874013
11
9.9371644881889765
21
-2.9441337007874013
0
LINE
8
BLACK
6
CONTINUOUS
10
9.9371644881889765
20
-2.9441337007874013
11
9.9371643307086615
21
-2.9441336614173226
0
LINE
8
BLACK
6
CONTINUOUS
10
9.9371643307086615
20
-2.9441336614173226
11
9.9371642519685039
21
-2.9441337007874013
0
LINE
8
BLACK
6
CONTINUOUS
10
9.9371642519685039
20
-2.9441337007874013
11
9.9369346850393701
21
-2.9440879921259842
0
LINE
8
BLACK
6
CONTINUOUS
10
9.9369346850393701
20
-2.9440879921259842
11
9.9367878346456688
21
-2.944058779527559
0
LINE
8
BLACK
6
CONTINUOUS
10
9.9367878346456688
20
-2.944058779527559
11
9.9367877952755901
21
-2.9440587401574803
0
LINE
8
BLACK
6
CONTINUOUS
10
9.9367877952755901
20
-2.9440587401574803
11
9.9352813385826764
21
-2.9437587795275588
0
LINE
8
BLACK
6
CONTINUOUS
10
9.9352813385826764
20
-2.9437587795275588
11
9.9336851574803156
21
-2.9426918897637795
0
LINE
8
BLACK
6
CONTINUOUS
10
9.9336851574803156
20
-2.9426918897637795
11
9.9326187007874012
21
-2.9410954330708661
0
LINE
8
BLACK
6
CONTINUOUS
10
9.9326187007874012
20
-2.9410954330708661
11
9.9323194094488194
21
-2.9395903543307087
0
LINE
8
BLACK
6
CONTINUOUS
10
9.9323194094488194
20
-2.9395903543307087
11
9.9323181496062993
21
-2.9395890944881891
0
LINE
8
BLACK
6
CONTINUOUS
10
9.9323181496062993
20
-2.9395890944881891
11
9.9322432283464561
21
-2.9392124409448819
0
LINE
8
BLACK
6
CONTINUOUS
10
9.9322432283464561
20
-2.9392124409448819
11
9.9322432283464561
21
-2.8289762204724407
0
LINE
8
BLACK
6
CONTINUOUS
10
9.9322432283464561
20
-2.8289762204724407
11
9.9323181496062993
21
-2.8285995669291339
0
LINE
8
BLACK
6
CONTINUOUS
10
9.9323181496062993
20
-2.8285995669291339
11
9.9326178740157474
21
-2.8270928740157482
0
LINE
8
BLACK
6
CONTINUOUS
10
9.9326178740157474
20
-2.8270928740157482
11
9.9336845669291343
21
-2.825496220472441
0
LINE
8
BLACK
6
CONTINUOUS
10
9.9336845669291343
20
-2.825496220472441
11
9.9352810236220463
21
-2.8244292125984249
0
LINE
8
BLACK
6
CONTINUOUS
10
9.9352810236220463
20
-2.8244292125984249
11
9.9371642519685039
21
-2.8240542519685037
0
LINE
8
BLACK
6
CONTINUOUS
10
9.9371642519685039
20
-2.8240542519685037
11
9.9371642913385827
21
-2.8240549606299212
0
LINE
8
BLACK
6
CONTINUOUS
10
9.9363734251968499
20
-2.8260229133858266
11
9.9350029527559052
21
-2.8268143700787403
0
LINE
8
BLACK
6
CONTINUOUS
10
9.9350029527559052
20
-2.8268143700787403
11
9.9342117322834635
21
-2.8281849606299212
0
LINE
8
BLACK
6
CONTINUOUS
10
9.9342117322834635
20
-2.8281849606299212
11
9.9342117322834635
21
-2.8289761811023619
0
LINE
8
BLACK
6
CONTINUOUS
10
9.9342117322834635
20
-2.8289761811023619
11
9.9342117322834635
21
-2.8289762204724407
0
LINE
8
BLACK
6
CONTINUOUS
10
9.9342117322834635
20
-2.8289762204724407
11
9.9342117322834635
21
-2.9392124409448819
0
LINE
8
BLACK
6
CONTINUOUS
10
9.9342117322834635
20
-2.9392124409448819
11
9.9342117322834635
21
-2.9392124803149606
0
LINE
8
BLACK
6
CONTINUOUS
10
9.9342117322834635
20
-2.9392124803149606
11
9.9342127559055111
21
-2.9392124803149606
0
LINE
8
BLACK
6
CONTINUOUS
10
9.9342127559055111
20
-2.9392124803149606
11
9.9342126771653536
21
-2.9400035433070864
0
LINE
8
BLACK
6
CONTINUOUS
10
9.9342126771653536
20
-2.9400035433070864
11
9.935003622047244
21
-2.941373779527559
0
LINE
8
BLACK
6
CONTINUOUS
10
9.935003622047244
20
-2.941373779527559
11
9.9363736614173224
21
-2.9421650787401572
0
LINE
8
BLACK
6
CONTINUOUS
10
9.9363736614173224
20
-2.9421650787401572
11
9.937164724409449
21
-2.9421651968503935
0
LINE
8
BLACK
6
CONTINUOUS
10
9.937164724409449
20
-2.9421651968503935
11
10.0631487401574802
21
-2.9421651968503935
0
LINE
8
BLACK
6
CONTINUOUS
10
10.0631487401574802
20
-2.9421651968503935
11
10.0631488582677164
21
-2.9421651968503935
0
LINE
8
BLACK
6
CONTINUOUS
10
10.0631488582677164
20
-2.9421651968503935
11
10.0631489763779527
21
-2.9421651968503935
0
LINE
8
BLACK
6
CONTINUOUS
10
10.0631489763779527
20
-2.9421651968503935
11
10.0631489763779527
21
-2.9421644881889764
0
LINE
8
BLACK
6
CONTINUOUS
10
10.0631489763779527
20
-2.9421644881889764
11
10.0639400393700793
21
-2.9421646456692914
0
LINE
8
BLACK
6
CONTINUOUS
10
10.0639400393700793
20
-2.9421646456692914
11
10.065310354330709
21
-2.9413737401574802
0
LINE
8
BLACK
6
CONTINUOUS
10
10.065310354330709
20
-2.9413737401574802
11
10.0661014960629913
21
-2.9400035826771651
0
LINE
8
BLACK
6
CONTINUOUS
10
10.0661014960629913
20
-2.9400035826771651
11
10.0661014960629913
21
-2.9392124803149606
0
LINE
8
BLACK
6
CONTINUOUS
10
10.0661014960629913
20
-2.9392124803149606
11
10.0661014960629913
21
-2.9392124409448819
0
LINE
8
BLACK
6
CONTINUOUS
10
10.0661014960629913
20
-2.9392124409448819
11
10.0661014960629913
21
-2.8289762204724407
0
LINE
8
BLACK
6
CONTINUOUS
10
10.0661014960629913
20
-2.8289762204724407
11
10.0661024803149601
21
-2.8289710629921259
0
LINE
8
BLACK
6
CONTINUOUS
10
10.0661024803149601
20
-2.8289710629921259
11
10.0661024803149601
21
-2.8281849212598424
0
LINE
8
BLACK
6
CONTINUOUS
10
10.0661024803149601
20
-2.8281849212598424
11
10.0653110236220478
21
-2.826814409448819
0
LINE
8
BLACK
6
CONTINUOUS
10
10.0653110236220478
20
-2.826814409448819
11
10.0639402755905518
21
-2.8260233070866141
0
LINE
8
BLACK
6
CONTINUOUS
10
10.0639402755905518
20
-2.8260233070866141
11
10.0631489370078739
21
-2.8260234645669291
0
LINE
8
BLACK
6
CONTINUOUS
10
10.0631489370078739
20
-2.8260234645669291
11
10.0631488582677164
21
-2.8260234251968503
0
LINE
8
BLACK
6
CONTINUOUS
10
10.0631488582677164
20
-2.8260234251968503
11
10.0631487401574802
21
-2.8260234645669291
0
LINE
8
BLACK
6
CONTINUOUS
10
10.0631487401574802
20
-2.8260234645669291
11
9.9371646850393702
21
-2.8260234645669291
0
LINE
8
BLACK
6
CONTINUOUS
10
9.9371646850393702
20
-2.8260234645669291
11
9.9371644881889765
21
-2.8260234645669291
0
LINE
8
BLACK
6
CONTINUOUS
10
9.9371644881889765
20
-2.8260234645669291
11
9.93716090551181
21
-2.8260227559055116
0
LINE
8
BLACK
6
CONTINUOUS
10
9.93716090551181
20
-2.8260227559055116
11
9.9363734251968499
21
-2.8260229133858266
0
LINE
8
BLACK
6
CONTINUOUS
10
10.6872033858267717
20
-2.7303541338582678
11
10.6872034645669292
21
-2.7303541338582678
0
LINE
8
BLACK
6
CONTINUOUS
10
10.6872034645669292
20
-2.7303541338582678
11
10.6872036614173229
21
-2.7303541338582678
0
LINE
8
BLACK
6
CONTINUOUS
10
10.6872036614173229
20
-2.7303541338582678
11
10.8131879133858266
21
-2.7303541338582678
0
LINE
8
BLACK
6
CONTINUOUS
10
10.8131879133858266
20
-2.7303541338582678
11
10.8133993700787396
21
-2.7303961811023623
0
LINE
8
BLACK
6
CONTINUOUS
10
10.8133993700787396
20
-2.7303961811023623
11
10.815071377952755
21
-2.7307283464566927
0
LINE
8
BLACK
6
CONTINUOUS
10
10.815071377952755
20
-2.7307283464566927
11
10.8166684251968501
21
-2.7317950393700787
0
LINE
8
BLACK
6
CONTINUOUS
10
10.8166684251968501
20
-2.7317950393700787
11
10.817735629921259
21
-2.7333917716535434
0
LINE
8
BLACK
6
CONTINUOUS
10
10.817735629921259
20
-2.7333917716535434
11
10.8181104330708653
21
-2.7352753543307085
0
LINE
8
BLACK
6
CONTINUOUS
10
10.8181104330708653
20
-2.7352753543307085
11
10.818109173228347
21
-2.7352753543307085
0
LINE
8
BLACK
6
CONTINUOUS
10
10.818109173228347
20
-2.7352753543307085
11
10.818109173228347
21
-2.7352753937007872
0
LINE
8
BLACK
6
CONTINUOUS
10
10.818109173228347
20
-2.7352753937007872
11
10.818109173228347
21
-2.8455115748031496
0
LINE
8
BLACK
6
CONTINUOUS
10
10.818109173228347
20
-2.8455115748031496
11
10.8177346062992132
21
-2.8473948425196851
0
LINE
8
BLACK
6
CONTINUOUS
10
10.8177346062992132
20
-2.8473948425196851
11
10.8166677165354326
21
-2.8489912992125985
0
LINE
8
BLACK
6
CONTINUOUS
10
10.8166677165354326
20
-2.8489912992125985
11
10.8150709842519674
21
-2.8500578346456691
0
LINE
8
BLACK
6
CONTINUOUS
10
10.8150709842519674
20
-2.8500578346456691
11
10.8135655905511801
21
-2.8503568897637797
0
LINE
8
BLACK
6
CONTINUOUS
10
10.8135655905511801
20
-2.8503568897637797
11
10.8135645669291343
21
-2.8503579527559055
0
LINE
8
BLACK
6
CONTINUOUS
10
10.8135645669291343
20
-2.8503579527559055
11
10.8131879133858266
21
-2.8504328740157479
0
LINE
8
BLACK
6
CONTINUOUS
10
10.8131879133858266
20
-2.8504328740157479
11
10.8131876377952754
21
-2.8504328740157479
0
LINE
8
BLACK
6
CONTINUOUS
10
10.8131876377952754
20
-2.8504328740157479
11
10.6872036614173229
21
-2.8504328740157479
0
LINE
8
BLACK
6
CONTINUOUS
10
10.6872036614173229
20
-2.8504328740157479
11
10.6872034645669292
21
-2.8504328346456691
0
LINE
8
BLACK
6
CONTINUOUS
10
10.6872034645669292
20
-2.8504328346456691
11
10.6872033858267717
21
-2.8504328740157479
0
LINE
8
BLACK
6
CONTINUOUS
10
10.6872033858267717
20
-2.8504328740157479
11
10.6869882677165347
21
-2.85039
0
LINE
8
BLACK
6
CONTINUOUS
10
10.6869882677165347
20
-2.85039
11
10.6868270078740153
21
-2.8503579527559055
0
LINE
8
BLACK
6
CONTINUOUS
10
10.6868270078740153
20
-2.8503579527559055
11
10.6868269291338578
21
-2.850357874015748
0
LINE
8
BLACK
6
CONTINUOUS
10
10.6868269291338578
20
-2.850357874015748
11
10.6853205511811016
21
-2.8500578740157478
0
LINE
8
BLACK
6
CONTINUOUS
10
10.6853205511811016
20
-2.8500578740157478
11
10.6837244488188983
21
-2.8489909842519685
0
LINE
8
BLACK
6
CONTINUOUS
10
10.6837244488188983
20
-2.8489909842519685
11
10.6826580708661414
21
-2.8473945275590551
0
LINE
8
BLACK
6
CONTINUOUS
10
10.6826580708661414
20
-2.8473945275590551
11
10.6823588582677171
21
-2.845889803149606
0
LINE
8
BLACK
6
CONTINUOUS
10
10.6823588582677171
20
-2.845889803149606
11
10.6823573228346458
21
-2.8458882677165356
0
LINE
8
BLACK
6
CONTINUOUS
10
10.6823573228346458
20
-2.8458882677165356
11
10.6822824015748026
21
-2.8455116141732284
0
LINE
8
BLACK
6
CONTINUOUS
10
10.6822824015748026
20
-2.8455116141732284
11
10.6822824015748026
21
-2.7352753937007872
0
LINE
8
BLACK
6
CONTINUOUS
10
10.6822824015748026
20
-2.7352753937007872
11
10.6823573228346458
21
-2.7348987401574805
0
LINE
8
BLACK
6
CONTINUOUS
10
10.6823573228346458
20
-2.7348987401574805
11
10.6826570472440938
21
-2.7333920472440942
0
LINE
8
BLACK
6
CONTINUOUS
10
10.6826570472440938
20
-2.7333920472440942
11
10.6837237401574807
21
-2.7317953543307087
0
LINE
8
BLACK
6
CONTINUOUS
10
10.6837237401574807
20
-2.7317953543307087
11
10.6853201574803141
21
-2.730728307086614
0
LINE
8
BLACK
6
CONTINUOUS
10
10.6853201574803141
20
-2.730728307086614
11
10.6872033858267717
21
-2.7303532677165352
0
LINE
8
BLACK
6
CONTINUOUS
10
10.6872033858267717
20
-2.7303532677165352
11
10.6872033858267717
21
-2.7303541338582678
0
LINE
8
BLACK
6
CONTINUOUS
10
10.6864125984251963
20
-2.7323219291338581
11
10.6850421259842516
21
-2.7331134645669293
0
LINE
8
BLACK
6
CONTINUOUS
10
10.6850421259842516
20
-2.7331134645669293
11
10.68425090551181
21
-2.7344841338582677
0
LINE
8
BLACK
6
CONTINUOUS
10
10.68425090551181
20
-2.7344841338582677
11
10.68425090551181
21
-2.7352753543307085
0
LINE
8
BLACK
6
CONTINUOUS
10
10.68425090551181
20
-2.7352753543307085
11
10.68425090551181
21
-2.7352753937007872
0
LINE
8
BLACK
6
CONTINUOUS
10
10.68425090551181
20
-2.7352753937007872
11
10.68425090551181
21
-2.8455116141732284
0
LINE
8
BLACK
6
CONTINUOUS
10
10.68425090551181
20
-2.8455116141732284
11
10.68425090551181
21
-2.8455116535433072
0
LINE
8
BLACK
6
CONTINUOUS
10
10.68425090551181
20
-2.8455116535433072
11
10.6842521653543301
21
-2.8455116535433072
0
LINE
8
BLACK
6
CONTINUOUS
10
10.6842521653543301
20
-2.8455116535433072
11
10.6842520866141726
21
-2.8463026771653541
0
LINE
8
BLACK
6
CONTINUOUS
10
10.6842520866141726
20
-2.8463026771653541
11
10.6850429527559054
21
-2.8476729133858267
0
LINE
8
BLACK
6
CONTINUOUS
10
10.6850429527559054
20
-2.8476729133858267
11
10.6864129133858263
21
-2.848464212598425
0
LINE
8
BLACK
6
CONTINUOUS
10
10.6864129133858263
20
-2.848464212598425
11
10.6872039370078742
21
-2.84846437007874
0
LINE
8
BLACK
6
CONTINUOUS
10
10.6872039370078742
20
-2.84846437007874
11
10.8131879133858266
21
-2.84846437007874
0
LINE
8
BLACK
6
CONTINUOUS
10
10.8131879133858266
20
-2.84846437007874
11
10.8131880708661416
21
-2.84846437007874
0
LINE
8
BLACK
6
CONTINUOUS
10
10.8131880708661416
20
-2.84846437007874
11
10.8131881889763779
21
-2.84846437007874
0
LINE
8
BLACK
6
CONTINUOUS
10
10.8131881889763779
20
-2.84846437007874
11
10.8131881889763779
21
-2.8484635039370079
0
LINE
8
BLACK
6
CONTINUOUS
10
10.8131881889763779
20
-2.8484635039370079
11
10.8139792519685045
21
-2.8484637007874016
0
LINE
8
BLACK
6
CONTINUOUS
10
10.8139792519685045
20
-2.8484637007874016
11
10.8153495275590554
21
-2.8476728346456692
0
LINE
8
BLACK
6
CONTINUOUS
10
10.8153495275590554
20
-2.8476728346456692
11
10.8161406692913378
21
-2.8463027165354329
0
LINE
8
BLACK
6
CONTINUOUS
10
10.8161406692913378
20
-2.8463027165354329
11
10.8161406692913378
21
-2.8455116535433072
0
LINE
8
BLACK
6
CONTINUOUS
10
10.8161406692913378
20
-2.8455116535433072
11
10.8161406692913378
21
-2.8455116141732284
0
LINE
8
BLACK
6
CONTINUOUS
10
10.8161406692913378
20
-2.8455116141732284
11
10.8161406692913378
21
-2.7352753937007872
0
LINE
8
BLACK
6
CONTINUOUS
10
10.8161406692913378
20
-2.7352753937007872
11
10.8161418897637791
21
-2.7352690551181102
0
LINE
8
BLACK
6
CONTINUOUS
10
10.8161418897637791
20
-2.7352690551181102
11
10.8161418503937004
21
-2.734484094488189
0
LINE
8
BLACK
6
CONTINUOUS
10
10.8161418503937004
20
-2.734484094488189
11
10.8153503543307092
21
-2.7331135433070863
0
LINE
8
BLACK
6
CONTINUOUS
10
10.8153503543307092
20
-2.7331135433070863
11
10.813979527559054
21
-2.7323224409448819
0
LINE
8
BLACK
6
CONTINUOUS
10
10.813979527559054
20
-2.7323224409448819
11
10.8131881889763779
21
-2.7323226377952756
0
LINE
8
BLACK
6
CONTINUOUS
10
10.8131881889763779
20
-2.7323226377952756
11
10.8131880708661416
21
-2.7323225984251969
0
LINE
8
BLACK
6
CONTINUOUS
10
10.8131880708661416
20
-2.7323225984251969
11
10.8131879133858266
21
-2.7323226377952756
0
LINE
8
BLACK
6
CONTINUOUS
10
10.8131879133858266
20
-2.7323226377952756
11
10.6872039370078742
21
-2.7323226377952756
0
LINE
8
BLACK
6
CONTINUOUS
10
10.6872039370078742
20
-2.7323226377952756
11
10.6872036614173229
21
-2.7323226377952756
0
LINE
8
BLACK
6
CONTINUOUS
10
10.6872036614173229
20
-2.7323226377952756
11
10.6871992913385832
21
-2.7323217716535431
0
LINE
8
BLACK
6
CONTINUOUS
10
10.6871992913385832
20
-2.7323217716535431
11
10.6864125984251963
21
-2.7323219291338581
0
LINE
8
BLACK
6
CONTINUOUS
10
8.4371253937007875
20
-2.5429920866141731
11
8.4371254330708663
21
-2.5429920866141731
0
LINE
8
BLACK
6
CONTINUOUS
10
8.4371254330708663
20
-2.5429920866141731
11
8.4371255118110238
21
-2.5429920866141731
0
LINE
8
BLACK
6
CONTINUOUS
10
8.4371255118110238
20
-2.5429920866141731
11
8.5631097637795275
21
-2.5429920866141731
0
LINE
8
BLACK
6
CONTINUOUS
10
8.5631097637795275
20
-2.5429920866141731
11
8.5633346456692916
21
-2.5430368110236219
0
LINE
8
BLACK
6
CONTINUOUS
10
8.5633346456692916
20
-2.5430368110236219
11
8.5649931102362196
21
-2.543366535433071
0
LINE
8
BLACK
6
CONTINUOUS
10
8.5649931102362196
20
-2.543366535433071
11
8.5665898818897634
21
-2.5444332677165353
0
LINE
8
BLACK
6
CONTINUOUS
10
8.5665898818897634
20
-2.5444332677165353
11
8.5676568503936998
21
-2.5460299212598425
0
LINE
8
BLACK
6
CONTINUOUS
10
8.5676568503936998
20
-2.5460299212598425
11
8.5680315354330698
21
-2.547913346456693
0
LINE
8
BLACK
6
CONTINUOUS
10
8.5680315354330698
20
-2.547913346456693
11
8.5680310236220478
21
-2.547913346456693
0
LINE
8
BLACK
6
CONTINUOUS
10
8.5680310236220478
20
-2.547913346456693
11
8.5680310236220478
21
-2.6581495669291337
0
LINE
8
BLACK
6
CONTINUOUS
10
8.5680310236220478
20
-2.6581495669291337
11
8.5676564173228353
21
-2.6600327952755904
0
LINE
8
BLACK
6
CONTINUOUS
10
8.5676564173228353
20
-2.6600327952755904
11
8.5665895669291334
21
-2.6616293307086614
0
LINE
8
BLACK
6
CONTINUOUS
10
8.5665895669291334
20
-2.6616293307086614
11
8.5649929527559046
21
-2.6626959842519686
0
LINE
8
BLACK
6
CONTINUOUS
10
8.5649929527559046
20
-2.6626959842519686
11
8.5634869291338589
21
-2.6629953543307088
0
LINE
8
BLACK
6
CONTINUOUS
10
8.5634869291338589
20
-2.6629953543307088
11
8.5634864173228351
21
-2.6629959055118109
0
LINE
8
BLACK
6
CONTINUOUS
10
8.5634864173228351
20
-2.6629959055118109
11
8.5631097637795275
21
-2.6630708267716536
0
LINE
8
BLACK
6
CONTINUOUS
10
8.5631097637795275
20
-2.6630708267716536
11
8.5631096456692912
21
-2.6630708267716536
0
LINE
8
BLACK
6
CONTINUOUS
10
8.5631096456692912
20
-2.6630708267716536
11
8.4371255118110238
21
-2.6630708267716536
0
LINE
8
BLACK
6
CONTINUOUS
10
8.4371255118110238
20
-2.6630708267716536
11
8.4371254330708663
21
-2.6630707874015749
0
LINE
8
BLACK
6
CONTINUOUS
10
8.4371254330708663
20
-2.6630707874015749
11
8.4371253937007875
21
-2.6630708267716536
0
LINE
8
BLACK
6
CONTINUOUS
10
8.4371253937007875
20
-2.6630708267716536
11
8.4368910629921263
21
-2.6630241732283464
0
LINE
8
BLACK
6
CONTINUOUS
10
8.4368910629921263
20
-2.6630241732283464
11
8.4367488582677161
21
-2.6629959055118109
0
LINE
8
BLACK
6
CONTINUOUS
10
8.4367488582677161
20
-2.6629959055118109
11
8.4367488188976374
21
-2.6629958661417321
0
LINE
8
BLACK
6
CONTINUOUS
10
8.4367488188976374
20
-2.6629958661417321
11
8.4352422834645662
21
-2.6626960629921261
0
LINE
8
BLACK
6
CONTINUOUS
10
8.4352422834645662
20
-2.6626960629921261
11
8.4336459448818903
21
-2.6616292125984251
0
LINE
8
BLACK
6
CONTINUOUS
10
8.4336459448818903
20
-2.6616292125984251
11
8.4325792913385822
21
-2.6600327165354329
0
LINE
8
BLACK
6
CONTINUOUS
10
8.4325792913385822
20
-2.6600327165354329
11
8.4322797637795279
21
-2.6585268110236222
0
LINE
8
BLACK
6
CONTINUOUS
10
8.4322797637795279
20
-2.6585268110236222
11
8.4322791732283466
21
-2.6585262204724409
0
LINE
8
BLACK
6
CONTINUOUS
10
8.4322791732283466
20
-2.6585262204724409
11
8.4322042519685034
21
-2.6581495669291337
0
LINE
8
BLACK
6
CONTINUOUS
10
8.4322042519685034
20
-2.6581495669291337
11
8.4322042519685034
21
-2.547913346456693
0
LINE
8
BLACK
6
CONTINUOUS
10
8.4322042519685034
20
-2.547913346456693
11
8.4322791732283466
21
-2.5475366929133858
0
LINE
8
BLACK
6
CONTINUOUS
10
8.4322791732283466
20
-2.5475366929133858
11
8.4325788582677159
21
-2.5460300393700788
0
LINE
8
BLACK
6
CONTINUOUS
10
8.4325788582677159
20
-2.5460300393700788
11
8.4336455905511816
21
-2.5444333858267716
0
LINE
8
BLACK
6
CONTINUOUS
10
8.4336455905511816
20
-2.5444333858267716
11
8.4352421259842512
21
-2.5433664566929135
0
LINE
8
BLACK
6
CONTINUOUS
10
8.4352421259842512
20
-2.5433664566929135
11
8.4371253937007875
21
-2.5429916535433068
0
LINE
8
BLACK
6
CONTINUOUS
10
8.4371253937007875
20
-2.5429916535433068
11
8.4371253937007875
21
-2.5429920866141731
0
LINE
8
BLACK
6
CONTINUOUS
10
8.4363343700787397
20
-2.5449602362204722
11
8.4349639370078737
21
-2.5457516141732284
0
LINE
8
BLACK
6
CONTINUOUS
10
8.4349639370078737
20
-2.5457516141732284
11
8.4341727559055109
21
-2.5471221259842518
0
LINE
8
BLACK
6
CONTINUOUS
10
8.4341727559055109
20
-2.5471221259842518
11
8.4341727559055109
21
-2.547913346456693
0
LINE
8
BLACK
6
CONTINUOUS
10
8.4341727559055109
20
-2.547913346456693
11
8.4341727559055109
21
-2.6581495669291337
0
LINE
8
BLACK
6
CONTINUOUS
10
8.4341727559055109
20
-2.6581495669291337
11
8.4341732677165346
21
-2.6581495669291337
0
LINE
8
BLACK
6
CONTINUOUS
10
8.4341732677165346
20
-2.6581495669291337
11
8.4341732283464559
21
-2.6589407086614174
0
LINE
8
BLACK
6
CONTINUOUS
10
8.4341732283464559
20
-2.6589407086614174
11
8.4349642913385825
21
-2.6603110236220471
0
LINE
8
BLACK
6
CONTINUOUS
10
8.4349642913385825
20
-2.6603110236220471
11
8.4363344881889759
21
-2.6611022440944883
0
LINE
8
BLACK
6
CONTINUOUS
10
8.4363344881889759
20
-2.6611022440944883
11
8.43712562992126
21
-2.6611023228346458
0
LINE
8
BLACK
6
CONTINUOUS
10
8.43712562992126
20
-2.6611023228346458
11
8.5631097637795275
21
-2.6611023228346458
0
LINE
8
BLACK
6
CONTINUOUS
10
8.5631097637795275
20
-2.6611023228346458
11
8.5631098031496062
21
-2.6611023228346458
0
LINE
8
BLACK
6
CONTINUOUS
10
8.5631098031496062
20
-2.6611023228346458
11
8.5631098818897637
21
-2.6611023228346458
0
LINE
8
BLACK
6
CONTINUOUS
10
8.5631098818897637
20
-2.6611023228346458
11
8.5631098818897637
21
-2.6611018897637795
0
LINE
8
BLACK
6
CONTINUOUS
10
8.5631098818897637
20
-2.6611018897637795
11
8.5639010236220479
21
-2.661101968503937
0
LINE
8
BLACK
6
CONTINUOUS
10
8.5639010236220479
20
-2.661101968503937
11
8.5652713385826775
21
-2.6603109448818896
0
LINE
8
BLACK
6
CONTINUOUS
10
8.5652713385826775
20
-2.6603109448818896
11
8.5660624803149599
21
-2.6589407086614174
0
LINE
8
BLACK
6
CONTINUOUS
10
8.5660624803149599
20
-2.6589407086614174
11
8.5660625196850386
21
-2.6581495669291337
0
LINE
8
BLACK
6
CONTINUOUS
10
8.5660625196850386
20
-2.6581495669291337
11
8.5660625196850386
21
-2.547913346456693
0
LINE
8
BLACK
6
CONTINUOUS
10
8.5660625196850386
20
-2.547913346456693
11
8.5660630314960624
21
-2.5479107480314962
0
LINE
8
BLACK
6
CONTINUOUS
10
8.5660630314960624
20
-2.5479107480314962
11
8.5660630314960624
21
-2.5471220866141731
0
LINE
8
BLACK
6
CONTINUOUS
10
8.5660630314960624
20
-2.5471220866141731
11
8.5652716929133863
21
-2.5457516535433071
0
LINE
8
BLACK
6
CONTINUOUS
10
8.5652716929133863
20
-2.5457516535433071
11
8.5639011417322841
21
-2.5449605118110235
0
LINE
8
BLACK
6
CONTINUOUS
10
8.5639011417322841
20
-2.5449605118110235
11
8.5631098818897637
21
-2.544960590551181
0
LINE
8
BLACK
6
CONTINUOUS
10
8.5631098818897637
20
-2.544960590551181
11
8.5631098031496062
21
-2.5449605511811022
0
LINE
8
BLACK
6
CONTINUOUS
10
8.5631098031496062
20
-2.5449605511811022
11
8.5631097637795275
21
-2.544960590551181
0
LINE
8
BLACK
6
CONTINUOUS
10
8.5631097637795275
20
-2.544960590551181
11
8.43712562992126
21
-2.544960590551181
0
LINE
8
BLACK
6
CONTINUOUS
10
8.43712562992126
20
-2.544960590551181
11
8.4371255118110238
21
-2.544960590551181
0
LINE
8
BLACK
6
CONTINUOUS
10
8.4371255118110238
20
-2.544960590551181
11
8.4371233070866136
21
-2.5449601574803151
0
LINE
8
BLACK
6
CONTINUOUS
10
8.4371233070866136
20
-2.5449601574803151
11
8.4363343700787397
21
-2.5449602362204722
0
LINE
8
BLACK
6
CONTINUOUS
10
12.1872426771653544
20
-2.2618110236220472
11
12.1872427559055119
21
-2.2618110236220472
0
LINE
8
BLACK
6
CONTINUOUS
10
12.1872427559055119
20
-2.2618110236220472
11
12.1872429527559056
21
-2.2618110236220472
0
LINE
8
BLACK
6
CONTINUOUS
10
12.1872429527559056
20
-2.2618110236220472
11
12.3132272047244093
21
-2.2618110236220472
0
LINE
8
BLACK
6
CONTINUOUS
10
12.3132272047244093
20
-2.2618110236220472
11
12.3134421259842508
21
-2.2618537401574801
0
LINE
8
BLACK
6
CONTINUOUS
10
12.3134421259842508
20
-2.2618537401574801
11
12.3151106299212589
21
-2.2621852362204722
0
LINE
8
BLACK
6
CONTINUOUS
10
12.3151106299212589
20
-2.2621852362204722
11
12.3167077165354328
21
-2.2632519291338582
0
LINE
8
BLACK
6
CONTINUOUS
10
12.3167077165354328
20
-2.2632519291338582
11
12.3177748425196842
21
-2.2648486614173229
0
LINE
8
BLACK
6
CONTINUOUS
10
12.3177748425196842
20
-2.2648486614173229
11
12.3181496062992117
21
-2.2667322834645667
0
LINE
8
BLACK
6
CONTINUOUS
10
12.3181496062992117
20
-2.2667322834645667
11
12.3181484645669297
21
-2.2667322834645667
0
LINE
8
BLACK
6
CONTINUOUS
10
12.3181484645669297
20
-2.2667322834645667
11
12.3181484645669297
21
-2.3769685039370079
0
LINE
8
BLACK
6
CONTINUOUS
10
12.3181484645669297
20
-2.3769685039370079
11
12.3177738188976367
21
-2.3788516929133858
0
LINE
8
BLACK
6
CONTINUOUS
10
12.3177738188976367
20
-2.3788516929133858
11
12.316706889763779
21
-2.3804480708661417
0
LINE
8
BLACK
6
CONTINUOUS
10
12.316706889763779
20
-2.3804480708661417
11
12.3151101968503927
21
-2.3815145275590552
0
LINE
8
BLACK
6
CONTINUOUS
10
12.3151101968503927
20
-2.3815145275590552
11
12.3136051968503928
21
-2.3818134645669291
0
LINE
8
BLACK
6
CONTINUOUS
10
12.3136051968503928
20
-2.3818134645669291
11
12.313603858267717
21
-2.381814842519685
0
LINE
8
BLACK
6
CONTINUOUS
10
12.313603858267717
20
-2.381814842519685
11
12.3132272047244093
21
-2.3818897637795273
0
LINE
8
BLACK
6
CONTINUOUS
10
12.3132272047244093
20
-2.3818897637795273
11
12.3132269291338581
21
-2.3818897637795273
0
LINE
8
BLACK
6
CONTINUOUS
10
12.3132269291338581
20
-2.3818897637795273
11
12.1872429527559056
21
-2.3818897637795273
0
LINE
8
BLACK
6
CONTINUOUS
10
12.1872429527559056
20
-2.3818897637795273
11
12.1872427559055119
21
-2.3818897244094486
0
LINE
8
BLACK
6
CONTINUOUS
10
12.1872427559055119
20
-2.3818897244094486
11
12.1872426771653544
21
-2.3818897637795273
0
LINE
8
BLACK
6
CONTINUOUS
10
12.1872426771653544
20
-2.3818897637795273
11
12.1870239763779526
21
-2.3818461811023623
0
LINE
8
BLACK
6
CONTINUOUS
10
12.1870239763779526
20
-2.3818461811023623
11
12.186866299212598
21
-2.381814842519685
0
LINE
8
BLACK
6
CONTINUOUS
10
12.186866299212598
20
-2.381814842519685
11
12.1868662204724405
21
-2.3818147637795275
0
LINE
8
BLACK
6
CONTINUOUS
10
12.1868662204724405
20
-2.3818147637795275
11
12.1853598031496055
21
-2.3815147637795273
0
LINE
8
BLACK
6
CONTINUOUS
10
12.1853598031496055
20
-2.3815147637795273
11
12.1837637401574792
21
-2.380447874015748
0
LINE
8
BLACK
6
CONTINUOUS
10
12.1837637401574792
20
-2.380447874015748
11
12.1826973228346453
21
-2.3788514566929133
0
LINE
8
BLACK
6
CONTINUOUS
10
12.1826973228346453
20
-2.3788514566929133
11
12.1823979921259848
21
-2.377346535433071
0
LINE
8
BLACK
6
CONTINUOUS
10
12.1823979921259848
20
-2.377346535433071
11
12.1823966141732285
21
-2.3773451574803151
0
LINE
8
BLACK
6
CONTINUOUS
10
12.1823966141732285
20
-2.3773451574803151
11
12.1823216929133853
21
-2.3769685039370079
0
LINE
8
BLACK
6
CONTINUOUS
10
12.1823216929133853
20
-2.3769685039370079
11
12.1823216929133853
21
-2.2667322834645667
0
LINE
8
BLACK
6
CONTINUOUS
10
12.1823216929133853
20
-2.2667322834645667
11
12.1823966141732285
21
-2.2663556299212599
0
LINE
8
BLACK
6
CONTINUOUS
10
12.1823966141732285
20
-2.2663556299212599
11
12.182696259842519
21
-2.2648488976377954
0
LINE
8
BLACK
6
CONTINUOUS
10
12.182696259842519
20
-2.2648488976377954
11
12.1837629133858272
21
-2.263252125984252
0
LINE
8
BLACK
6
CONTINUOUS
10
12.1837629133858272
20
-2.263252125984252
11
12.1853593700787393
21
-2.2621850000000001
0
LINE
8
BLACK
6
CONTINUOUS
10
12.1853593700787393
20
-2.2621850000000001
11
12.1872426771653544
21
-2.2618098818897638
0
LINE
8
BLACK
6
CONTINUOUS
10
12.1872426771653544
20
-2.2618098818897638
11
12.1872426771653544
21
-2.2618110236220472
0
LINE
8
BLACK
6
CONTINUOUS
10
12.186451889763779
20
-2.2637785826771655
11
12.1850813779527556
21
-2.2645701968503937
0
LINE
8
BLACK
6
CONTINUOUS
10
12.1850813779527556
20
-2.2645701968503937
11
12.184290157480314
21
-2.2659409448818897
0
LINE
8
BLACK
6
CONTINUOUS
10
12.184290157480314
20
-2.2659409448818897
11
12.1842901968503927
21
-2.2667322834645667
0
LINE
8
BLACK
6
CONTINUOUS
10
12.1842901968503927
20
-2.2667322834645667
11
12.1842901968503927
21
-2.3769685039370079
0
LINE
8
BLACK
6
CONTINUOUS
10
12.1842901968503927
20
-2.3769685039370079
11
12.1842913385826765
21
-2.3769685039370079
0
LINE
8
BLACK
6
CONTINUOUS
10
12.1842913385826765
20
-2.3769685039370079
11
12.1842912992125978
21
-2.3777595669291336
0
LINE
8
BLACK
6
CONTINUOUS
10
12.1842912992125978
20
-2.3777595669291336
11
12.1850822047244094
21
-2.3791297637795275
0
LINE
8
BLACK
6
CONTINUOUS
10
12.1850822047244094
20
-2.3791297637795275
11
12.186452204724409
21
-2.3799210629921261
0
LINE
8
BLACK
6
CONTINUOUS
10
12.186452204724409
20
-2.3799210629921261
11
12.1872432283464569
21
-2.3799212598425195
0
LINE
8
BLACK
6
CONTINUOUS
10
12.1872432283464569
20
-2.3799212598425195
11
12.3132272047244093
21
-2.3799212598425195
0
LINE
8
BLACK
6
CONTINUOUS
10
12.3132272047244093
20
-2.3799212598425195
11
12.3132273622047244
21
-2.3799212598425195
0
LINE
8
BLACK
6
CONTINUOUS
10
12.3132273622047244
20
-2.3799212598425195
11
12.3132274803149606
21
-2.3799212598425195
0
LINE
8
BLACK
6
CONTINUOUS
10
12.3132274803149606
20
-2.3799212598425195
11
12.3132274803149606
21
-2.3799201181102361
0
LINE
8
BLACK
6
CONTINUOUS
10
12.3132274803149606
20
-2.3799201181102361
11
12.3140185039370085
21
-2.3799203149606298
0
LINE
8
BLACK
6
CONTINUOUS
10
12.3140185039370085
20
-2.3799203149606298
11
12.3153887795275594
21
-2.3791295669291337
0
LINE
8
BLACK
6
CONTINUOUS
10
12.3153887795275594
20
-2.3791295669291337
11
12.3161799212598417
21
-2.3777595275590553
0
LINE
8
BLACK
6
CONTINUOUS
10
12.3161799212598417
20
-2.3777595275590553
11
12.3161799606299205
21
-2.3769685039370079
0
LINE
8
BLACK
6
CONTINUOUS
10
12.3161799606299205
20
-2.3769685039370079
11
12.3161799606299205
21
-2.2667322834645667
0
LINE
8
BLACK
6
CONTINUOUS
10
12.3161799606299205
20
-2.2667322834645667
11
12.3161810629921256
21
-2.266726535433071
0
LINE
8
BLACK
6
CONTINUOUS
10
12.3161810629921256
20
-2.266726535433071
11
12.3161810629921256
21
-2.2659409448818897
0
LINE
8
BLACK
6
CONTINUOUS
10
12.3161810629921256
20
-2.2659409448818897
11
12.3153896062992132
21
-2.2645703937007875
0
LINE
8
BLACK
6
CONTINUOUS
10
12.3153896062992132
20
-2.2645703937007875
11
12.3140188188976367
21
-2.2637793307086613
0
LINE
8
BLACK
6
CONTINUOUS
10
12.3140188188976367
20
-2.2637793307086613
11
12.3132274803149606
21
-2.2637795275590551
0
LINE
8
BLACK
6
CONTINUOUS
10
12.3132274803149606
20
-2.2637795275590551
11
12.3132273622047244
21
-2.2637794881889763
0
LINE
8
BLACK
6
CONTINUOUS
10
12.3132273622047244
20
-2.2637794881889763
11
12.3132272047244093
21
-2.2637795275590551
0
LINE
8
BLACK
6
CONTINUOUS
10
12.3132272047244093
20
-2.2637795275590551
11
12.1872432283464569
21
-2.2637795275590551
0
LINE
8
BLACK
6
CONTINUOUS
10
12.1872432283464569
20
-2.2637795275590551
11
12.1872429527559056
21
-2.2637795275590551
0
LINE
8
BLACK
6
CONTINUOUS
10
12.1872429527559056
20
-2.2637795275590551
11
12.1872372047244095
21
-2.2637783858267717
0
LINE
8
BLACK
6
CONTINUOUS
10
12.1872372047244095
20
-2.2637783858267717
11
12.186451889763779
21
-2.2637785826771655
0
LINE
8
BLACK
6
CONTINUOUS
10
12.9372426771653544
20
-2.2618110236220472
11
12.9372427559055119
21
-2.2618110236220472
0
LINE
8
BLACK
6
CONTINUOUS
10
12.9372427559055119
20
-2.2618110236220472
11
12.9372429527559056
21
-2.2618110236220472
0
LINE
8
BLACK
6
CONTINUOUS
10
12.9372429527559056
20
-2.2618110236220472
11
13.0632272047244093
21
-2.2618110236220472
0
LINE
8
BLACK
6
CONTINUOUS
10
13.0632272047244093
20
-2.2618110236220472
11
13.0634421259842508
21
-2.2618537401574801
0
LINE
8
BLACK
6
CONTINUOUS
10
13.0634421259842508
20
-2.2618537401574801
11
13.0651106299212589
21
-2.2621852362204722
0
LINE
8
BLACK
6
CONTINUOUS
10
13.0651106299212589
20
-2.2621852362204722
11
13.0667077165354328
21
-2.2632519291338582
0
LINE
8
BLACK
6
CONTINUOUS
10
13.0667077165354328
20
-2.2632519291338582
11
13.0677748425196842
21
-2.2648486614173229
0
LINE
8
BLACK
6
CONTINUOUS
10
13.0677748425196842
20
-2.2648486614173229
11
13.0681496062992117
21
-2.2667322834645667
0
LINE
8
BLACK
6
CONTINUOUS
10
13.0681496062992117
20
-2.2667322834645667
11
13.0681484645669297
21
-2.2667322834645667
0
LINE
8
BLACK
6
CONTINUOUS
10
13.0681484645669297
20
-2.2667322834645667
11
13.0681484645669297
21
-2.3769685039370079
0
LINE
8
BLACK
6
CONTINUOUS
10
13.0681484645669297
20
-2.3769685039370079
11
13.0677738188976367
21
-2.3788516929133858
0
LINE
8
BLACK
6
CONTINUOUS
10
13.0677738188976367
20
-2.3788516929133858
11
13.066706889763779
21
-2.3804480708661417
0
LINE
8
BLACK
6
CONTINUOUS
10
13.066706889763779
20
-2.3804480708661417
11
13.0651101968503927
21
-2.3815145275590552
0
LINE
8
BLACK
6
CONTINUOUS
10
13.0651101968503927
20
-2.3815145275590552
11
13.0636051968503928
21
-2.3818134645669291
0
LINE
8
BLACK
6
CONTINUOUS
10
13.0636051968503928
20
-2.3818134645669291
11
13.063603858267717
21
-2.381814842519685
0
LINE
8
BLACK
6
CONTINUOUS
10
13.063603858267717
20
-2.381814842519685
11
13.0632272047244093
21
-2.3818897637795273
0
LINE
8
BLACK
6
CONTINUOUS
10
13.0632272047244093
20
-2.3818897637795273
11
13.0632269291338581
21
-2.3818897637795273
0
LINE
8
BLACK
6
CONTINUOUS
10
13.0632269291338581
20
-2.3818897637795273
11
12.9372429527559056
21
-2.3818897637795273
0
LINE
8
BLACK
6
CONTINUOUS
10
12.9372429527559056
20
-2.3818897637795273
11
12.9372427559055119
21
-2.3818897244094486
0
LINE
8
BLACK
6
CONTINUOUS
10
12.9372427559055119
20
-2.3818897244094486
11
12.9372426771653544
21
-2.3818897637795273
0
LINE
8
BLACK
6
CONTINUOUS
10
12.9372426771653544
20
-2.3818897637795273
11
12.9370239763779526
21
-2.3818461811023623
0
LINE
8
BLACK
6
CONTINUOUS
10
12.9370239763779526
20
-2.3818461811023623
11
12.936866299212598
21
-2.381814842519685
0
LINE
8
BLACK
6
CONTINUOUS
10
12.936866299212598
20
-2.381814842519685
11
12.9368662204724405
21
-2.3818147637795275
0
LINE
8
BLACK
6
CONTINUOUS
10
12.9368662204724405
20
-2.3818147637795275
11
12.9353598031496055
21
-2.3815147637795273
0
LINE
8
BLACK
6
CONTINUOUS
10
12.9353598031496055
20
-2.3815147637795273
11
12.9337637401574792
21
-2.380447874015748
0
LINE
8
BLACK
6
CONTINUOUS
10
12.9337637401574792
20
-2.380447874015748
11
12.9326973228346453
21
-2.3788514566929133
0
LINE
8
BLACK
6
CONTINUOUS
10
12.9326973228346453
20
-2.3788514566929133
11
12.9323979921259848
21
-2.377346535433071
0
LINE
8
BLACK
6
CONTINUOUS
10
12.9323979921259848
20
-2.377346535433071
11
12.9323966141732285
21
-2.3773451574803151
0
LINE
8
BLACK
6
CONTINUOUS
10
12.9323966141732285
20
-2.3773451574803151
11
12.9323216929133853
21
-2.3769685039370079
0
LINE
8
BLACK
6
CONTINUOUS
10
12.9323216929133853
20
-2.3769685039370079
11
12.9323216929133853
21
-2.2667322834645667
0
LINE
8
BLACK
6
CONTINUOUS
10
12.9323216929133853
20
-2.2667322834645667
11
12.9323966141732285
21
-2.2663556299212599
0
LINE
8
BLACK
6
CONTINUOUS
10
12.9323966141732285
20
-2.2663556299212599
11
12.932696259842519
21
-2.2648488976377954
0
LINE
8
BLACK
6
CONTINUOUS
10
12.932696259842519
20
-2.2648488976377954
11
12.9337629133858272
21
-2.263252125984252
0
LINE
8
BLACK
6
CONTINUOUS
10
12.9337629133858272
20
-2.263252125984252
11
12.9353593700787393
21
-2.2621850000000001
0
LINE
8
BLACK
6
CONTINUOUS
10
12.9353593700787393
20
-2.2621850000000001
11
12.9372426771653544
21
-2.2618098818897638
0
LINE
8
BLACK
6
CONTINUOUS
10
12.9372426771653544
20
-2.2618098818897638
11
12.9372426771653544
21
-2.2618110236220472
0
LINE
8
BLACK
6
CONTINUOUS
10
12.936451889763779
20
-2.2637785826771655
11
12.9350813779527556
21
-2.2645701968503937
0
LINE
8
BLACK
6
CONTINUOUS
10
12.9350813779527556
20
-2.2645701968503937
11
12.934290157480314
21
-2.2659409448818897
0
LINE
8
BLACK
6
CONTINUOUS
10
12.934290157480314
20
-2.2659409448818897
11
12.9342901968503927
21
-2.2667322834645667
0
LINE
8
BLACK
6
CONTINUOUS
10
12.9342901968503927
20
-2.2667322834645667
11
12.9342901968503927
21
-2.3769685039370079
0
LINE
8
BLACK
6
CONTINUOUS
10
12.9342901968503927
20
-2.3769685039370079
11
12.9342913385826765
21
-2.3769685039370079
0
LINE
8
BLACK
6
CONTINUOUS
10
12.9342913385826765
20
-2.3769685039370079
11
12.9342912992125978
21
-2.3777595669291336
0
LINE
8
BLACK
6
CONTINUOUS
10
12.9342912992125978
20
-2.3777595669291336
11
12.9350822047244094
21
-2.3791297637795275
0
LINE
8
BLACK
6
CONTINUOUS
10
12.9350822047244094
20
-2.3791297637795275
11
12.936452204724409
21
-2.3799210629921261
0
LINE
8
BLACK
6
CONTINUOUS
10
12.936452204724409
20
-2.3799210629921261
11
12.9372432283464569
21
-2.3799212598425195
0
LINE
8
BLACK
6
CONTINUOUS
10
12.9372432283464569
20
-2.3799212598425195
11
13.0632272047244093
21
-2.3799212598425195
0
LINE
8
BLACK
6
CONTINUOUS
10
13.0632272047244093
20
-2.3799212598425195
11
13.0632273622047244
21
-2.3799212598425195
0
LINE
8
BLACK
6
CONTINUOUS
10
13.0632273622047244
20
-2.3799212598425195
11
13.0632274803149606
21
-2.3799212598425195
0
LINE
8
BLACK
6
CONTINUOUS
10
13.0632274803149606
20
-2.3799212598425195
11
13.0632274803149606
21
-2.3799201181102361
0
LINE
8
BLACK
6
CONTINUOUS
10
13.0632274803149606
20
-2.3799201181102361
11
13.0640185039370067
21
-2.3799203149606298
0
LINE
8
BLACK
6
CONTINUOUS
10
13.0640185039370067
20
-2.3799203149606298
11
13.0653887795275594
21
-2.3791295669291337
0
LINE
8
BLACK
6
CONTINUOUS
10
13.0653887795275594
20
-2.3791295669291337
11
13.0661799212598417
21
-2.3777595275590553
0
LINE
8
BLACK
6
CONTINUOUS
10
13.0661799212598417
20
-2.3777595275590553
11
13.0661799606299205
21
-2.3769685039370079
0
LINE
8
BLACK
6
CONTINUOUS
10
13.0661799606299205
20
-2.3769685039370079
11
13.0661799606299205
21
-2.2667322834645667
0
LINE
8
BLACK
6
CONTINUOUS
10
13.0661799606299205
20
-2.2667322834645667
11
13.0661810629921256
21
-2.266726535433071
0
LINE
8
BLACK
6
CONTINUOUS
10
13.0661810629921256
20
-2.266726535433071
11
13.0661810629921256
21
-2.2659409448818897
0
LINE
8
BLACK
6
CONTINUOUS
10
13.0661810629921256
20
-2.2659409448818897
11
13.0653896062992114
21
-2.2645703937007875
0
LINE
8
BLACK
6
CONTINUOUS
10
13.0653896062992114
20
-2.2645703937007875
11
13.0640188188976367
21
-2.2637793307086613
0
LINE
8
BLACK
6
CONTINUOUS
10
13.0640188188976367
20
-2.2637793307086613
11
13.0632274803149606
21
-2.2637795275590551
0
LINE
8
BLACK
6
CONTINUOUS
10
13.0632274803149606
20
-2.2637795275590551
11
13.0632273622047244
21
-2.2637794881889763
0
LINE
8
BLACK
6
CONTINUOUS
10
13.0632273622047244
20
-2.2637794881889763
11
13.0632272047244093
21
-2.2637795275590551
0
LINE
8
BLACK
6
CONTINUOUS
10
13.0632272047244093
20
-2.2637795275590551
11
12.9372432283464569
21
-2.2637795275590551
0
LINE
8
BLACK
6
CONTINUOUS
10
12.9372432283464569
20
-2.2637795275590551
11
12.9372429527559056
21
-2.2637795275590551
0
LINE
8
BLACK
6
CONTINUOUS
10
12.9372429527559056
20
-2.2637795275590551
11
12.9372372047244095
21
-2.2637783858267717
0
LINE
8
BLACK
6
CONTINUOUS
10
12.9372372047244095
20
-2.2637783858267717
11
12.936451889763779
21
-2.2637785826771655
0
LINE
8
BLACK
6
CONTINUOUS
10
9.1871641338582677
20
-2.1679132677165356
11
9.1871642125984252
21
-2.1679132677165356
0
LINE
8
BLACK
6
CONTINUOUS
10
9.1871642125984252
20
-2.1679132677165356
11
9.1871643700787402
21
-2.1679132677165356
0
LINE
8
BLACK
6
CONTINUOUS
10
9.1871643700787402
20
-2.1679132677165356
11
9.3131486220472439
21
-2.1679132677165356
0
LINE
8
BLACK
6
CONTINUOUS
10
9.3131486220472439
20
-2.1679132677165356
11
9.3133529527559045
21
-2.1679538976377954
0
LINE
8
BLACK
6
CONTINUOUS
10
9.3133529527559045
20
-2.1679538976377954
11
9.3150320472440935
21
-2.1682875196850393
0
LINE
8
BLACK
6
CONTINUOUS
10
9.3150320472440935
20
-2.1682875196850393
11
9.3166290551181099
21
-2.1693542125984253
0
LINE
8
BLACK
6
CONTINUOUS
10
9.3166290551181099
20
-2.1693542125984253
11
9.3176962204724401
21
-2.1709509448818896
0
LINE
8
BLACK
6
CONTINUOUS
10
9.3176962204724401
20
-2.1709509448818896
11
9.3180709842519676
21
-2.1728344881889763
0
LINE
8
BLACK
6
CONTINUOUS
10
9.3180709842519676
20
-2.1728344881889763
11
9.3180698818897643
21
-2.1728344881889763
0
LINE
8
BLACK
6
CONTINUOUS
10
9.3180698818897643
20
-2.1728344881889763
11
9.3180698818897643
21
-2.172834527559055
0
LINE
8
BLACK
6
CONTINUOUS
10
9.3180698818897643
20
-2.172834527559055
11
9.3180698818897643
21
-2.2830707086614175
0
LINE
8
BLACK
6
CONTINUOUS
10
9.3180698818897643
20
-2.2830707086614175
11
9.3176952755905518
21
-2.2849539370078737
0
LINE
8
BLACK
6
CONTINUOUS
10
9.3176952755905518
20
-2.2849539370078737
11
9.3166283858267711
21
-2.2865503937007872
0
LINE
8
BLACK
6
CONTINUOUS
10
9.3166283858267711
20
-2.2865503937007872
11
9.3150316929133847
21
-2.2876169291338582
0
LINE
8
BLACK
6
CONTINUOUS
10
9.3150316929133847
20
-2.2876169291338582
11
9.3135262992125973
21
-2.287916023622047
0
LINE
8
BLACK
6
CONTINUOUS
10
9.3135262992125973
20
-2.287916023622047
11
9.3135252755905515
21
-2.2879170866141734
0
LINE
8
BLACK
6
CONTINUOUS
10
9.3135252755905515
20
-2.2879170866141734
11
9.3131486220472439
21
-2.2879920078740157
0
LINE
8
BLACK
6
CONTINUOUS
10
9.3131486220472439
20
-2.2879920078740157
11
9.3131483858267714
21
-2.2879920078740157
0
LINE
8
BLACK
6
CONTINUOUS
10
9.3131483858267714
20
-2.2879920078740157
11
9.1871643700787402
21
-2.2879920078740157
0
LINE
8
BLACK
6
CONTINUOUS
10
9.1871643700787402
20
-2.2879920078740157
11
9.1871642125984252
21
-2.2879919685039369
0
LINE
8
BLACK
6
CONTINUOUS
10
9.1871642125984252
20
-2.2879919685039369
11
9.1871641338582677
21
-2.2879920078740157
0
LINE
8
BLACK
6
CONTINUOUS
10
9.1871641338582677
20
-2.2879920078740157
11
9.1869558661417319
21
-2.2879505118110237
0
LINE
8
BLACK
6
CONTINUOUS
10
9.1869558661417319
20
-2.2879505118110237
11
9.1867877165354326
21
-2.2879170866141734
0
LINE
8
BLACK
6
CONTINUOUS
10
9.1867877165354326
20
-2.2879170866141734
11
9.1867876377952751
21
-2.2879170078740159
0
LINE
8
BLACK
6
CONTINUOUS
10
9.1867876377952751
20
-2.2879170078740159
11
9.1852812204724401
21
-2.2876170472440944
0
LINE
8
BLACK
6
CONTINUOUS
10
9.1852812204724401
20
-2.2876170472440944
11
9.183685078740158
21
-2.2865501574803151
0
LINE
8
BLACK
6
CONTINUOUS
10
9.183685078740158
20
-2.2865501574803151
11
9.1826186614173224
21
-2.2849537007874017
0
LINE
8
BLACK
6
CONTINUOUS
10
9.1826186614173224
20
-2.2849537007874017
11
9.1823193700787407
21
-2.2834487401574801
0
LINE
8
BLACK
6
CONTINUOUS
10
9.1823193700787407
20
-2.2834487401574801
11
9.1823180314960631
21
-2.283447401574803
0
LINE
8
BLACK
6
CONTINUOUS
10
9.1823180314960631
20
-2.283447401574803
11
9.1822431102362199
21
-2.2830707480314958
0
LINE
8
BLACK
6
CONTINUOUS
10
9.1822431102362199
20
-2.2830707480314958
11
9.1822431102362199
21
-2.172834527559055
0
LINE
8
BLACK
6
CONTINUOUS
10
9.1822431102362199
20
-2.172834527559055
11
9.1823180314960631
21
-2.1724578740157479
0
LINE
8
BLACK
6
CONTINUOUS
10
9.1823180314960631
20
-2.1724578740157479
11
9.1826177165354324
21
-2.1709511811023621
0
LINE
8
BLACK
6
CONTINUOUS
10
9.1826177165354324
20
-2.1709511811023621
11
9.1836844094488193
21
-2.1693544881889761
0
LINE
8
BLACK
6
CONTINUOUS
10
9.1836844094488193
20
-2.1693544881889761
11
9.1852808661417313
21
-2.1682874409448818
0
LINE
8
BLACK
6
CONTINUOUS
10
9.1852808661417313
20
-2.1682874409448818
11
9.1871641338582677
21
-2.167912401574803
0
LINE
8
BLACK
6
CONTINUOUS
10
9.1871641338582677
20
-2.167912401574803
11
9.1871641338582677
21
-2.1679132677165356
0
LINE
8
BLACK
6
CONTINUOUS
10
9.1863733070866136
20
-2.1698810629921259
11
9.1850028346456689
21
-2.1706725984251967
0
LINE
8
BLACK
6
CONTINUOUS
10
9.1850028346456689
20
-2.1706725984251967
11
9.1842115748031485
21
-2.1720432283464568
0
LINE
8
BLACK
6
CONTINUOUS
10
9.1842115748031485
20
-2.1720432283464568
11
9.1842115748031485
21
-2.1728344881889763
0
LINE
8
BLACK
6
CONTINUOUS
10
9.1842115748031485
20
-2.1728344881889763
11
9.1842116141732273
21
-2.172834527559055
0
LINE
8
BLACK
6
CONTINUOUS
10
9.1842116141732273
20
-2.172834527559055
11
9.1842116141732273
21
-2.2830707480314958
0
LINE
8
BLACK
6
CONTINUOUS
10
9.1842116141732273
20
-2.2830707480314958
11
9.1842116141732273
21
-2.2830707874015745
0
LINE
8
BLACK
6
CONTINUOUS
10
9.1842116141732273
20
-2.2830707874015745
11
9.1842127165354324
21
-2.2830707874015745
0
LINE
8
BLACK
6
CONTINUOUS
10
9.1842127165354324
20
-2.2830707874015745
11
9.1842126377952749
21
-2.283861811023622
0
LINE
8
BLACK
6
CONTINUOUS
10
9.1842126377952749
20
-2.283861811023622
11
9.1850035433070865
21
-2.2852320472440946
0
LINE
8
BLACK
6
CONTINUOUS
10
9.1850035433070865
20
-2.2852320472440946
11
9.1863735826771649
21
-2.2860233464566928
0
LINE
8
BLACK
6
CONTINUOUS
10
9.1863735826771649
20
-2.2860233464566928
11
9.1871646062992127
21
-2.2860235039370078
0
LINE
8
BLACK
6
CONTINUOUS
10
9.1871646062992127
20
-2.2860235039370078
11
9.3131486220472439
21
-2.2860235039370078
0
LINE
8
BLACK
6
CONTINUOUS
10
9.3131486220472439
20
-2.2860235039370078
11
9.3131487401574802
21
-2.2860235039370078
0
LINE
8
BLACK
6
CONTINUOUS
10
9.3131487401574802
20
-2.2860235039370078
11
9.3131488582677164
21
-2.2860235039370078
0
LINE
8
BLACK
6
CONTINUOUS
10
9.3131488582677164
20
-2.2860235039370078
11
9.3131488582677164
21
-2.2860226377952757
0
LINE
8
BLACK
6
CONTINUOUS
10
9.3131488582677164
20
-2.2860226377952757
11
9.313939921259843
21
-2.2860227952755907
0
LINE
8
BLACK
6
CONTINUOUS
10
9.313939921259843
20
-2.2860227952755907
11
9.3153102362204727
21
-2.2852319685039371
0
LINE
8
BLACK
6
CONTINUOUS
10
9.3153102362204727
20
-2.2852319685039371
11
9.3161013779527551
21
-2.2838618503937007
0
LINE
8
BLACK
6
CONTINUOUS
10
9.3161013779527551
20
-2.2838618503937007
11
9.3161013779527551
21
-2.2830707874015745
0
LINE
8
BLACK
6
CONTINUOUS
10
9.3161013779527551
20
-2.2830707874015745
11
9.3161013779527551
21
-2.2830707480314958
0
LINE
8
BLACK
6
CONTINUOUS
10
9.3161013779527551
20
-2.2830707480314958
11
9.3161013779527551
21
-2.172834527559055
0
LINE
8
BLACK
6
CONTINUOUS
10
9.3161013779527551
20
-2.172834527559055
11
9.3161024409448814
21
-2.1728289763779527
0
LINE
8
BLACK
6
CONTINUOUS
10
9.3161024409448814
20
-2.1728289763779527
11
9.3161024409448814
21
-2.1720432283464568
0
LINE
8
BLACK
6
CONTINUOUS
10
9.3161024409448814
20
-2.1720432283464568
11
9.3153109448818903
21
-2.1706726771653542
0
LINE
8
BLACK
6
CONTINUOUS
10
9.3153109448818903
20
-2.1706726771653542
11
9.3139401968503943
21
-2.1698816141732284
0
LINE
8
BLACK
6
CONTINUOUS
10
9.3139401968503943
20
-2.1698816141732284
11
9.3131488582677164
21
-2.1698817716535435
0
LINE
8
BLACK
6
CONTINUOUS
10
9.3131488582677164
20
-2.1698817716535435
11
9.3131487401574802
21
-2.1698817322834647
0
LINE
8
BLACK
6
CONTINUOUS
10
9.3131487401574802
20
-2.1698817322834647
11
9.3131486220472439
21
-2.1698817716535435
0
LINE
8
BLACK
6
CONTINUOUS
10
9.3131486220472439
20
-2.1698817716535435
11
9.1871646062992127
21
-2.1698817716535435
0
LINE
8
BLACK
6
CONTINUOUS
10
9.1871646062992127
20
-2.1698817716535435
11
9.1871643700787402
21
-2.1698817716535435
0
LINE
8
BLACK
6
CONTINUOUS
10
9.1871643700787402
20
-2.1698817716535435
11
9.1871600000000004
21
-2.1698809055118109
0
LINE
8
BLACK
6
CONTINUOUS
10
9.1871600000000004
20
-2.1698809055118109
11
9.1863733070866136
21
-2.1698810629921259
0
LINE
8
BLACK
6
CONTINUOUS
10
9.9371641338582677
20
-2.0742125196850392
11
9.9371642125984252
21
-2.0742125196850392
0
LINE
8
BLACK
6
CONTINUOUS
10
9.9371642125984252
20
-2.0742125196850392
11
9.9371643700787402
21
-2.0742125196850392
0
LINE
8
BLACK
6
CONTINUOUS
10
9.9371643700787402
20
-2.0742125196850392
11
10.0631486220472439
21
-2.0742125196850392
0
LINE
8
BLACK
6
CONTINUOUS
10
10.0631486220472439
20
-2.0742125196850392
11
10.0633529527559045
21
-2.074253149606299
0
LINE
8
BLACK
6
CONTINUOUS
10
10.0633529527559045
20
-2.074253149606299
11
10.0650320472440935
21
-2.0745867716535433
0
LINE
8
BLACK
6
CONTINUOUS
10
10.0650320472440935
20
-2.0745867716535433
11
10.0666290551181099
21
-2.0756534645669289
0
LINE
8
BLACK
6
CONTINUOUS
10
10.0666290551181099
20
-2.0756534645669289
11
10.0676961811023613
21
-2.0772501968503936
0
LINE
8
BLACK
6
CONTINUOUS
10
10.0676961811023613
20
-2.0772501968503936
11
10.0680709448818888
21
-2.0791337401574803
0
LINE
8
BLACK
6
CONTINUOUS
10
10.0680709448818888
20
-2.0791337401574803
11
10.0680698818897643
21
-2.0791337401574803
0
LINE
8
BLACK
6
CONTINUOUS
10
10.0680698818897643
20
-2.0791337401574803
11
10.0680698818897643
21
-2.0791337795275591
0
LINE
8
BLACK
6
CONTINUOUS
10
10.0680698818897643
20
-2.0791337795275591
11
10.0680698818897643
21
-2.1893699606299211
0
LINE
8
BLACK
6
CONTINUOUS
10
10.0680698818897643
20
-2.1893699606299211
11
10.0676952755905518
21
-2.1912531889763778
0
LINE
8
BLACK
6
CONTINUOUS
10
10.0676952755905518
20
-2.1912531889763778
11
10.0666283858267711
21
-2.1928496456692912
0
LINE
8
BLACK
6
CONTINUOUS
10
10.0666283858267711
20
-2.1928496456692912
11
10.0650316929133847
21
-2.1939161811023622
0
LINE
8
BLACK
6
CONTINUOUS
10
10.0650316929133847
20
-2.1939161811023622
11
10.0635263385826761
21
-2.1942152362204723
0
LINE
8
BLACK
6
CONTINUOUS
10
10.0635263385826761
20
-2.1942152362204723
11
10.0635252755905515
21
-2.194216338582677
0
LINE
8
BLACK
6
CONTINUOUS
10
10.0635252755905515
20
-2.194216338582677
11
10.0631486220472439
21
-2.1942912598425197
0
LINE
8
BLACK
6
CONTINUOUS
10
10.0631486220472439
20
-2.1942912598425197
11
10.0631483858267714
21
-2.1942912598425197
0
LINE
8
BLACK
6
CONTINUOUS
10
10.0631483858267714
20
-2.1942912598425197
11
9.9371643700787402
21
-2.1942912598425197
0
LINE
8
BLACK
6
CONTINUOUS
10
9.9371643700787402
20
-2.1942912598425197
11
9.9371642125984252
21
-2.194291220472441
0
LINE
8
BLACK
6
CONTINUOUS
10
9.9371642125984252
20
-2.194291220472441
11
9.9371641338582677
21
-2.1942912598425197
0
LINE
8
BLACK
6
CONTINUOUS
10
9.9371641338582677
20
-2.1942912598425197
11
9.9369558661417319
21
-2.1942497637795273
0
LINE
8
BLACK
6
CONTINUOUS
10
9.9369558661417319
20
-2.1942497637795273
11
9.9367877165354326
21
-2.194216338582677
0
LINE
8
BLACK
6
CONTINUOUS
10
9.9367877165354326
20
-2.194216338582677
11
9.9367876377952751
21
-2.1942162598425194
0
LINE
8
BLACK
6
CONTINUOUS
10
9.9367876377952751
20
-2.1942162598425194
11
9.9352812204724401
21
-2.1939162992125985
0
LINE
8
BLACK
6
CONTINUOUS
10
9.9352812204724401
20
-2.1939162992125985
11
9.933685078740158
21
-2.1928494094488187
0
LINE
8
BLACK
6
CONTINUOUS
10
9.933685078740158
20
-2.1928494094488187
11
9.9326186220472437
21
-2.191252992125984
0
LINE
8
BLACK
6
CONTINUOUS
10
9.9326186220472437
20
-2.191252992125984
11
9.9323193307086619
21
-2.1897479527559054
0
LINE
8
BLACK
6
CONTINUOUS
10
9.9323193307086619
20
-2.1897479527559054
11
9.9323180314960631
21
-2.189746653543307
0
LINE
8
BLACK
6
CONTINUOUS
10
9.9323180314960631
20
-2.189746653543307
11
9.9322431102362199
21
-2.1893699999999998
0
LINE
8
BLACK
6
CONTINUOUS
10
9.9322431102362199
20
-2.1893699999999998
11
9.9322431102362199
21
-2.0791337795275591
0
LINE
8
BLACK
6
CONTINUOUS
10
9.9322431102362199
20
-2.0791337795275591
11
9.9323180314960631
21
-2.0787571259842519
0
LINE
8
BLACK
6
CONTINUOUS
10
9.9323180314960631
20
-2.0787571259842519
11
9.9326177165354324
21
-2.0772503937007873
0
LINE
8
BLACK
6
CONTINUOUS
10
9.9326177165354324
20
-2.0772503937007873
11
9.9336844094488193
21
-2.0756537007874014
0
LINE
8
BLACK
6
CONTINUOUS
10
9.9336844094488193
20
-2.0756537007874014
11
9.9352808661417313
21
-2.0745866535433071
0
LINE
8
BLACK
6
CONTINUOUS
10
9.9352808661417313
20
-2.0745866535433071
11
9.9371641338582677
21
-2.0742116141732283
0
LINE
8
BLACK
6
CONTINUOUS
10
9.9371641338582677
20
-2.0742116141732283
11
9.9371641338582677
21
-2.0742125196850392
0
LINE
8
BLACK
6
CONTINUOUS
10
9.9363733070866136
20
-2.0761802755905512
11
9.9350027952755902
21
-2.0769718110236219
0
LINE
8
BLACK
6
CONTINUOUS
10
9.9350027952755902
20
-2.0769718110236219
11
9.9342115748031485
21
-2.0783424803149604
0
LINE
8
BLACK
6
CONTINUOUS
10
9.9342115748031485
20
-2.0783424803149604
11
9.9342116141732273
21
-2.0791337401574803
0
LINE
8
BLACK
6
CONTINUOUS
10
9.9342116141732273
20
-2.0791337401574803
11
9.9342116141732273
21
-2.0791337795275591
0
LINE
8
BLACK
6
CONTINUOUS
10
9.9342116141732273
20
-2.0791337795275591
11
9.9342116141732273
21
-2.1893699606299211
0
LINE
8
BLACK
6
CONTINUOUS
10
9.9342116141732273
20
-2.1893699606299211
11
9.9342116141732273
21
-2.1893699999999998
0
LINE
8
BLACK
6
CONTINUOUS
10
9.9342116141732273
20
-2.1893699999999998
11
9.9342126771653536
21
-2.1893700393700786
0
LINE
8
BLACK
6
CONTINUOUS
10
9.9342126771653536
20
-2.1893700393700786
11
9.9342125984251961
21
-2.190161062992126
0
LINE
8
BLACK
6
CONTINUOUS
10
9.9342125984251961
20
-2.190161062992126
11
9.9350035433070865
21
-2.1915312992125986
0
LINE
8
BLACK
6
CONTINUOUS
10
9.9350035433070865
20
-2.1915312992125986
11
9.9363735433070861
21
-2.1923225984251968
0
LINE
8
BLACK
6
CONTINUOUS
10
9.9363735433070861
20
-2.1923225984251968
11
9.9371646062992127
21
-2.1923227559055118
0
LINE
8
BLACK
6
CONTINUOUS
10
9.9371646062992127
20
-2.1923227559055118
11
10.0631486220472439
21
-2.1923227559055118
0
LINE
8
BLACK
6
CONTINUOUS
10
10.0631486220472439
20
-2.1923227559055118
11
10.0631487401574802
21
-2.1923227559055118
0
LINE
8
BLACK
6
CONTINUOUS
10
10.0631487401574802
20
-2.1923227559055118
11
10.0631488582677164
21
-2.1923227559055118
0
LINE
8
BLACK
6
CONTINUOUS
10
10.0631488582677164
20
-2.1923227559055118
11
10.0631488582677164
21
-2.1923218503937005
0
LINE
8
BLACK
6
CONTINUOUS
10
10.0631488582677164
20
-2.1923218503937005
11
10.063939921259843
21
-2.1923220078740155
0
LINE
8
BLACK
6
CONTINUOUS
10
10.063939921259843
20
-2.1923220078740155
11
10.065310196850394
21
-2.1915311811023623
0
LINE
8
BLACK
6
CONTINUOUS
10
10.065310196850394
20
-2.1915311811023623
11
10.0661013779527551
21
-2.190161062992126
0
LINE
8
BLACK
6
CONTINUOUS
10
10.0661013779527551
20
-2.190161062992126
11
10.0661013779527551
21
-2.1893700393700786
0
LINE
8
BLACK
6
CONTINUOUS
10
10.0661013779527551
20
-2.1893700393700786
11
10.0661013779527551
21
-2.1893699999999998
0
LINE
8
BLACK
6
CONTINUOUS
10
10.0661013779527551
20
-2.1893699999999998
11
10.0661013779527551
21
-2.0791337795275591
0
LINE
8
BLACK
6
CONTINUOUS
10
10.0661013779527551
20
-2.0791337795275591
11
10.0661024015748026
21
-2.0791284251968505
0
LINE
8
BLACK
6
CONTINUOUS
10
10.0661024015748026
20
-2.0791284251968505
11
10.0661024015748026
21
-2.0783424803149604
0
LINE
8
BLACK
6
CONTINUOUS
10
10.0661024015748026
20
-2.0783424803149604
11
10.0653109448818903
21
-2.0769719291338582
0
LINE
8
BLACK
6
CONTINUOUS
10
10.0653109448818903
20
-2.0769719291338582
11
10.0639401968503943
21
-2.076180866141732
0
LINE
8
BLACK
6
CONTINUOUS
10
10.0639401968503943
20
-2.076180866141732
11
10.0631488582677164
21
-2.076181023622047
0
LINE
8
BLACK
6
CONTINUOUS
10
10.0631488582677164
20
-2.076181023622047
11
10.0631487401574802
21
-2.0761809842519683
0
LINE
8
BLACK
6
CONTINUOUS
10
10.0631487401574802
20
-2.0761809842519683
11
10.0631486220472439
21
-2.076181023622047
0
LINE
8
BLACK
6
CONTINUOUS
10
10.0631486220472439
20
-2.076181023622047
11
9.9371646062992127
21
-2.076181023622047
0
LINE
8
BLACK
6
CONTINUOUS
10
9.9371646062992127
20
-2.076181023622047
11
9.9371643700787402
21
-2.076181023622047
0
LINE
8
BLACK
6
CONTINUOUS
10
9.9371643700787402
20
-2.076181023622047
11
9.9371598031496067
21
-2.0761801181102362
0
LINE
8
BLACK
6
CONTINUOUS
10
9.9371598031496067
20
-2.0761801181102362
11
9.9363733070866136
21
-2.0761802755905512
0
LINE
8
BLACK
6
CONTINUOUS
10
11.4372034645669292
20
-2.0742125196850392
11
11.4372035433070867
21
-2.0742125196850392
0
LINE
8
BLACK
6
CONTINUOUS
10
11.4372035433070867
20
-2.0742125196850392
11
11.4372037007874017
21
-2.0742125196850392
0
LINE
8
BLACK
6
CONTINUOUS
10
11.4372037007874017
20
-2.0742125196850392
11
11.5631879527559054
21
-2.0742125196850392
0
LINE
8
BLACK
6
CONTINUOUS
10
11.5631879527559054
20
-2.0742125196850392
11
11.5633922834645659
21
-2.074253149606299
0
LINE
8
BLACK
6
CONTINUOUS
10
11.5633922834645659
20
-2.074253149606299
11
11.565071377952755
21
-2.0745867716535433
0
LINE
8
BLACK
6
CONTINUOUS
10
11.565071377952755
20
-2.0745867716535433
11
11.5666683858267714
21
-2.0756534645669289
0
LINE
8
BLACK
6
CONTINUOUS
10
11.5666683858267714
20
-2.0756534645669289
11
11.5677355511811015
21
-2.0772501968503936
0
LINE
8
BLACK
6
CONTINUOUS
10
11.5677355511811015
20
-2.0772501968503936
11
11.568110314960629
21
-2.0791337401574803
0
LINE
8
BLACK
6
CONTINUOUS
10
11.568110314960629
20
-2.0791337401574803
11
11.5681092125984257
21
-2.0791337401574803
0
LINE
8
BLACK
6
CONTINUOUS
10
11.5681092125984257
20
-2.0791337401574803
11
11.5681092125984257
21
-2.0791337795275591
0
LINE
8
BLACK
6
CONTINUOUS
10
11.5681092125984257
20
-2.0791337795275591
11
11.5681092125984257
21
-2.1893699606299211
0
LINE
8
BLACK
6
CONTINUOUS
10
11.5681092125984257
20
-2.1893699606299211
11
11.5677346062992115
21
-2.1912531889763778
0
LINE
8
BLACK
6
CONTINUOUS
10
11.5677346062992115
20
-2.1912531889763778
11
11.5666676771653538
21
-2.1928496456692912
0
LINE
8
BLACK
6
CONTINUOUS
10
11.5666676771653538
20
-2.1928496456692912
11
11.5650710236220462
21
-2.1939161417322834
0
LINE
8
BLACK
6
CONTINUOUS
10
11.5650710236220462
20
-2.1939161417322834
11
11.5635657086614163
21
-2.1942151968503936
0
LINE
8
BLACK
6
CONTINUOUS
10
11.5635657086614163
20
-2.1942151968503936
11
11.563564606299213
21
-2.194216338582677
0
LINE
8
BLACK
6
CONTINUOUS
10
11.563564606299213
20
-2.194216338582677
11
11.5631879527559054
21
-2.1942912598425197
0
LINE
8
BLACK
6
CONTINUOUS
10
11.5631879527559054
20
-2.1942912598425197
11
11.5631876771653541
21
-2.1942912598425197
0
LINE
8
BLACK
6
CONTINUOUS
10
11.5631876771653541
20
-2.1942912598425197
11
11.4372037007874017
21
-2.1942912598425197
0
LINE
8
BLACK
6
CONTINUOUS
10
11.4372037007874017
20
-2.1942912598425197
11
11.4372035039370079
21
-2.194291220472441
0
LINE
8
BLACK
6
CONTINUOUS
10
11.4372035039370079
20
-2.194291220472441
11
11.4372034251968504
21
-2.1942912598425197
0
LINE
8
BLACK
6
CONTINUOUS
10
11.4372034251968504
20
-2.1942912598425197
11
11.4369648425196839
21
-2.1942437401574804
0
LINE
8
BLACK
6
CONTINUOUS
10
11.4369648425196839
20
-2.1942437401574804
11
11.436827047244094
21
-2.194216338582677
0
LINE
8
BLACK
6
CONTINUOUS
10
11.436827047244094
20
-2.194216338582677
11
11.4368269685039365
21
-2.1942162598425194
0
LINE
8
BLACK
6
CONTINUOUS
10
11.4368269685039365
20
-2.1942162598425194
11
11.4353205511811016
21
-2.1939162992125985
0
LINE
8
BLACK
6
CONTINUOUS
10
11.4353205511811016
20
-2.1939162992125985
11
11.4337244488188965
21
-2.1928494094488187
0
LINE
8
BLACK
6
CONTINUOUS
10
11.4337244488188965
20
-2.1928494094488187
11
11.4326579921259839
21
-2.1912529527559053
0
LINE
8
BLACK
6
CONTINUOUS
10
11.4326579921259839
20
-2.1912529527559053
11
11.4323587007874021
21
-2.1897479921259841
0
LINE
8
BLACK
6
CONTINUOUS
10
11.4323587007874021
20
-2.1897479921259841
11
11.4323573622047245
21
-2.189746653543307
0
LINE
8
BLACK
6
CONTINUOUS
10
11.4323573622047245
20
-2.189746653543307
11
11.4322824409448813
21
-2.1893699999999998
0
LINE
8
BLACK
6
CONTINUOUS
10
11.4322824409448813
20
-2.1893699999999998
11
11.4322824409448813
21
-2.0791337795275591
0
LINE
8
BLACK
6
CONTINUOUS
10
11.4322824409448813
20
-2.0791337795275591
11
11.4323573622047245
21
-2.0787571259842519
0
LINE
8
BLACK
6
CONTINUOUS
10
11.4323573622047245
20
-2.0787571259842519
11
11.4326570472440938
21
-2.0772503937007873
0
LINE
8
BLACK
6
CONTINUOUS
10
11.4326570472440938
20
-2.0772503937007873
11
11.4337237401574807
21
-2.0756537007874014
0
LINE
8
BLACK
6
CONTINUOUS
10
11.4337237401574807
20
-2.0756537007874014
11
11.4353201968503928
21
-2.0745866141732283
0
LINE
8
BLACK
6
CONTINUOUS
10
11.4353201968503928
20
-2.0745866141732283
11
11.4372034251968504
21
-2.0742115748031495
0
LINE
8
BLACK
6
CONTINUOUS
10
11.4372034251968504
20
-2.0742115748031495
11
11.4372034645669292
21
-2.0742125196850392
0
LINE
8
BLACK
6
CONTINUOUS
10
11.4364126377952751
20
-2.0761802362204724
11
11.4350421259842516
21
-2.0769717716535432
0
LINE
8
BLACK
6
CONTINUOUS
10
11.4350421259842516
20
-2.0769717716535432
11
11.43425090551181
21
-2.0783424803149604
0
LINE
8
BLACK
6
CONTINUOUS
10
11.43425090551181
20
-2.0783424803149604
11
11.4342509448818888
21
-2.0791337401574803
0
LINE
8
BLACK
6
CONTINUOUS
10
11.4342509448818888
20
-2.0791337401574803
11
11.4342509448818888
21
-2.0791337795275591
0
LINE
8
BLACK
6
CONTINUOUS
10
11.4342509448818888
20
-2.0791337795275591
11
11.4342509448818888
21
-2.1893699606299211
0
LINE
8
BLACK
6
CONTINUOUS
10
11.4342509448818888
20
-2.1893699606299211
11
11.4342509448818888
21
-2.1893699999999998
0
LINE
8
BLACK
6
CONTINUOUS
10
11.4342509448818888
20
-2.1893699999999998
11
11.4342520472440938
21
-2.1893700393700786
0
LINE
8
BLACK
6
CONTINUOUS
10
11.4342520472440938
20
-2.1893700393700786
11
11.4342519685039363
21
-2.190161062992126
0
LINE
8
BLACK
6
CONTINUOUS
10
11.4342519685039363
20
-2.190161062992126
11
11.4350429133858267
21
-2.1915312992125986
0
LINE
8
BLACK
6
CONTINUOUS
10
11.4350429133858267
20
-2.1915312992125986
11
11.4364129133858263
21
-2.1923225984251968
0
LINE
8
BLACK
6
CONTINUOUS
10
11.4364129133858263
20
-2.1923225984251968
11
11.4372039763779529
21
-2.1923227559055118
0
LINE
8
BLACK
6
CONTINUOUS
10
11.4372039763779529
20
-2.1923227559055118
11
11.5631879527559054
21
-2.1923227559055118
0
LINE
8
BLACK
6
CONTINUOUS
10
11.5631879527559054
20
-2.1923227559055118
11
11.5631881102362204
21
-2.1923227559055118
0
LINE
8
BLACK
6
CONTINUOUS
10
11.5631881102362204
20
-2.1923227559055118
11
11.5631882283464567
21
-2.1923227559055118
0
LINE
8
BLACK
6
CONTINUOUS
10
11.5631882283464567
20
-2.1923227559055118
11
11.5631882283464567
21
-2.1923218110236218
0
LINE
8
BLACK
6
CONTINUOUS
10
11.5631882283464567
20
-2.1923218110236218
11
11.5639792519685045
21
-2.1923219685039368
0
LINE
8
BLACK
6
CONTINUOUS
10
11.5639792519685045
20
-2.1923219685039368
11
11.5653495275590554
21
-2.1915311811023623
0
LINE
8
BLACK
6
CONTINUOUS
10
11.5653495275590554
20
-2.1915311811023623
11
11.5661407086614165
21
-2.190161062992126
0
LINE
8
BLACK
6
CONTINUOUS
10
11.5661407086614165
20
-2.190161062992126
11
11.5661407086614165
21
-2.1893700393700786
0
LINE
8
BLACK
6
CONTINUOUS
10
11.5661407086614165
20
-2.1893700393700786
11
11.5661407086614165
21
-2.1893699999999998
0
LINE
8
BLACK
6
CONTINUOUS
10
11.5661407086614165
20
-2.1893699999999998
11
11.5661407086614165
21
-2.0791337795275591
0
LINE
8
BLACK
6
CONTINUOUS
10
11.5661407086614165
20
-2.0791337795275591
11
11.5661417716535428
21
-2.0791282283464567
0
LINE
8
BLACK
6
CONTINUOUS
10
11.5661417716535428
20
-2.0791282283464567
11
11.5661417716535428
21
-2.0783424803149604
0
LINE
8
BLACK
6
CONTINUOUS
10
11.5661417716535428
20
-2.0783424803149604
11
11.5653503149606305
21
-2.0769719291338582
0
LINE
8
BLACK
6
CONTINUOUS
10
11.5653503149606305
20
-2.0769719291338582
11
11.563979527559054
21
-2.0761808267716533
0
LINE
8
BLACK
6
CONTINUOUS
10
11.563979527559054
20
-2.0761808267716533
11
11.5631881889763779
21
-2.076181023622047
0
LINE
8
BLACK
6
CONTINUOUS
10
11.5631881889763779
20
-2.076181023622047
11
11.5631880708661416
21
-2.0761809842519683
0
LINE
8
BLACK
6
CONTINUOUS
10
11.5631880708661416
20
-2.0761809842519683
11
11.5631879527559054
21
-2.076181023622047
0
LINE
8
BLACK
6
CONTINUOUS
10
11.5631879527559054
20
-2.076181023622047
11
11.4372039370078742
21
-2.076181023622047
0
LINE
8
BLACK
6
CONTINUOUS
10
11.4372039370078742
20
-2.076181023622047
11
11.4372037007874017
21
-2.076181023622047
0
LINE
8
BLACK
6
CONTINUOUS
10
11.4372037007874017
20
-2.076181023622047
11
11.4371989370078744
21
-2.0761800787401574
0
LINE
8
BLACK
6
CONTINUOUS
10
11.4371989370078744
20
-2.0761800787401574
11
11.4364126377952751
21
-2.0761802362204724
0
LINE
8
BLACK
6
CONTINUOUS
10
10.6872033858267717
20
-1.9806299212598424
11
10.6872034645669292
21
-1.9806299212598424
0
LINE
8
BLACK
6
CONTINUOUS
10
10.6872034645669292
20
-1.9806299212598424
11
10.6872036614173229
21
-1.9806299212598424
0
LINE
8
BLACK
6
CONTINUOUS
10
10.6872036614173229
20
-1.9806299212598424
11
10.8131879133858266
21
-1.9806299212598424
0
LINE
8
BLACK
6
CONTINUOUS
10
10.8131879133858266
20
-1.9806299212598424
11
10.8134028346456699
21
-1.9806726377952755
0
LINE
8
BLACK
6
CONTINUOUS
10
10.8134028346456699
20
-1.9806726377952755
11
10.8150713385826762
21
-1.9810041338582676
0
LINE
8
BLACK
6
CONTINUOUS
10
10.8150713385826762
20
-1.9810041338582676
11
10.8166683464566926
21
-1.9820708661417323
0
LINE
8
BLACK
6
CONTINUOUS
10
10.8166683464566926
20
-1.9820708661417323
11
10.8177355118110228
21
-1.9836675984251968
0
LINE
8
BLACK
6
CONTINUOUS
10
10.8177355118110228
20
-1.9836675984251968
11
10.8181102362204715
21
-1.9855511811023621
0
LINE
8
BLACK
6
CONTINUOUS
10
10.8181102362204715
20
-1.9855511811023621
11
10.818109173228347
21
-1.9855511811023621
0
LINE
8
BLACK
6
CONTINUOUS
10
10.818109173228347
20
-1.9855511811023621
11
10.818109173228347
21
-2.0957874015748033
0
LINE
8
BLACK
6
CONTINUOUS
10
10.818109173228347
20
-2.0957874015748033
11
10.8177345275590557
21
-2.0976705905511812
0
LINE
8
BLACK
6
CONTINUOUS
10
10.8177345275590557
20
-2.0976705905511812
11
10.8166675984251963
21
-2.0992669685039371
0
LINE
8
BLACK
6
CONTINUOUS
10
10.8166675984251963
20
-2.0992669685039371
11
10.8150709448818887
21
-2.1003334645669289
0
LINE
8
BLACK
6
CONTINUOUS
10
10.8150709448818887
20
-2.1003334645669289
11
10.8135658267716526
21
-2.100632440944882
0
LINE
8
BLACK
6
CONTINUOUS
10
10.8135658267716526
20
-2.100632440944882
11
10.8135645669291343
21
-2.1006337401574804
0
LINE
8
BLACK
6
CONTINUOUS
10
10.8135645669291343
20
-2.1006337401574804
11
10.8131879133858266
21
-2.1007086614173227
0
LINE
8
BLACK
6
CONTINUOUS
10
10.8131879133858266
20
-2.1007086614173227
11
10.8131876377952754
21
-2.1007086614173227
0
LINE
8
BLACK
6
CONTINUOUS
10
10.8131876377952754
20
-2.1007086614173227
11
10.6872036614173229
21
-2.1007086614173227
0
LINE
8
BLACK
6
CONTINUOUS
10
10.6872036614173229
20
-2.1007086614173227
11
10.6872034645669292
21
-2.100708622047244
0
LINE
8
BLACK
6
CONTINUOUS
10
10.6872034645669292
20
-2.100708622047244
11
10.6872033858267717
21
-2.1007086614173227
0
LINE
8
BLACK
6
CONTINUOUS
10
10.6872033858267717
20
-2.1007086614173227
11
10.6869846850393699
21
-2.1006650787401573
0
LINE
8
BLACK
6
CONTINUOUS
10
10.6869846850393699
20
-2.1006650787401573
11
10.6868270078740153
21
-2.1006337401574804
0
LINE
8
BLACK
6
CONTINUOUS
10
10.6868270078740153
20
-2.1006337401574804
11
10.6868269291338578
21
-2.1006336614173229
0
LINE
8
BLACK
6
CONTINUOUS
10
10.6868269291338578
20
-2.1006336614173229
11
10.6853205118110228
21
-2.1003336614173227
0
LINE
8
BLACK
6
CONTINUOUS
10
10.6853205118110228
20
-2.1003336614173227
11
10.6837244094488195
21
-2.0992667716535434
0
LINE
8
BLACK
6
CONTINUOUS
10
10.6837244094488195
20
-2.0992667716535434
11
10.6826579527559051
21
-2.0976703937007875
0
LINE
8
BLACK
6
CONTINUOUS
10
10.6826579527559051
20
-2.0976703937007875
11
10.6823586220472446
21
-2.0961653543307088
0
LINE
8
BLACK
6
CONTINUOUS
10
10.6823586220472446
20
-2.0961653543307088
11
10.6823573228346458
21
-2.09616405511811
0
LINE
8
BLACK
6
CONTINUOUS
10
10.6823573228346458
20
-2.09616405511811
11
10.6822824015748026
21
-2.0957874015748033
0
LINE
8
BLACK
6
CONTINUOUS
10
10.6822824015748026
20
-2.0957874015748033
11
10.6822824015748026
21
-1.9855511811023621
0
LINE
8
BLACK
6
CONTINUOUS
10
10.6822824015748026
20
-1.9855511811023621
11
10.6823573228346458
21
-1.9851745275590551
0
LINE
8
BLACK
6
CONTINUOUS
10
10.6823573228346458
20
-1.9851745275590551
11
10.6826569685039363
21
-1.9836677952755906
0
LINE
8
BLACK
6
CONTINUOUS
10
10.6826569685039363
20
-1.9836677952755906
11
10.6837236614173232
21
-1.9820710236220471
0
LINE
8
BLACK
6
CONTINUOUS
10
10.6837236614173232
20
-1.9820710236220471
11
10.6853201181102353
21
-1.981003937007874
0
LINE
8
BLACK
6
CONTINUOUS
10
10.6853201181102353
20
-1.981003937007874
11
10.6872033858267717
21
-1.9806288582677165
0
LINE
8
BLACK
6
CONTINUOUS
10
10.6872033858267717
20
-1.9806288582677165
11
10.6872033858267717
21
-1.9806299212598424
0
LINE
8
BLACK
6
CONTINUOUS
10
10.6864125984251963
20
-1.9825975196850394
11
10.6850420866141729
21
-1.9833891338582677
0
LINE
8
BLACK
6
CONTINUOUS
10
10.6850420866141729
20
-1.9833891338582677
11
10.6842508661417313
21
-1.9847598425196851
0
LINE
8
BLACK
6
CONTINUOUS
10
10.6842508661417313
20
-1.9847598425196851
11
10.68425090551181
21
-1.9855511811023621
0
LINE
8
BLACK
6
CONTINUOUS
10
10.68425090551181
20
-1.9855511811023621
11
10.68425090551181
21
-2.0957874015748033
0
LINE
8
BLACK
6
CONTINUOUS
10
10.68425090551181
20
-2.0957874015748033
11
10.6842519685039363
21
-2.0957874015748033
0
LINE
8
BLACK
6
CONTINUOUS
10
10.6842519685039363
20
-2.0957874015748033
11
10.6842519291338576
21
-2.096578464566929
0
LINE
8
BLACK
6
CONTINUOUS
10
10.6842519291338576
20
-2.096578464566929
11
10.6850428740157479
21
-2.0979487007874016
0
LINE
8
BLACK
6
CONTINUOUS
10
10.6850428740157479
20
-2.0979487007874016
11
10.6864128740157476
21
-2.0987399999999998
0
LINE
8
BLACK
6
CONTINUOUS
10
10.6864128740157476
20
-2.0987399999999998
11
10.6872039370078742
21
-2.0987401574803148
0
LINE
8
BLACK
6
CONTINUOUS
10
10.6872039370078742
20
-2.0987401574803148
11
10.8131879133858266
21
-2.0987401574803148
0
LINE
8
BLACK
6
CONTINUOUS
10
10.8131879133858266
20
-2.0987401574803148
11
10.8131880708661416
21
-2.0987401574803148
0
LINE
8
BLACK
6
CONTINUOUS
10
10.8131880708661416
20
-2.0987401574803148
11
10.8131881889763779
21
-2.0987401574803148
0
LINE
8
BLACK
6
CONTINUOUS
10
10.8131881889763779
20
-2.0987401574803148
11
10.8131881889763779
21
-2.098739094488189
0
LINE
8
BLACK
6
CONTINUOUS
10
10.8131881889763779
20
-2.098739094488189
11
10.8139792125984258
21
-2.0987392913385827
0
LINE
8
BLACK
6
CONTINUOUS
10
10.8139792125984258
20
-2.0987392913385827
11
10.8153494881889767
21
-2.0979485039370078
0
LINE
8
BLACK
6
CONTINUOUS
10
10.8153494881889767
20
-2.0979485039370078
11
10.816140629921259
21
-2.0965784251968502
0
LINE
8
BLACK
6
CONTINUOUS
10
10.816140629921259
20
-2.0965784251968502
11
10.8161406692913378
21
-2.0957874015748033
0
LINE
8
BLACK
6
CONTINUOUS
10
10.8161406692913378
20
-2.0957874015748033
11
10.8161406692913378
21
-1.9855511811023621
0
LINE
8
BLACK
6
CONTINUOUS
10
10.8161406692913378
20
-1.9855511811023621
11
10.8161416929133853
21
-1.9855458267716535
0
LINE
8
BLACK
6
CONTINUOUS
10
10.8161416929133853
20
-1.9855458267716535
11
10.8161416929133853
21
-1.9847598425196851
0
LINE
8
BLACK
6
CONTINUOUS
10
10.8161416929133853
20
-1.9847598425196851
11
10.8153502755905517
21
-1.9833893307086614
0
LINE
8
BLACK
6
CONTINUOUS
10
10.8153502755905517
20
-1.9833893307086614
11
10.8139794881889753
21
-1.9825982283464567
0
LINE
8
BLACK
6
CONTINUOUS
10
10.8139794881889753
20
-1.9825982283464567
11
10.8131881889763779
21
-1.9825984251968503
0
LINE
8
BLACK
6
CONTINUOUS
10
10.8131881889763779
20
-1.9825984251968503
11
10.8131880708661416
21
-1.9825983858267715
0
LINE
8
BLACK
6
CONTINUOUS
10
10.8131880708661416
20
-1.9825983858267715
11
10.8131879133858266
21
-1.9825984251968503
0
LINE
8
BLACK
6
CONTINUOUS
10
10.8131879133858266
20
-1.9825984251968503
11
10.6872039370078742
21
-1.9825984251968503
0
LINE
8
BLACK
6
CONTINUOUS
10
10.6872039370078742
20
-1.9825984251968503
11
10.6872036614173229
21
-1.9825984251968503
0
LINE
8
BLACK
6
CONTINUOUS
10
10.6872036614173229
20
-1.9825984251968503
11
10.6871983070866143
21
-1.9825973622047244
0
LINE
8
BLACK
6
CONTINUOUS
10
10.6871983070866143
20
-1.9825973622047244
11
10.6864125984251963
21
-1.9825975196850394
0
LINE
8
BLACK
6
CONTINUOUS
10
8.4371253937007875
20
-1.7929920866141731
11
8.4371254330708663
21
-1.7929920866141731
0
LINE
8
BLACK
6
CONTINUOUS
10
8.4371254330708663
20
-1.7929920866141731
11
8.4371255118110238
21
-1.7929920866141731
0
LINE
8
BLACK
6
CONTINUOUS
10
8.4371255118110238
20
-1.7929920866141731
11
8.5631097637795275
21
-1.7929920866141731
0
LINE
8
BLACK
6
CONTINUOUS
10
8.5631097637795275
20
-1.7929920866141731
11
8.5633346456692916
21
-1.7930368110236221
0
LINE
8
BLACK
6
CONTINUOUS
10
8.5633346456692916
20
-1.7930368110236221
11
8.5649931102362196
21
-1.7933665354330708
0
LINE
8
BLACK
6
CONTINUOUS
10
8.5649931102362196
20
-1.7933665354330708
11
8.5665898818897634
21
-1.7944332677165353
0
LINE
8
BLACK
6
CONTINUOUS
10
8.5665898818897634
20
-1.7944332677165353
11
8.5676568503936998
21
-1.7960299212598425
0
LINE
8
BLACK
6
CONTINUOUS
10
8.5676568503936998
20
-1.7960299212598425
11
8.5680315354330698
21
-1.7979133464566928
0
LINE
8
BLACK
6
CONTINUOUS
10
8.5680315354330698
20
-1.7979133464566928
11
8.5680310236220478
21
-1.7979133464566928
0
LINE
8
BLACK
6
CONTINUOUS
10
8.5680310236220478
20
-1.7979133464566928
11
8.5680310236220478
21
-1.9081495669291337
0
LINE
8
BLACK
6
CONTINUOUS
10
8.5680310236220478
20
-1.9081495669291337
11
8.5676564173228353
21
-1.9100327952755904
0
LINE
8
BLACK
6
CONTINUOUS
10
8.5676564173228353
20
-1.9100327952755904
11
8.5665895669291334
21
-1.9116293307086614
0
LINE
8
BLACK
6
CONTINUOUS
10
8.5665895669291334
20
-1.9116293307086614
11
8.5649929527559046
21
-1.9126959842519684
0
LINE
8
BLACK
6
CONTINUOUS
10
8.5649929527559046
20
-1.9126959842519684
11
8.5634869291338589
21
-1.9129953543307086
0
LINE
8
BLACK
6
CONTINUOUS
10
8.5634869291338589
20
-1.9129953543307086
11
8.5634864173228351
21
-1.9129959055118111
0
LINE
8
BLACK
6
CONTINUOUS
10
8.5634864173228351
20
-1.9129959055118111
11
8.5631097637795275
21
-1.9130708267716534
0
LINE
8
BLACK
6
CONTINUOUS
10
8.5631097637795275
20
-1.9130708267716534
11
8.5631096456692912
21
-1.9130708267716534
0
LINE
8
BLACK
6
CONTINUOUS
10
8.5631096456692912
20
-1.9130708267716534
11
8.4371255118110238
21
-1.9130708267716534
0
LINE
8
BLACK
6
CONTINUOUS
10
8.4371255118110238
20
-1.9130708267716534
11
8.4371254330708663
21
-1.9130707874015747
0
LINE
8
BLACK
6
CONTINUOUS
10
8.4371254330708663
20
-1.9130707874015747
11
8.4371253937007875
21
-1.9130708267716534
0
LINE
8
BLACK
6
CONTINUOUS
10
8.4371253937007875
20
-1.9130708267716534
11
8.4368910629921263
21
-1.9130241732283464
0
LINE
8
BLACK
6
CONTINUOUS
10
8.4368910629921263
20
-1.9130241732283464
11
8.4367488582677161
21
-1.9129959055118111
0
LINE
8
BLACK
6
CONTINUOUS
10
8.4367488582677161
20
-1.9129959055118111
11
8.4367488188976374
21
-1.9129958661417323
0
LINE
8
BLACK
6
CONTINUOUS
10
8.4367488188976374
20
-1.9129958661417323
11
8.4352422834645662
21
-1.9126960629921259
0
LINE
8
BLACK
6
CONTINUOUS
10
8.4352422834645662
20
-1.9126960629921259
11
8.4336459448818903
21
-1.9116292125984251
0
LINE
8
BLACK
6
CONTINUOUS
10
8.4336459448818903
20
-1.9116292125984251
11
8.4325792913385822
21
-1.9100327165354329
0
LINE
8
BLACK
6
CONTINUOUS
10
8.4325792913385822
20
-1.9100327165354329
11
8.4322797637795279
21
-1.908526811023622
0
LINE
8
BLACK
6
CONTINUOUS
10
8.4322797637795279
20
-1.908526811023622
11
8.4322791732283466
21
-1.9085262204724409
0
LINE
8
BLACK
6
CONTINUOUS
10
8.4322791732283466
20
-1.9085262204724409
11
8.4322042519685034
21
-1.9081495669291337
0
LINE
8
BLACK
6
CONTINUOUS
10
8.4322042519685034
20
-1.9081495669291337
11
8.4322042519685034
21
-1.7979133464566928
0
LINE
8
BLACK
6
CONTINUOUS
10
8.4322042519685034
20
-1.7979133464566928
11
8.4322791732283466
21
-1.7975366929133858
0
LINE
8
BLACK
6
CONTINUOUS
10
8.4322791732283466
20
-1.7975366929133858
11
8.4325788582677159
21
-1.7960300393700788
0
LINE
8
BLACK
6
CONTINUOUS
10
8.4325788582677159
20
-1.7960300393700788
11
8.4336455905511816
21
-1.7944333858267716
0
LINE
8
BLACK
6
CONTINUOUS
10
8.4336455905511816
20
-1.7944333858267716
11
8.4352421259842512
21
-1.7933664566929133
0
LINE
8
BLACK
6
CONTINUOUS
10
8.4352421259842512
20
-1.7933664566929133
11
8.4371253937007875
21
-1.792991653543307
0
LINE
8
BLACK
6
CONTINUOUS
10
8.4371253937007875
20
-1.792991653543307
11
8.4371253937007875
21
-1.7929920866141731
0
LINE
8
BLACK
6
CONTINUOUS
10
8.4363343700787397
20
-1.7949602362204724
11
8.4349639370078737
21
-1.7957516141732284
0
LINE
8
BLACK
6
CONTINUOUS
10
8.4349639370078737
20
-1.7957516141732284
11
8.4341727559055109
21
-1.797122125984252
0
LINE
8
BLACK
6
CONTINUOUS
10
8.4341727559055109
20
-1.797122125984252
11
8.4341727559055109
21
-1.7979133464566928
0
LINE
8
BLACK
6
CONTINUOUS
10
8.4341727559055109
20
-1.7979133464566928
11
8.4341727559055109
21
-1.9081495669291337
0
LINE
8
BLACK
6
CONTINUOUS
10
8.4341727559055109
20
-1.9081495669291337
11
8.4341732677165346
21
-1.9081495669291337
0
LINE
8
BLACK
6
CONTINUOUS
10
8.4341732677165346
20
-1.9081495669291337
11
8.4341732283464559
21
-1.9089407086614172
0
LINE
8
BLACK
6
CONTINUOUS
10
8.4341732283464559
20
-1.9089407086614172
11
8.4349642913385825
21
-1.9103110236220473
0
LINE
8
BLACK
6
CONTINUOUS
10
8.4349642913385825
20
-1.9103110236220473
11
8.4363344881889759
21
-1.9111022440944883
0
LINE
8
BLACK
6
CONTINUOUS
10
8.4363344881889759
20
-1.9111022440944883
11
8.43712562992126
21
-1.9111023228346455
0
LINE
8
BLACK
6
CONTINUOUS
10
8.43712562992126
20
-1.9111023228346455
11
8.5631097637795275
21
-1.9111023228346455
0
LINE
8
BLACK
6
CONTINUOUS
10
8.5631097637795275
20
-1.9111023228346455
11
8.5631098031496062
21
-1.9111023228346455
0
LINE
8
BLACK
6
CONTINUOUS
10
8.5631098031496062
20
-1.9111023228346455
11
8.5631098818897637
21
-1.9111023228346455
0
LINE
8
BLACK
6
CONTINUOUS
10
8.5631098818897637
20
-1.9111023228346455
11
8.5631098818897637
21
-1.9111018897637795
0
LINE
8
BLACK
6
CONTINUOUS
10
8.5631098818897637
20
-1.9111018897637795
11
8.5639010236220479
21
-1.911101968503937
0
LINE
8
BLACK
6
CONTINUOUS
10
8.5639010236220479
20
-1.911101968503937
11
8.5652713385826775
21
-1.9103109448818898
0
LINE
8
BLACK
6
CONTINUOUS
10
8.5652713385826775
20
-1.9103109448818898
11
8.5660624803149599
21
-1.9089407086614172
0
LINE
8
BLACK
6
CONTINUOUS
10
8.5660624803149599
20
-1.9089407086614172
11
8.5660625196850386
21
-1.9081495669291337
0
LINE
8
BLACK
6
CONTINUOUS
10
8.5660625196850386
20
-1.9081495669291337
11
8.5660625196850386
21
-1.7979133464566928
0
LINE
8
BLACK
6
CONTINUOUS
10
8.5660625196850386
20
-1.7979133464566928
11
8.5660630314960624
21
-1.797910748031496
0
LINE
8
BLACK
6
CONTINUOUS
10
8.5660630314960624
20
-1.797910748031496
11
8.5660630314960624
21
-1.7971220866141733
0
LINE
8
BLACK
6
CONTINUOUS
10
8.5660630314960624
20
-1.7971220866141733
11
8.5652716929133863
21
-1.7957516535433071
0
LINE
8
BLACK
6
CONTINUOUS
10
8.5652716929133863
20
-1.7957516535433071
11
8.5639011417322841
21
-1.7949605118110237
0
LINE
8
BLACK
6
CONTINUOUS
10
8.5639011417322841
20
-1.7949605118110237
11
8.5631098818897637
21
-1.794960590551181
0
LINE
8
BLACK
6
CONTINUOUS
10
8.5631098818897637
20
-1.794960590551181
11
8.5631098031496062
21
-1.7949605511811024
0
LINE
8
BLACK
6
CONTINUOUS
10
8.5631098031496062
20
-1.7949605511811024
11
8.5631097637795275
21
-1.794960590551181
0
LINE
8
BLACK
6
CONTINUOUS
10
8.5631097637795275
20
-1.794960590551181
11
8.43712562992126
21
-1.794960590551181
0
LINE
8
BLACK
6
CONTINUOUS
10
8.43712562992126
20
-1.794960590551181
11
8.4371255118110238
21
-1.794960590551181
0
LINE
8
BLACK
6
CONTINUOUS
10
8.4371255118110238
20
-1.794960590551181
11
8.4371233070866136
21
-1.7949601574803149
0
LINE
8
BLACK
6
CONTINUOUS
10
8.4371233070866136
20
-1.7949601574803149
11
8.4363343700787397
21
-1.7949602362204724
0
LINE
8
BLACK
6
CONTINUOUS
10
12.1872426771653544
20
-1.5118110236220472
11
12.1872427559055119
21
-1.5118110236220472
0
LINE
8
BLACK
6
CONTINUOUS
10
12.1872427559055119
20
-1.5118110236220472
11
12.1872429527559056
21
-1.5118110236220472
0
LINE
8
BLACK
6
CONTINUOUS
10
12.1872429527559056
20
-1.5118110236220472
11
12.3132272047244093
21
-1.5118110236220472
0
LINE
8
BLACK
6
CONTINUOUS
10
12.3132272047244093
20
-1.5118110236220472
11
12.3134421259842508
21
-1.5118537401574803
0
LINE
8
BLACK
6
CONTINUOUS
10
12.3134421259842508
20
-1.5118537401574803
11
12.3151106299212589
21
-1.5121852362204724
0
LINE
8
BLACK
6
CONTINUOUS
10
12.3151106299212589
20
-1.5121852362204724
11
12.3167077165354328
21
-1.5132519291338582
0
LINE
8
BLACK
6
CONTINUOUS
10
12.3167077165354328
20
-1.5132519291338582
11
12.3177748425196842
21
-1.5148486614173229
0
LINE
8
BLACK
6
CONTINUOUS
10
12.3177748425196842
20
-1.5148486614173229
11
12.3181496062992117
21
-1.5167322834645669
0
LINE
8
BLACK
6
CONTINUOUS
10
12.3181496062992117
20
-1.5167322834645669
11
12.3181484645669297
21
-1.5167322834645669
0
LINE
8
BLACK
6
CONTINUOUS
10
12.3181484645669297
20
-1.5167322834645669
11
12.3181484645669297
21
-1.6269685039370079
0
LINE
8
BLACK
6
CONTINUOUS
10
12.3181484645669297
20
-1.6269685039370079
11
12.3177738188976367
21
-1.6288516929133858
0
LINE
8
BLACK
6
CONTINUOUS
10
12.3177738188976367
20
-1.6288516929133858
11
12.316706889763779
21
-1.6304480708661417
0
LINE
8
BLACK
6
CONTINUOUS
10
12.316706889763779
20
-1.6304480708661417
11
12.3151101968503927
21
-1.631514527559055
0
LINE
8
BLACK
6
CONTINUOUS
10
12.3151101968503927
20
-1.631514527559055
11
12.3136051968503928
21
-1.6318134645669291
0
LINE
8
BLACK
6
CONTINUOUS
10
12.3136051968503928
20
-1.6318134645669291
11
12.313603858267717
21
-1.631814842519685
0
LINE
8
BLACK
6
CONTINUOUS
10
12.313603858267717
20
-1.631814842519685
11
12.3132272047244093
21
-1.6318897637795275
0
LINE
8
BLACK
6
CONTINUOUS
10
12.3132272047244093
20
-1.6318897637795275
11
12.3132269291338581
21
-1.6318897637795275
0
LINE
8
BLACK
6
CONTINUOUS
10
12.3132269291338581
20
-1.6318897637795275
11
12.1872429527559056
21
-1.6318897637795275
0
LINE
8
BLACK
6
CONTINUOUS
10
12.1872429527559056
20
-1.6318897637795275
11
12.1872427559055119
21
-1.6318897244094488
0
LINE
8
BLACK
6
CONTINUOUS
10
12.1872427559055119
20
-1.6318897244094488
11
12.1872426771653544
21
-1.6318897637795275
0
LINE
8
BLACK
6
CONTINUOUS
10
12.1872426771653544
20
-1.6318897637795275
11
12.1870239763779526
21
-1.6318461811023621
0
LINE
8
BLACK
6
CONTINUOUS
10
12.1870239763779526
20
-1.6318461811023621
11
12.186866299212598
21
-1.631814842519685
0
LINE
8
BLACK
6
CONTINUOUS
10
12.186866299212598
20
-1.631814842519685
11
12.1868662204724405
21
-1.6318147637795275
0
LINE
8
BLACK
6
CONTINUOUS
10
12.1868662204724405
20
-1.6318147637795275
11
12.1853598031496055
21
-1.6315147637795275
0
LINE
8
BLACK
6
CONTINUOUS
10
12.1853598031496055
20
-1.6315147637795275
11
12.1837637401574792
21
-1.630447874015748
0
LINE
8
BLACK
6
CONTINUOUS
10
12.1837637401574792
20
-1.630447874015748
11
12.1826973228346453
21
-1.6288514566929133
0
LINE
8
BLACK
6
CONTINUOUS
10
12.1826973228346453
20
-1.6288514566929133
11
12.1823979921259848
21
-1.6273465354330707
0
LINE
8
BLACK
6
CONTINUOUS
10
12.1823979921259848
20
-1.6273465354330707
11
12.1823966141732285
21
-1.6273451574803148
0
LINE
8
BLACK
6
CONTINUOUS
10
12.1823966141732285
20
-1.6273451574803148
11
12.1823216929133853
21
-1.6269685039370079
0
LINE
8
BLACK
6
CONTINUOUS
10
12.1823216929133853
20
-1.6269685039370079
11
12.1823216929133853
21
-1.5167322834645669
0
LINE
8
BLACK
6
CONTINUOUS
10
12.1823216929133853
20
-1.5167322834645669
11
12.1823966141732285
21
-1.5163556299212597
0
LINE
8
BLACK
6
CONTINUOUS
10
12.1823966141732285
20
-1.5163556299212597
11
12.182696259842519
21
-1.5148488976377952
0
LINE
8
BLACK
6
CONTINUOUS
10
12.182696259842519
20
-1.5148488976377952
11
12.1837629133858272
21
-1.513252125984252
0
LINE
8
BLACK
6
CONTINUOUS
10
12.1837629133858272
20
-1.513252125984252
11
12.1853593700787393
21
-1.5121849999999999
0
LINE
8
BLACK
6
CONTINUOUS
10
12.1853593700787393
20
-1.5121849999999999
11
12.1872426771653544
21
-1.5118098818897638
0
LINE
8
BLACK
6
CONTINUOUS
10
12.1872426771653544
20
-1.5118098818897638
11
12.1872426771653544
21
-1.5118110236220472
0
LINE
8
BLACK
6
CONTINUOUS
10
12.186451889763779
20
-1.5137785826771653
11
12.1850813779527556
21
-1.5145701968503937
0
LINE
8
BLACK
6
CONTINUOUS
10
12.1850813779527556
20
-1.5145701968503937
11
12.184290157480314
21
-1.5159409448818897
0
LINE
8
BLACK
6
CONTINUOUS
10
12.184290157480314
20
-1.5159409448818897
11
12.1842901968503927
21
-1.5167322834645669
0
LINE
8
BLACK
6
CONTINUOUS
10
12.1842901968503927
20
-1.5167322834645669
11
12.1842901968503927
21
-1.6269685039370079
0
LINE
8
BLACK
6
CONTINUOUS
10
12.1842901968503927
20
-1.6269685039370079
11
12.1842913385826765
21
-1.6269685039370079
0
LINE
8
BLACK
6
CONTINUOUS
10
12.1842913385826765
20
-1.6269685039370079
11
12.1842912992125978
21
-1.6277595669291338
0
LINE
8
BLACK
6
CONTINUOUS
10
12.1842912992125978
20
-1.6277595669291338
11
12.1850822047244094
21
-1.6291297637795275
0
LINE
8
BLACK
6
CONTINUOUS
10
12.1850822047244094
20
-1.6291297637795275
11
12.186452204724409
21
-1.6299210629921259
0
LINE
8
BLACK
6
CONTINUOUS
10
12.186452204724409
20
-1.6299210629921259
11
12.1872432283464569
21
-1.6299212598425197
0
LINE
8
BLACK
6
CONTINUOUS
10
12.1872432283464569
20
-1.6299212598425197
11
12.3132272047244093
21
-1.6299212598425197
0
LINE
8
BLACK
6
CONTINUOUS
10
12.3132272047244093
20
-1.6299212598425197
11
12.3132273622047244
21
-1.6299212598425197
0
LINE
8
BLACK
6
CONTINUOUS
10
12.3132273622047244
20
-1.6299212598425197
11
12.3132274803149606
21
-1.6299212598425197
0
LINE
8
BLACK
6
CONTINUOUS
10
12.3132274803149606
20
-1.6299212598425197
11
12.3132274803149606
21
-1.6299201181102363
0
LINE
8
BLACK
6
CONTINUOUS
10
12.3132274803149606
20
-1.6299201181102363
11
12.3140185039370085
21
-1.6299203149606298
0
LINE
8
BLACK
6
CONTINUOUS
10
12.3140185039370085
20
-1.6299203149606298
11
12.3153887795275594
21
-1.6291295669291339
0
LINE
8
BLACK
6
CONTINUOUS
10
12.3153887795275594
20
-1.6291295669291339
11
12.3161799212598417
21
-1.6277595275590551
0
LINE
8
BLACK
6
CONTINUOUS
10
12.3161799212598417
20
-1.6277595275590551
11
12.3161799606299205
21
-1.6269685039370079
0
LINE
8
BLACK
6
CONTINUOUS
10
12.3161799606299205
20
-1.6269685039370079
11
12.3161799606299205
21
-1.5167322834645669
0
LINE
8
BLACK
6
CONTINUOUS
10
12.3161799606299205
20
-1.5167322834645669
11
12.3161810629921256
21
-1.5167265354330708
0
LINE
8
BLACK
6
CONTINUOUS
10
12.3161810629921256
20
-1.5167265354330708
11
12.3161810629921256
21
-1.5159409448818897
0
LINE
8
BLACK
6
CONTINUOUS
10
12.3161810629921256
20
-1.5159409448818897
11
12.3153896062992132
21
-1.5145703937007873
0
LINE
8
BLACK
6
CONTINUOUS
10
12.3153896062992132
20
-1.5145703937007873
11
12.3140188188976367
21
-1.5137793307086613
0
LINE
8
BLACK
6
CONTINUOUS
10
12.3140188188976367
20
-1.5137793307086613
11
12.3132274803149606
21
-1.5137795275590551
0
LINE
8
BLACK
6
CONTINUOUS
10
12.3132274803149606
20
-1.5137795275590551
11
12.3132273622047244
21
-1.5137794881889763
0
LINE
8
BLACK
6
CONTINUOUS
10
12.3132273622047244
20
-1.5137794881889763
11
12.3132272047244093
21
-1.5137795275590551
0
LINE
8
BLACK
6
CONTINUOUS
10
12.3132272047244093
20
-1.5137795275590551
11
12.1872432283464569
21
-1.5137795275590551
0
LINE
8
BLACK
6
CONTINUOUS
10
12.1872432283464569
20
-1.5137795275590551
11
12.1872429527559056
21
-1.5137795275590551
0
LINE
8
BLACK
6
CONTINUOUS
10
12.1872429527559056
20
-1.5137795275590551
11
12.1872372047244095
21
-1.5137783858267717
0
LINE
8
BLACK
6
CONTINUOUS
10
12.1872372047244095
20
-1.5137783858267717
11
12.186451889763779
21
-1.5137785826771653
0
LINE
8
BLACK
6
CONTINUOUS
10
12.9372426771653544
20
-1.5118110236220472
11
12.9372427559055119
21
-1.5118110236220472
0
LINE
8
BLACK
6
CONTINUOUS
10
12.9372427559055119
20
-1.5118110236220472
11
12.9372429527559056
21
-1.5118110236220472
0
LINE
8
BLACK
6
CONTINUOUS
10
12.9372429527559056
20
-1.5118110236220472
11
13.0632272047244093
21
-1.5118110236220472
0
LINE
8
BLACK
6
CONTINUOUS
10
13.0632272047244093
20
-1.5118110236220472
11
13.0634421259842508
21
-1.5118537401574803
0
LINE
8
BLACK
6
CONTINUOUS
10
13.0634421259842508
20
-1.5118537401574803
11
13.0651106299212589
21
-1.5121852362204724
0
LINE
8
BLACK
6
CONTINUOUS
10
13.0651106299212589
20
-1.5121852362204724
11
13.0667077165354328
21
-1.5132519291338582
0
LINE
8
BLACK
6
CONTINUOUS
10
13.0667077165354328
20
-1.5132519291338582
11
13.0677748425196842
21
-1.5148486614173229
0
LINE
8
BLACK
6
CONTINUOUS
10
13.0677748425196842
20
-1.5148486614173229
11
13.0681496062992117
21
-1.5167322834645669
0
LINE
8
BLACK
6
CONTINUOUS
10
13.0681496062992117
20
-1.5167322834645669
11
13.0681484645669297
21
-1.5167322834645669
0
LINE
8
BLACK
6
CONTINUOUS
10
13.0681484645669297
20
-1.5167322834645669
11
13.0681484645669297
21
-1.6269685039370079
0
LINE
8
BLACK
6
CONTINUOUS
10
13.0681484645669297
20
-1.6269685039370079
11
13.0677738188976367
21
-1.6288516929133858
0
LINE
8
BLACK
6
CONTINUOUS
10
13.0677738188976367
20
-1.6288516929133858
11
13.066706889763779
21
-1.6304480708661417
0
LINE
8
BLACK
6
CONTINUOUS
10
13.066706889763779
20
-1.6304480708661417
11
13.0651101968503927
21
-1.631514527559055
0
LINE
8
BLACK
6
CONTINUOUS
10
13.0651101968503927
20
-1.631514527559055
11
13.0636051968503928
21
-1.6318134645669291
0
LINE
8
BLACK
6
CONTINUOUS
10
13.0636051968503928
20
-1.6318134645669291
11
13.063603858267717
21
-1.631814842519685
0
LINE
8
BLACK
6
CONTINUOUS
10
13.063603858267717
20
-1.631814842519685
11
13.0632272047244093
21
-1.6318897637795275
0
LINE
8
BLACK
6
CONTINUOUS
10
13.0632272047244093
20
-1.6318897637795275
11
13.0632269291338581
21
-1.6318897637795275
0
LINE
8
BLACK
6
CONTINUOUS
10
13.0632269291338581
20
-1.6318897637795275
11
12.9372429527559056
21
-1.6318897637795275
0
LINE
8
BLACK
6
CONTINUOUS
10
12.9372429527559056
20
-1.6318897637795275
11
12.9372427559055119
21
-1.6318897244094488
0
LINE
8
BLACK
6
CONTINUOUS
10
12.9372427559055119
20
-1.6318897244094488
11
12.9372426771653544
21
-1.6318897637795275
0
LINE
8
BLACK
6
CONTINUOUS
10
12.9372426771653544
20
-1.6318897637795275
11
12.9370239763779526
21
-1.6318461811023621
0
LINE
8
BLACK
6
CONTINUOUS
10
12.9370239763779526
20
-1.6318461811023621
11
12.936866299212598
21
-1.631814842519685
0
LINE
8
BLACK
6
CONTINUOUS
10
12.936866299212598
20
-1.631814842519685
11
12.9368662204724405
21
-1.6318147637795275
0
LINE
8
BLACK
6
CONTINUOUS
10
12.9368662204724405
20
-1.6318147637795275
11
12.9353598031496055
21
-1.6315147637795275
0
LINE
8
BLACK
6
CONTINUOUS
10
12.9353598031496055
20
-1.6315147637795275
11
12.9337637401574792
21
-1.630447874015748
0
LINE
8
BLACK
6
CONTINUOUS
10
12.9337637401574792
20
-1.630447874015748
11
12.9326973228346453
21
-1.6288514566929133
0
LINE
8
BLACK
6
CONTINUOUS
10
12.9326973228346453
20
-1.6288514566929133
11
12.9323979921259848
21
-1.6273465354330707
0
LINE
8
BLACK
6
CONTINUOUS
10
12.9323979921259848
20
-1.6273465354330707
11
12.9323966141732285
21
-1.6273451574803148
0
LINE
8
BLACK
6
CONTINUOUS
10
12.9323966141732285
20
-1.6273451574803148
11
12.9323216929133853
21
-1.6269685039370079
0
LINE
8
BLACK
6
CONTINUOUS
10
12.9323216929133853
20
-1.6269685039370079
11
12.9323216929133853
21
-1.5167322834645669
0
LINE
8
BLACK
6
CONTINUOUS
10
12.9323216929133853
20
-1.5167322834645669
11
12.9323966141732285
21
-1.5163556299212597
0
LINE
8
BLACK
6
CONTINUOUS
10
12.9323966141732285
20
-1.5163556299212597
11
12.932696259842519
21
-1.5148488976377952
0
LINE
8
BLACK
6
CONTINUOUS
10
12.932696259842519
20
-1.5148488976377952
11
12.9337629133858272
21
-1.513252125984252
0
LINE
8
BLACK
6
CONTINUOUS
10
12.9337629133858272
20
-1.513252125984252
11
12.9353593700787393
21
-1.5121849999999999
0
LINE
8
BLACK
6
CONTINUOUS
10
12.9353593700787393
20
-1.5121849999999999
11
12.9372426771653544
21
-1.5118098818897638
0
LINE
8
BLACK
6
CONTINUOUS
10
12.9372426771653544
20
-1.5118098818897638
11
12.9372426771653544
21
-1.5118110236220472
0
LINE
8
BLACK
6
CONTINUOUS
10
12.936451889763779
20
-1.5137785826771653
11
12.9350813779527556
21
-1.5145701968503937
0
LINE
8
BLACK
6
CONTINUOUS
10
12.9350813779527556
20
-1.5145701968503937
11
12.934290157480314
21
-1.5159409448818897
0
LINE
8
BLACK
6
CONTINUOUS
10
12.934290157480314
20
-1.5159409448818897
11
12.9342901968503927
21
-1.5167322834645669
0
LINE
8
BLACK
6
CONTINUOUS
10
12.9342901968503927
20
-1.5167322834645669
11
12.9342901968503927
21
-1.6269685039370079
0
LINE
8
BLACK
6
CONTINUOUS
10
12.9342901968503927
20
-1.6269685039370079
11
12.9342913385826765
21
-1.6269685039370079
0
LINE
8
BLACK
6
CONTINUOUS
10
12.9342913385826765
20
-1.6269685039370079
11
12.9342912992125978
21
-1.6277595669291338
0
LINE
8
BLACK
6
CONTINUOUS
10
12.9342912992125978
20
-1.6277595669291338
11
12.9350822047244094
21
-1.6291297637795275
0
LINE
8
BLACK
6
CONTINUOUS
10
12.9350822047244094
20
-1.6291297637795275
11
12.936452204724409
21
-1.6299210629921259
0
LINE
8
BLACK
6
CONTINUOUS
10
12.936452204724409
20
-1.6299210629921259
11
12.9372432283464569
21
-1.6299212598425197
0
LINE
8
BLACK
6
CONTINUOUS
10
12.9372432283464569
20
-1.6299212598425197
11
13.0632272047244093
21
-1.6299212598425197
0
LINE
8
BLACK
6
CONTINUOUS
10
13.0632272047244093
20
-1.6299212598425197
11
13.0632273622047244
21
-1.6299212598425197
0
LINE
8
BLACK
6
CONTINUOUS
10
13.0632273622047244
20
-1.6299212598425197
11
13.0632274803149606
21
-1.6299212598425197
0
LINE
8
BLACK
6
CONTINUOUS
10
13.0632274803149606
20
-1.6299212598425197
11
13.0632274803149606
21
-1.6299201181102363
0
LINE
8
BLACK
6
CONTINUOUS
10
13.0632274803149606
20
-1.6299201181102363
11
13.0640185039370067
21
-1.6299203149606298
0
LINE
8
BLACK
6
CONTINUOUS
10
13.0640185039370067
20
-1.6299203149606298
11
13.0653887795275594
21
-1.6291295669291339
0
LINE
8
BLACK
6
CONTINUOUS
10
13.0653887795275594
20
-1.6291295669291339
11
13.0661799212598417
21
-1.6277595275590551
0
LINE
8
BLACK
6
CONTINUOUS
10
13.0661799212598417
20
-1.6277595275590551
11
13.0661799606299205
21
-1.6269685039370079
0
LINE
8
BLACK
6
CONTINUOUS
10
13.0661799606299205
20
-1.6269685039370079
11
13.0661799606299205
21
-1.5167322834645669
0
LINE
8
BLACK
6
CONTINUOUS
10
13.0661799606299205
20
-1.5167322834645669
11
13.0661810629921256
21
-1.5167265354330708
0
LINE
8
BLACK
6
CONTINUOUS
10
13.0661810629921256
20
-1.5167265354330708
11
13.0661810629921256
21
-1.5159409448818897
0
LINE
8
BLACK
6
CONTINUOUS
10
13.0661810629921256
20
-1.5159409448818897
11
13.0653896062992114
21
-1.5145703937007873
0
LINE
8
BLACK
6
CONTINUOUS
10
13.0653896062992114
20
-1.5145703937007873
11
13.0640188188976367
21
-1.5137793307086613
0
LINE
8
BLACK
6
CONTINUOUS
10
13.0640188188976367
20
-1.5137793307086613
11
13.0632274803149606
21
-1.5137795275590551
0
LINE
8
BLACK
6
CONTINUOUS
10
13.0632274803149606
20
-1.5137795275590551
11
13.0632273622047244
21
-1.5137794881889763
0
LINE
8
BLACK
6
CONTINUOUS
10
13.0632273622047244
20
-1.5137794881889763
11
13.0632272047244093
21
-1.5137795275590551
0
LINE
8
BLACK
6
CONTINUOUS
10
13.0632272047244093
20
-1.5137795275590551
11
12.9372432283464569
21
-1.5137795275590551
0
LINE
8
BLACK
6
CONTINUOUS
10
12.9372432283464569
20
-1.5137795275590551
11
12.9372429527559056
21
-1.5137795275590551
0
LINE
8
BLACK
6
CONTINUOUS
10
12.9372429527559056
20
-1.5137795275590551
11
12.9372372047244095
21
-1.5137783858267717
0
LINE
8
BLACK
6
CONTINUOUS
10
12.9372372047244095
20
-1.5137783858267717
11
12.936451889763779
21
-1.5137785826771653
0
LINE
8
BLACK
6
CONTINUOUS
10
9.1871641338582677
20
-1.4180708267716535
11
9.1871642125984252
21
-1.4180708267716535
0
LINE
8
BLACK
6
CONTINUOUS
10
9.1871642125984252
20
-1.4180708267716535
11
9.1871643700787402
21
-1.4180708267716535
0
LINE
8
BLACK
6
CONTINUOUS
10
9.1871643700787402
20
-1.4180708267716535
11
9.3131486220472439
21
-1.4180708267716535
0
LINE
8
BLACK
6
CONTINUOUS
10
9.3131486220472439
20
-1.4180708267716535
11
9.3133529527559045
21
-1.4181114566929134
0
LINE
8
BLACK
6
CONTINUOUS
10
9.3133529527559045
20
-1.4181114566929134
11
9.3150320472440935
21
-1.4184450787401575
0
LINE
8
BLACK
6
CONTINUOUS
10
9.3150320472440935
20
-1.4184450787401575
11
9.3166290551181099
21
-1.4195117716535433
0
LINE
8
BLACK
6
CONTINUOUS
10
9.3166290551181099
20
-1.4195117716535433
11
9.3176961811023613
21
-1.4211085039370079
0
LINE
8
BLACK
6
CONTINUOUS
10
9.3176961811023613
20
-1.4211085039370079
11
9.3180709055118101
21
-1.4229920866141732
0
LINE
8
BLACK
6
CONTINUOUS
10
9.3180709055118101
20
-1.4229920866141732
11
9.3180698818897643
21
-1.4229920866141732
0
LINE
8
BLACK
6
CONTINUOUS
10
9.3180698818897643
20
-1.4229920866141732
11
9.3180698818897643
21
-1.5332283070866142
0
LINE
8
BLACK
6
CONTINUOUS
10
9.3180698818897643
20
-1.5332283070866142
11
9.317695236220473
21
-1.5351114960629921
0
LINE
8
BLACK
6
CONTINUOUS
10
9.317695236220473
20
-1.5351114960629921
11
9.3166283464566924
21
-1.5367079133858268
0
LINE
8
BLACK
6
CONTINUOUS
10
9.3166283464566924
20
-1.5367079133858268
11
9.3150316929133847
21
-1.5377744488188976
0
LINE
8
BLACK
6
CONTINUOUS
10
9.3150316929133847
20
-1.5377744488188976
11
9.3135263779527548
21
-1.5380735039370079
0
LINE
8
BLACK
6
CONTINUOUS
10
9.3135263779527548
20
-1.5380735039370079
11
9.3135252755905515
21
-1.5380746456692913
0
LINE
8
BLACK
6
CONTINUOUS
10
9.3135252755905515
20
-1.5380746456692913
11
9.3131486220472439
21
-1.5381495669291338
0
LINE
8
BLACK
6
CONTINUOUS
10
9.3131486220472439
20
-1.5381495669291338
11
9.3131483858267714
21
-1.5381495669291338
0
LINE
8
BLACK
6
CONTINUOUS
10
9.3131483858267714
20
-1.5381495669291338
11
9.1871643700787402
21
-1.5381495669291338
0
LINE
8
BLACK
6
CONTINUOUS
10
9.1871643700787402
20
-1.5381495669291338
11
9.1871642125984252
21
-1.5381495275590551
0
LINE
8
BLACK
6
CONTINUOUS
10
9.1871642125984252
20
-1.5381495275590551
11
9.1871641338582677
21
-1.5381495669291338
0
LINE
8
BLACK
6
CONTINUOUS
10
9.1871641338582677
20
-1.5381495669291338
11
9.1869558661417319
21
-1.5381080708661417
0
LINE
8
BLACK
6
CONTINUOUS
10
9.1869558661417319
20
-1.5381080708661417
11
9.1867877165354326
21
-1.5380746456692913
0
LINE
8
BLACK
6
CONTINUOUS
10
9.1867877165354326
20
-1.5380746456692913
11
9.1867876377952751
21
-1.5380745669291338
0
LINE
8
BLACK
6
CONTINUOUS
10
9.1867876377952751
20
-1.5380745669291338
11
9.1852812204724401
21
-1.5377746062992126
0
LINE
8
BLACK
6
CONTINUOUS
10
9.1852812204724401
20
-1.5377746062992126
11
9.183685078740158
21
-1.536707716535433
0
LINE
8
BLACK
6
CONTINUOUS
10
9.183685078740158
20
-1.536707716535433
11
9.1826186220472437
21
-1.5351112992125984
0
LINE
8
BLACK
6
CONTINUOUS
10
9.1826186220472437
20
-1.5351112992125984
11
9.1823192913385832
21
-1.533606220472441
0
LINE
8
BLACK
6
CONTINUOUS
10
9.1823192913385832
20
-1.533606220472441
11
9.1823180314960631
21
-1.5336049606299211
0
LINE
8
BLACK
6
CONTINUOUS
10
9.1823180314960631
20
-1.5336049606299211
11
9.1822431102362199
21
-1.5332283070866142
0
LINE
8
BLACK
6
CONTINUOUS
10
9.1822431102362199
20
-1.5332283070866142
11
9.1822431102362199
21
-1.4229920866141732
0
LINE
8
BLACK
6
CONTINUOUS
10
9.1822431102362199
20
-1.4229920866141732
11
9.1823180314960631
21
-1.422615433070866
0
LINE
8
BLACK
6
CONTINUOUS
10
9.1823180314960631
20
-1.422615433070866
11
9.1826176771653536
21
-1.4211087007874015
0
LINE
8
BLACK
6
CONTINUOUS
10
9.1826176771653536
20
-1.4211087007874015
11
9.1836843700787405
21
-1.4195120078740158
0
LINE
8
BLACK
6
CONTINUOUS
10
9.1836843700787405
20
-1.4195120078740158
11
9.1852808661417313
21
-1.4184449212598425
0
LINE
8
BLACK
6
CONTINUOUS
10
9.1852808661417313
20
-1.4184449212598425
11
9.1871641338582677
21
-1.4180698818897637
0
LINE
8
BLACK
6
CONTINUOUS
10
9.1871641338582677
20
-1.4180698818897637
11
9.1871641338582677
21
-1.4180708267716535
0
LINE
8
BLACK
6
CONTINUOUS
10
9.1863733070866136
20
-1.4200385433070866
11
9.1850027952755902
21
-1.4208300787401575
0
LINE
8
BLACK
6
CONTINUOUS
10
9.1850027952755902
20
-1.4208300787401575
11
9.1842115748031485
21
-1.4222007874015747
0
LINE
8
BLACK
6
CONTINUOUS
10
9.1842115748031485
20
-1.4222007874015747
11
9.1842116141732273
21
-1.4229920866141732
0
LINE
8
BLACK
6
CONTINUOUS
10
9.1842116141732273
20
-1.4229920866141732
11
9.1842116141732273
21
-1.5332283070866142
0
LINE
8
BLACK
6
CONTINUOUS
10
9.1842116141732273
20
-1.5332283070866142
11
9.1842126377952749
21
-1.5332283070866142
0
LINE
8
BLACK
6
CONTINUOUS
10
9.1842126377952749
20
-1.5332283070866142
11
9.1842125984251961
21
-1.5340193700787401
0
LINE
8
BLACK
6
CONTINUOUS
10
9.1842125984251961
20
-1.5340193700787401
11
9.1850035433070865
21
-1.5353896062992125
0
LINE
8
BLACK
6
CONTINUOUS
10
9.1850035433070865
20
-1.5353896062992125
11
9.1863735433070861
21
-1.536180905511811
0
LINE
8
BLACK
6
CONTINUOUS
10
9.1863735433070861
20
-1.536180905511811
11
9.1871646062992127
21
-1.536181062992126
0
LINE
8
BLACK
6
CONTINUOUS
10
9.1871646062992127
20
-1.536181062992126
11
9.3131486220472439
21
-1.536181062992126
0
LINE
8
BLACK
6
CONTINUOUS
10
9.3131486220472439
20
-1.536181062992126
11
9.3131487401574802
21
-1.536181062992126
0
LINE
8
BLACK
6
CONTINUOUS
10
9.3131487401574802
20
-1.536181062992126
11
9.3131488582677164
21
-1.536181062992126
0
LINE
8
BLACK
6
CONTINUOUS
10
9.3131488582677164
20
-1.536181062992126
11
9.3131488582677164
21
-1.5361801181102361
0
LINE
8
BLACK
6
CONTINUOUS
10
9.3131488582677164
20
-1.5361801181102361
11
9.313939921259843
21
-1.5361802755905511
0
LINE
8
BLACK
6
CONTINUOUS
10
9.313939921259843
20
-1.5361802755905511
11
9.315310196850394
21
-1.5353894488188975
0
LINE
8
BLACK
6
CONTINUOUS
10
9.315310196850394
20
-1.5353894488188975
11
9.3161013385826763
21
-1.5340193700787401
0
LINE
8
BLACK
6
CONTINUOUS
10
9.3161013385826763
20
-1.5340193700787401
11
9.3161013779527551
21
-1.5332283070866142
0
LINE
8
BLACK
6
CONTINUOUS
10
9.3161013779527551
20
-1.5332283070866142
11
9.3161013779527551
21
-1.4229920866141732
0
LINE
8
BLACK
6
CONTINUOUS
10
9.3161013779527551
20
-1.4229920866141732
11
9.3161023622047239
21
-1.4229869291338582
0
LINE
8
BLACK
6
CONTINUOUS
10
9.3161023622047239
20
-1.4229869291338582
11
9.3161023622047239
21
-1.4222007874015747
0
LINE
8
BLACK
6
CONTINUOUS
10
9.3161023622047239
20
-1.4222007874015747
11
9.3153109448818903
21
-1.4208302362204723
0
LINE
8
BLACK
6
CONTINUOUS
10
9.3153109448818903
20
-1.4208302362204723
11
9.3139401968503943
21
-1.4200391732283464
0
LINE
8
BLACK
6
CONTINUOUS
10
9.3139401968503943
20
-1.4200391732283464
11
9.3131488582677164
21
-1.4200393307086614
0
LINE
8
BLACK
6
CONTINUOUS
10
9.3131488582677164
20
-1.4200393307086614
11
9.3131487401574802
21
-1.4200392913385826
0
LINE
8
BLACK
6
CONTINUOUS
10
9.3131487401574802
20
-1.4200392913385826
11
9.3131486220472439
21
-1.4200393307086614
0
LINE
8
BLACK
6
CONTINUOUS
10
9.3131486220472439
20
-1.4200393307086614
11
9.1871646062992127
21
-1.4200393307086614
0
LINE
8
BLACK
6
CONTINUOUS
10
9.1871646062992127
20
-1.4200393307086614
11
9.1871643700787402
21
-1.4200393307086614
0
LINE
8
BLACK
6
CONTINUOUS
10
9.1871643700787402
20
-1.4200393307086614
11
9.1871596062992129
21
-1.4200383858267716
0
LINE
8
BLACK
6
CONTINUOUS
10
9.1871596062992129
20
-1.4200383858267716
11
9.1863733070866136
21
-1.4200385433070866
0
LINE
8
BLACK
6
CONTINUOUS
10
9.9371641338582677
20
-1.3243700787401576
11
9.9371642125984252
21
-1.3243700787401576
0
LINE
8
BLACK
6
CONTINUOUS
10
9.9371642125984252
20
-1.3243700787401576
11
9.9371643700787402
21
-1.3243700787401576
0
LINE
8
BLACK
6
CONTINUOUS
10
9.9371643700787402
20
-1.3243700787401576
11
10.0631486220472439
21
-1.3243700787401576
0
LINE
8
BLACK
6
CONTINUOUS
10
10.0631486220472439
20
-1.3243700787401576
11
10.0633529527559045
21
-1.3244107086614172
0
LINE
8
BLACK
6
CONTINUOUS
10
10.0633529527559045
20
-1.3244107086614172
11
10.0650320472440935
21
-1.3247443307086615
0
LINE
8
BLACK
6
CONTINUOUS
10
10.0650320472440935
20
-1.3247443307086615
11
10.0666290157480312
21
-1.325811062992126
0
LINE
8
BLACK
6
CONTINUOUS
10
10.0666290157480312
20
-1.325811062992126
11
10.0676961417322826
21
-1.3274077559055117
0
LINE
8
BLACK
6
CONTINUOUS
10
10.0676961417322826
20
-1.3274077559055117
11
10.0680708661417313
21
-1.3292913385826772
0
LINE
8
BLACK
6
CONTINUOUS
10
10.0680708661417313
20
-1.3292913385826772
11
10.0680698818897643
21
-1.3292913385826772
0
LINE
8
BLACK
6
CONTINUOUS
10
10.0680698818897643
20
-1.3292913385826772
11
10.0680698818897643
21
-1.439527559055118
0
LINE
8
BLACK
6
CONTINUOUS
10
10.0680698818897643
20
-1.439527559055118
11
10.067695236220473
21
-1.4414107480314959
0
LINE
8
BLACK
6
CONTINUOUS
10
10.067695236220473
20
-1.4414107480314959
11
10.0666283464566924
21
-1.4430071653543306
0
LINE
8
BLACK
6
CONTINUOUS
10
10.0666283464566924
20
-1.4430071653543306
11
10.065031653543306
21
-1.4440736614173229
0
LINE
8
BLACK
6
CONTINUOUS
10
10.065031653543306
20
-1.4440736614173229
11
10.0635264173228336
21
-1.444372716535433
0
LINE
8
BLACK
6
CONTINUOUS
10
10.0635264173228336
20
-1.444372716535433
11
10.0635252755905515
21
-1.4443738976377953
0
LINE
8
BLACK
6
CONTINUOUS
10
10.0635252755905515
20
-1.4443738976377953
11
10.0631486220472439
21
-1.4444488188976377
0
LINE
8
BLACK
6
CONTINUOUS
10
10.0631486220472439
20
-1.4444488188976377
11
10.0631483858267714
21
-1.4444488188976377
0
LINE
8
BLACK
6
CONTINUOUS
10
10.0631483858267714
20
-1.4444488188976377
11
9.9371643700787402
21
-1.4444488188976377
0
LINE
8
BLACK
6
CONTINUOUS
10
9.9371643700787402
20
-1.4444488188976377
11
9.9371642125984252
21
-1.4444487795275591
0
LINE
8
BLACK
6
CONTINUOUS
10
9.9371642125984252
20
-1.4444487795275591
11
9.9371641338582677
21
-1.4444488188976377
0
LINE
8
BLACK
6
CONTINUOUS
10
9.9371641338582677
20
-1.4444488188976377
11
9.9369558661417319
21
-1.4444073228346457
0
LINE
8
BLACK
6
CONTINUOUS
10
9.9369558661417319
20
-1.4444073228346457
11
9.9367877165354326
21
-1.4443738976377953
0
LINE
8
BLACK
6
CONTINUOUS
10
9.9367877165354326
20
-1.4443738976377953
11
9.9367876377952751
21
-1.4443738188976378
0
LINE
8
BLACK
6
CONTINUOUS
10
9.9367876377952751
20
-1.4443738188976378
11
9.9352812204724401
21
-1.4440738582677164
0
LINE
8
BLACK
6
CONTINUOUS
10
9.9352812204724401
20
-1.4440738582677164
11
9.933685078740158
21
-1.4430069685039371
0
LINE
8
BLACK
6
CONTINUOUS
10
9.933685078740158
20
-1.4430069685039371
11
9.9326185826771649
21
-1.4414105511811024
0
LINE
8
BLACK
6
CONTINUOUS
10
9.9326185826771649
20
-1.4414105511811024
11
9.9323192125984257
21
-1.4399053937007873
0
LINE
8
BLACK
6
CONTINUOUS
10
9.9323192125984257
20
-1.4399053937007873
11
9.9323180314960631
21
-1.4399042125984252
0
LINE
8
BLACK
6
CONTINUOUS
10
9.9323180314960631
20
-1.4399042125984252
11
9.9322431102362199
21
-1.439527559055118
0
LINE
8
BLACK
6
CONTINUOUS
10
9.9322431102362199
20
-1.439527559055118
11
9.9322431102362199
21
-1.3292913385826772
0
LINE
8
BLACK
6
CONTINUOUS
10
9.9322431102362199
20
-1.3292913385826772
11
9.9323180314960631
21
-1.32891468503937
0
LINE
8
BLACK
6
CONTINUOUS
10
9.9323180314960631
20
-1.32891468503937
11
9.9326176771653536
21
-1.3274079527559055
0
LINE
8
BLACK
6
CONTINUOUS
10
9.9326176771653536
20
-1.3274079527559055
11
9.9336843700787405
21
-1.3258112204724408
0
LINE
8
BLACK
6
CONTINUOUS
10
9.9336843700787405
20
-1.3258112204724408
11
9.9352808267716526
21
-1.3247441338582677
0
LINE
8
BLACK
6
CONTINUOUS
10
9.9352808267716526
20
-1.3247441338582677
11
9.9371641338582677
21
-1.324369094488189
0
LINE
8
BLACK
6
CONTINUOUS
10
9.9371641338582677
20
-1.324369094488189
11
9.9371641338582677
21
-1.3243700787401576
0
LINE
8
BLACK
6
CONTINUOUS
10
9.9363732677165348
20
-1.3263377559055118
11
9.9350027952755902
21
-1.3271292913385826
0
LINE
8
BLACK
6
CONTINUOUS
10
9.9350027952755902
20
-1.3271292913385826
11
9.9342115748031485
21
-1.3285
0
LINE
8
BLACK
6
CONTINUOUS
10
9.9342115748031485
20
-1.3285
11
9.9342116141732273
21
-1.3292913385826772
0
LINE
8
BLACK
6
CONTINUOUS
10
9.9342116141732273
20
-1.3292913385826772
11
9.9342116141732273
21
-1.439527559055118
0
LINE
8
BLACK
6
CONTINUOUS
10
9.9342116141732273
20
-1.439527559055118
11
9.9342125984251961
21
-1.439527559055118
0
LINE
8
BLACK
6
CONTINUOUS
10
9.9342125984251961
20
-1.439527559055118
11
9.9342125590551174
21
-1.4403186220472441
0
LINE
8
BLACK
6
CONTINUOUS
10
9.9342125590551174
20
-1.4403186220472441
11
9.9350035039370077
21
-1.4416888582677165
0
LINE
8
BLACK
6
CONTINUOUS
10
9.9350035039370077
20
-1.4416888582677165
11
9.9363735433070861
21
-1.442480157480315
0
LINE
8
BLACK
6
CONTINUOUS
10
9.9363735433070861
20
-1.442480157480315
11
9.9371646062992127
21
-1.4424803149606298
0
LINE
8
BLACK
6
CONTINUOUS
10
9.9371646062992127
20
-1.4424803149606298
11
10.0631486220472439
21
-1.4424803149606298
0
LINE
8
BLACK
6
CONTINUOUS
10
10.0631486220472439
20
-1.4424803149606298
11
10.0631487401574802
21
-1.4424803149606298
0
LINE
8
BLACK
6
CONTINUOUS
10
10.0631487401574802
20
-1.4424803149606298
11
10.0631488582677164
21
-1.4424803149606298
0
LINE
8
BLACK
6
CONTINUOUS
10
10.0631488582677164
20
-1.4424803149606298
11
10.0631488582677164
21
-1.4424793307086614
0
LINE
8
BLACK
6
CONTINUOUS
10
10.0631488582677164
20
-1.4424793307086614
11
10.063939921259843
21
-1.4424794881889764
0
LINE
8
BLACK
6
CONTINUOUS
10
10.063939921259843
20
-1.4424794881889764
11
10.065310196850394
21
-1.4416886614173228
0
LINE
8
BLACK
6
CONTINUOUS
10
10.065310196850394
20
-1.4416886614173228
11
10.0661013385826763
21
-1.4403186220472441
0
LINE
8
BLACK
6
CONTINUOUS
10
10.0661013385826763
20
-1.4403186220472441
11
10.0661013779527551
21
-1.439527559055118
0
LINE
8
BLACK
6
CONTINUOUS
10
10.0661013779527551
20
-1.439527559055118
11
10.0661013779527551
21
-1.3292913385826772
0
LINE
8
BLACK
6
CONTINUOUS
10
10.0661013779527551
20
-1.3292913385826772
11
10.0661023228346451
21
-1.3292863779527559
0
LINE
8
BLACK
6
CONTINUOUS
10
10.0661023228346451
20
-1.3292863779527559
11
10.0661023228346451
21
-1.3285000393700788
0
LINE
8
BLACK
6
CONTINUOUS
10
10.0661023228346451
20
-1.3285000393700788
11
10.0653109055118115
21
-1.3271294881889764
0
LINE
8
BLACK
6
CONTINUOUS
10
10.0653109055118115
20
-1.3271294881889764
11
10.0639401968503943
21
-1.3263384251968504
0
LINE
8
BLACK
6
CONTINUOUS
10
10.0639401968503943
20
-1.3263384251968504
11
10.0631488582677164
21
-1.3263385826771654
0
LINE
8
BLACK
6
CONTINUOUS
10
10.0631488582677164
20
-1.3263385826771654
11
10.0631487401574802
21
-1.3263385433070867
0
LINE
8
BLACK
6
CONTINUOUS
10
10.0631487401574802
20
-1.3263385433070867
11
10.0631486220472439
21
-1.3263385826771654
0
LINE
8
BLACK
6
CONTINUOUS
10
10.0631486220472439
20
-1.3263385826771654
11
9.9371646062992127
21
-1.3263385826771654
0
LINE
8
BLACK
6
CONTINUOUS
10
9.9371646062992127
20
-1.3263385826771654
11
9.9371643700787402
21
-1.3263385826771654
0
LINE
8
BLACK
6
CONTINUOUS
10
9.9371643700787402
20
-1.3263385826771654
11
9.9371594094488191
21
-1.3263375984251968
0
LINE
8
BLACK
6
CONTINUOUS
10
9.9371594094488191
20
-1.3263375984251968
11
9.9363732677165348
21
-1.3263377559055118
0
LINE
8
BLACK
6
CONTINUOUS
10
11.4372033858267717
20
-1.3243700787401576
11
11.4372034645669292
21
-1.3243700787401576
0
LINE
8
BLACK
6
CONTINUOUS
10
11.4372034645669292
20
-1.3243700787401576
11
11.4372036614173229
21
-1.3243700787401576
0
LINE
8
BLACK
6
CONTINUOUS
10
11.4372036614173229
20
-1.3243700787401576
11
11.5631879133858266
21
-1.3243700787401576
0
LINE
8
BLACK
6
CONTINUOUS
10
11.5631879133858266
20
-1.3243700787401576
11
11.5634028346456699
21
-1.3244127952755904
0
LINE
8
BLACK
6
CONTINUOUS
10
11.5634028346456699
20
-1.3244127952755904
11
11.5650713385826762
21
-1.3247442913385827
0
LINE
8
BLACK
6
CONTINUOUS
10
11.5650713385826762
20
-1.3247442913385827
11
11.5666683464566926
21
-1.3258110236220473
0
LINE
8
BLACK
6
CONTINUOUS
10
11.5666683464566926
20
-1.3258110236220473
11
11.5677355118110228
21
-1.3274077559055117
0
LINE
8
BLACK
6
CONTINUOUS
10
11.5677355118110228
20
-1.3274077559055117
11
11.5681102362204715
21
-1.3292913385826772
0
LINE
8
BLACK
6
CONTINUOUS
10
11.5681102362204715
20
-1.3292913385826772
11
11.568109173228347
21
-1.3292913385826772
0
LINE
8
BLACK
6
CONTINUOUS
10
11.568109173228347
20
-1.3292913385826772
11
11.568109173228347
21
-1.439527559055118
0
LINE
8
BLACK
6
CONTINUOUS
10
11.568109173228347
20
-1.439527559055118
11
11.5677345275590557
21
-1.4414107480314959
0
LINE
8
BLACK
6
CONTINUOUS
10
11.5677345275590557
20
-1.4414107480314959
11
11.5666675984251963
21
-1.4430071259842518
0
LINE
8
BLACK
6
CONTINUOUS
10
11.5666675984251963
20
-1.4430071259842518
11
11.5650709448818887
21
-1.4440736220472441
0
LINE
8
BLACK
6
CONTINUOUS
10
11.5650709448818887
20
-1.4440736220472441
11
11.5635658267716526
21
-1.4443725984251967
0
LINE
8
BLACK
6
CONTINUOUS
10
11.5635658267716526
20
-1.4443725984251967
11
11.5635645669291343
21
-1.4443738976377953
0
LINE
8
BLACK
6
CONTINUOUS
10
11.5635645669291343
20
-1.4443738976377953
11
11.5631879133858266
21
-1.4444488188976377
0
LINE
8
BLACK
6
CONTINUOUS
10
11.5631879133858266
20
-1.4444488188976377
11
11.5631876377952754
21
-1.4444488188976377
0
LINE
8
BLACK
6
CONTINUOUS
10
11.5631876377952754
20
-1.4444488188976377
11
11.4372036614173229
21
-1.4444488188976377
0
LINE
8
BLACK
6
CONTINUOUS
10
11.4372036614173229
20
-1.4444488188976377
11
11.4372034645669292
21
-1.4444487795275591
0
LINE
8
BLACK
6
CONTINUOUS
10
11.4372034645669292
20
-1.4444487795275591
11
11.4372033858267717
21
-1.4444488188976377
0
LINE
8
BLACK
6
CONTINUOUS
10
11.4372033858267717
20
-1.4444488188976377
11
11.4369846850393699
21
-1.4444052362204725
0
LINE
8
BLACK
6
CONTINUOUS
10
11.4369846850393699
20
-1.4444052362204725
11
11.4368270078740153
21
-1.4443738976377953
0
LINE
8
BLACK
6
CONTINUOUS
10
11.4368270078740153
20
-1.4443738976377953
11
11.4368269291338578
21
-1.4443738188976378
0
LINE
8
BLACK
6
CONTINUOUS
10
11.4368269291338578
20
-1.4443738188976378
11
11.4353205118110228
21
-1.4440738188976379
0
LINE
8
BLACK
6
CONTINUOUS
10
11.4353205118110228
20
-1.4440738188976379
11
11.4337244094488195
21
-1.4430069291338583
0
LINE
8
BLACK
6
CONTINUOUS
10
11.4337244094488195
20
-1.4430069291338583
11
11.4326579527559051
21
-1.4414105511811024
0
LINE
8
BLACK
6
CONTINUOUS
10
11.4326579527559051
20
-1.4414105511811024
11
11.4323586220472446
21
-1.4399055118110236
0
LINE
8
BLACK
6
CONTINUOUS
10
11.4323586220472446
20
-1.4399055118110236
11
11.4323573228346458
21
-1.4399042125984252
0
LINE
8
BLACK
6
CONTINUOUS
10
11.4323573228346458
20
-1.4399042125984252
11
11.4322824015748026
21
-1.439527559055118
0
LINE
8
BLACK
6
CONTINUOUS
10
11.4322824015748026
20
-1.439527559055118
11
11.4322824015748026
21
-1.3292913385826772
0
LINE
8
BLACK
6
CONTINUOUS
10
11.4322824015748026
20
-1.3292913385826772
11
11.4323573228346458
21
-1.32891468503937
0
LINE
8
BLACK
6
CONTINUOUS
10
11.4323573228346458
20
-1.32891468503937
11
11.4326569685039363
21
-1.3274079527559055
0
LINE
8
BLACK
6
CONTINUOUS
10
11.4326569685039363
20
-1.3274079527559055
11
11.4337236614173232
21
-1.3258111811023621
0
LINE
8
BLACK
6
CONTINUOUS
10
11.4337236614173232
20
-1.3258111811023621
11
11.4353201181102353
21
-1.324744094488189
0
LINE
8
BLACK
6
CONTINUOUS
10
11.4353201181102353
20
-1.324744094488189
11
11.4372033858267717
21
-1.3243690157480315
0
LINE
8
BLACK
6
CONTINUOUS
10
11.4372033858267717
20
-1.3243690157480315
11
11.4372033858267717
21
-1.3243700787401576
0
LINE
8
BLACK
6
CONTINUOUS
10
11.4364125984251963
20
-1.3263376771653543
11
11.4350420866141729
21
-1.3271292913385826
0
LINE
8
BLACK
6
CONTINUOUS
10
11.4350420866141729
20
-1.3271292913385826
11
11.4342508661417313
21
-1.3285
0
LINE
8
BLACK
6
CONTINUOUS
10
11.4342508661417313
20
-1.3285
11
11.43425090551181
21
-1.3292913385826772
0
LINE
8
BLACK
6
CONTINUOUS
10
11.43425090551181
20
-1.3292913385826772
11
11.43425090551181
21
-1.439527559055118
0
LINE
8
BLACK
6
CONTINUOUS
10
11.43425090551181
20
-1.439527559055118
11
11.4342519685039363
21
-1.439527559055118
0
LINE
8
BLACK
6
CONTINUOUS
10
11.4342519685039363
20
-1.439527559055118
11
11.4342519291338576
21
-1.4403186220472441
0
LINE
8
BLACK
6
CONTINUOUS
10
11.4342519291338576
20
-1.4403186220472441
11
11.4350428740157479
21
-1.4416888582677165
0
LINE
8
BLACK
6
CONTINUOUS
10
11.4350428740157479
20
-1.4416888582677165
11
11.4364128740157476
21
-1.442480157480315
0
LINE
8
BLACK
6
CONTINUOUS
10
11.4364128740157476
20
-1.442480157480315
11
11.4372039370078742
21
-1.4424803149606298
0
LINE
8
BLACK
6
CONTINUOUS
10
11.4372039370078742
20
-1.4424803149606298
11
11.5631879133858266
21
-1.4424803149606298
0
LINE
8
BLACK
6
CONTINUOUS
10
11.5631879133858266
20
-1.4424803149606298
11
11.5631880708661416
21
-1.4424803149606298
0
LINE
8
BLACK
6
CONTINUOUS
10
11.5631880708661416
20
-1.4424803149606298
11
11.5631881889763779
21
-1.4424803149606298
0
LINE
8
BLACK
6
CONTINUOUS
10
11.5631881889763779
20
-1.4424803149606298
11
11.5631881889763779
21
-1.4424792519685039
0
LINE
8
BLACK
6
CONTINUOUS
10
11.5631881889763779
20
-1.4424792519685039
11
11.5639792125984258
21
-1.4424794488188977
0
LINE
8
BLACK
6
CONTINUOUS
10
11.5639792125984258
20
-1.4424794488188977
11
11.5653494881889767
21
-1.4416886614173228
0
LINE
8
BLACK
6
CONTINUOUS
10
11.5653494881889767
20
-1.4416886614173228
11
11.566140629921259
21
-1.4403185826771654
0
LINE
8
BLACK
6
CONTINUOUS
10
11.566140629921259
20
-1.4403185826771654
11
11.5661406692913378
21
-1.439527559055118
0
LINE
8
BLACK
6
CONTINUOUS
10
11.5661406692913378
20
-1.439527559055118
11
11.5661406692913378
21
-1.3292913385826772
0
LINE
8
BLACK
6
CONTINUOUS
10
11.5661406692913378
20
-1.3292913385826772
11
11.5661416929133853
21
-1.3292859842519684
0
LINE
8
BLACK
6
CONTINUOUS
10
11.5661416929133853
20
-1.3292859842519684
11
11.5661416929133853
21
-1.3285
0
LINE
8
BLACK
6
CONTINUOUS
10
11.5661416929133853
20
-1.3285
11
11.5653502755905517
21
-1.3271294881889764
0
LINE
8
BLACK
6
CONTINUOUS
10
11.5653502755905517
20
-1.3271294881889764
11
11.5639794881889753
21
-1.3263383858267717
0
LINE
8
BLACK
6
CONTINUOUS
10
11.5639794881889753
20
-1.3263383858267717
11
11.5631881889763779
21
-1.3263385826771654
0
LINE
8
BLACK
6
CONTINUOUS
10
11.5631881889763779
20
-1.3263385826771654
11
11.5631880708661416
21
-1.3263385433070867
0
LINE
8
BLACK
6
CONTINUOUS
10
11.5631880708661416
20
-1.3263385433070867
11
11.5631879133858266
21
-1.3263385826771654
0
LINE
8
BLACK
6
CONTINUOUS
10
11.5631879133858266
20
-1.3263385826771654
11
11.4372039370078742
21
-1.3263385826771654
0
LINE
8
BLACK
6
CONTINUOUS
10
11.4372039370078742
20
-1.3263385826771654
11
11.4372036614173229
21
-1.3263385826771654
0
LINE
8
BLACK
6
CONTINUOUS
10
11.4372036614173229
20
-1.3263385826771654
11
11.4371983070866143
21
-1.3263375196850393
0
LINE
8
BLACK
6
CONTINUOUS
10
11.4371983070866143
20
-1.3263375196850393
11
11.4364125984251963
21
-1.3263376771653543
0
LINE
8
BLACK
6
CONTINUOUS
10
10.6872033858267717
20
-1.2306299212598424
11
10.6872034645669292
21
-1.2306299212598424
0
LINE
8
BLACK
6
CONTINUOUS
10
10.6872034645669292
20
-1.2306299212598424
11
10.6872036614173229
21
-1.2306299212598424
0
LINE
8
BLACK
6
CONTINUOUS
10
10.6872036614173229
20
-1.2306299212598424
11
10.8131879133858266
21
-1.2306299212598424
0
LINE
8
BLACK
6
CONTINUOUS
10
10.8131879133858266
20
-1.2306299212598424
11
10.8134028346456699
21
-1.2306726377952755
0
LINE
8
BLACK
6
CONTINUOUS
10
10.8134028346456699
20
-1.2306726377952755
11
10.8150713385826762
21
-1.2310041338582678
0
LINE
8
BLACK
6
CONTINUOUS
10
10.8150713385826762
20
-1.2310041338582678
11
10.8166683464566926
21
-1.2320708661417323
0
LINE
8
BLACK
6
CONTINUOUS
10
10.8166683464566926
20
-1.2320708661417323
11
10.8177355118110228
21
-1.2336675984251968
0
LINE
8
BLACK
6
CONTINUOUS
10
10.8177355118110228
20
-1.2336675984251968
11
10.8181102362204715
21
-1.2355511811023623
0
LINE
8
BLACK
6
CONTINUOUS
10
10.8181102362204715
20
-1.2355511811023623
11
10.818109173228347
21
-1.2355511811023623
0
LINE
8
BLACK
6
CONTINUOUS
10
10.818109173228347
20
-1.2355511811023623
11
10.818109173228347
21
-1.345787401574803
0
LINE
8
BLACK
6
CONTINUOUS
10
10.818109173228347
20
-1.345787401574803
11
10.8177345275590557
21
-1.347670590551181
0
LINE
8
BLACK
6
CONTINUOUS
10
10.8177345275590557
20
-1.347670590551181
11
10.8166675984251963
21
-1.3492669685039369
0
LINE
8
BLACK
6
CONTINUOUS
10
10.8166675984251963
20
-1.3492669685039369
11
10.8150709448818887
21
-1.3503334645669292
0
LINE
8
BLACK
6
CONTINUOUS
10
10.8150709448818887
20
-1.3503334645669292
11
10.8135658267716526
21
-1.3506324409448818
0
LINE
8
BLACK
6
CONTINUOUS
10
10.8135658267716526
20
-1.3506324409448818
11
10.8135645669291343
21
-1.3506337401574804
0
LINE
8
BLACK
6
CONTINUOUS
10
10.8135645669291343
20
-1.3506337401574804
11
10.8131879133858266
21
-1.3507086614173227
0
LINE
8
BLACK
6
CONTINUOUS
10
10.8131879133858266
20
-1.3507086614173227
11
10.8131876377952754
21
-1.3507086614173227
0
LINE
8
BLACK
6
CONTINUOUS
10
10.8131876377952754
20
-1.3507086614173227
11
10.6872036614173229
21
-1.3507086614173227
0
LINE
8
BLACK
6
CONTINUOUS
10
10.6872036614173229
20
-1.3507086614173227
11
10.6872034645669292
21
-1.350708622047244
0
LINE
8
BLACK
6
CONTINUOUS
10
10.6872034645669292
20
-1.350708622047244
11
10.6872033858267717
21
-1.3507086614173227
0
LINE
8
BLACK
6
CONTINUOUS
10
10.6872033858267717
20
-1.3507086614173227
11
10.6869846850393699
21
-1.3506650787401575
0
LINE
8
BLACK
6
CONTINUOUS
10
10.6869846850393699
20
-1.3506650787401575
11
10.6868270078740153
21
-1.3506337401574804
0
LINE
8
BLACK
6
CONTINUOUS
10
10.6868270078740153
20
-1.3506337401574804
11
10.6868269291338578
21
-1.3506336614173229
0
LINE
8
BLACK
6
CONTINUOUS
10
10.6868269291338578
20
-1.3506336614173229
11
10.6853205118110228
21
-1.3503336614173227
0
LINE
8
BLACK
6
CONTINUOUS
10
10.6853205118110228
20
-1.3503336614173227
11
10.6837244094488195
21
-1.3492667716535434
0
LINE
8
BLACK
6
CONTINUOUS
10
10.6837244094488195
20
-1.3492667716535434
11
10.6826579527559051
21
-1.3476703937007875
0
LINE
8
BLACK
6
CONTINUOUS
10
10.6826579527559051
20
-1.3476703937007875
11
10.6823586220472446
21
-1.3461653543307086
0
LINE
8
BLACK
6
CONTINUOUS
10
10.6823586220472446
20
-1.3461653543307086
11
10.6823573228346458
21
-1.3461640551181102
0
LINE
8
BLACK
6
CONTINUOUS
10
10.6823573228346458
20
-1.3461640551181102
11
10.6822824015748026
21
-1.345787401574803
0
LINE
8
BLACK
6
CONTINUOUS
10
10.6822824015748026
20
-1.345787401574803
11
10.6822824015748026
21
-1.2355511811023623
0
LINE
8
BLACK
6
CONTINUOUS
10
10.6822824015748026
20
-1.2355511811023623
11
10.6823573228346458
21
-1.2351745275590551
0
LINE
8
BLACK
6
CONTINUOUS
10
10.6823573228346458
20
-1.2351745275590551
11
10.6826569685039363
21
-1.2336677952755906
0
LINE
8
BLACK
6
CONTINUOUS
10
10.6826569685039363
20
-1.2336677952755906
11
10.6837236614173232
21
-1.2320710236220471
0
LINE
8
BLACK
6
CONTINUOUS
10
10.6837236614173232
20
-1.2320710236220471
11
10.6853201181102353
21
-1.231003937007874
0
LINE
8
BLACK
6
CONTINUOUS
10
10.6853201181102353
20
-1.231003937007874
11
10.6872033858267717
21
-1.2306288582677165
0
LINE
8
BLACK
6
CONTINUOUS
10
10.6872033858267717
20
-1.2306288582677165
11
10.6872033858267717
21
-1.2306299212598424
0
LINE
8
BLACK
6
CONTINUOUS
10
10.6864125984251963
20
-1.2325975196850394
11
10.6850420866141729
21
-1.2333891338582677
0
LINE
8
BLACK
6
CONTINUOUS
10
10.6850420866141729
20
-1.2333891338582677
11
10.6842508661417313
21
-1.2347598425196851
0
LINE
8
BLACK
6
CONTINUOUS
10
10.6842508661417313
20
-1.2347598425196851
11
10.68425090551181
21
-1.2355511811023623
0
LINE
8
BLACK
6
CONTINUOUS
10
10.68425090551181
20
-1.2355511811023623
11
10.68425090551181
21
-1.345787401574803
0
LINE
8
BLACK
6
CONTINUOUS
10
10.68425090551181
20
-1.345787401574803
11
10.6842519685039363
21
-1.345787401574803
0
LINE
8
BLACK
6
CONTINUOUS
10
10.6842519685039363
20
-1.345787401574803
11
10.6842519291338576
21
-1.3465784645669292
0
LINE
8
BLACK
6
CONTINUOUS
10
10.6842519291338576
20
-1.3465784645669292
11
10.6850428740157479
21
-1.3479487007874016
0
LINE
8
BLACK
6
CONTINUOUS
10
10.6850428740157479
20
-1.3479487007874016
11
10.6864128740157476
21
-1.34874
0
LINE
8
BLACK
6
CONTINUOUS
10
10.6864128740157476
20
-1.34874
11
10.6872039370078742
21
-1.3487401574803148
0
LINE
8
BLACK
6
CONTINUOUS
10
10.6872039370078742
20
-1.3487401574803148
11
10.8131879133858266
21
-1.3487401574803148
0
LINE
8
BLACK
6
CONTINUOUS
10
10.8131879133858266
20
-1.3487401574803148
11
10.8131880708661416
21
-1.3487401574803148
0
LINE
8
BLACK
6
CONTINUOUS
10
10.8131880708661416
20
-1.3487401574803148
11
10.8131881889763779
21
-1.3487401574803148
0
LINE
8
BLACK
6
CONTINUOUS
10
10.8131881889763779
20
-1.3487401574803148
11
10.8131881889763779
21
-1.348739094488189
0
LINE
8
BLACK
6
CONTINUOUS
10
10.8131881889763779
20
-1.348739094488189
11
10.8139792125984258
21
-1.3487392913385827
0
LINE
8
BLACK
6
CONTINUOUS
10
10.8139792125984258
20
-1.3487392913385827
11
10.8153494881889767
21
-1.3479485039370078
0
LINE
8
BLACK
6
CONTINUOUS
10
10.8153494881889767
20
-1.3479485039370078
11
10.816140629921259
21
-1.3465784251968504
0
LINE
8
BLACK
6
CONTINUOUS
10
10.816140629921259
20
-1.3465784251968504
11
10.8161406692913378
21
-1.345787401574803
0
LINE
8
BLACK
6
CONTINUOUS
10
10.8161406692913378
20
-1.345787401574803
11
10.8161406692913378
21
-1.2355511811023623
0
LINE
8
BLACK
6
CONTINUOUS
10
10.8161406692913378
20
-1.2355511811023623
11
10.8161416929133853
21
-1.2355458267716535
0
LINE
8
BLACK
6
CONTINUOUS
10
10.8161416929133853
20
-1.2355458267716535
11
10.8161416929133853
21
-1.2347598425196851
0
LINE
8
BLACK
6
CONTINUOUS
10
10.8161416929133853
20
-1.2347598425196851
11
10.8153502755905517
21
-1.2333893307086614
0
LINE
8
BLACK
6
CONTINUOUS
10
10.8153502755905517
20
-1.2333893307086614
11
10.8139794881889753
21
-1.2325982283464567
0
LINE
8
BLACK
6
CONTINUOUS
10
10.8139794881889753
20
-1.2325982283464567
11
10.8131881889763779
21
-1.2325984251968503
0
LINE
8
BLACK
6
CONTINUOUS
10
10.8131881889763779
20
-1.2325984251968503
11
10.8131880708661416
21
-1.2325983858267717
0
LINE
8
BLACK
6
CONTINUOUS
10
10.8131880708661416
20
-1.2325983858267717
11
10.8131879133858266
21
-1.2325984251968503
0
LINE
8
BLACK
6
CONTINUOUS
10
10.8131879133858266
20
-1.2325984251968503
11
10.6872039370078742
21
-1.2325984251968503
0
LINE
8
BLACK
6
CONTINUOUS
10
10.6872039370078742
20
-1.2325984251968503
11
10.6872036614173229
21
-1.2325984251968503
0
LINE
8
BLACK
6
CONTINUOUS
10
10.6872036614173229
20
-1.2325984251968503
11
10.6871983070866143
21
-1.2325973622047244
0
LINE
8
BLACK
6
CONTINUOUS
10
10.6871983070866143
20
-1.2325973622047244
11
10.6864125984251963
21
-1.2325975196850394
0
LINE
8
BLACK
6
CONTINUOUS
10
8.8746766929133862
20
-1.0276224015748032
11
8.8749662598425196
21
-1.0277291338582677
0
LINE
8
BLACK
6
CONTINUOUS
10
8.8749662598425196
20
-1.0277291338582677
11
8.8752633858267718
21
-1.027813031496063
0
LINE
8
BLACK
6
CONTINUOUS
10
8.8752633858267718
20
-1.027813031496063
11
8.9071536614173219
21
-1.0440728740157481
0
LINE
8
BLACK
6
CONTINUOUS
10
8.9071536614173219
20
-1.0440728740157481
11
8.9073953149606293
21
-1.0442634645669291
0
LINE
8
BLACK
6
CONTINUOUS
10
8.9073953149606293
20
-1.0442634645669291
11
8.9076514566929124
21
-1.0444346456692912
0
LINE
8
BLACK
6
CONTINUOUS
10
8.9076514566929124
20
-1.0444346456692912
11
8.9329660236220469
21
-1.0697495669291339
0
LINE
8
BLACK
6
CONTINUOUS
10
8.9329660236220469
20
-1.0697495669291339
11
8.9331372834645659
21
-1.070005905511811
0
LINE
8
BLACK
6
CONTINUOUS
10
8.9331372834645659
20
-1.070005905511811
11
8.9333281889763771
21
-1.0702481496062992
0
LINE
8
BLACK
6
CONTINUOUS
10
8.9333281889763771
20
-1.0702481496062992
11
8.949548779527559
21
-1.1020985826771654
0
LINE
8
BLACK
6
CONTINUOUS
10
8.949548779527559
20
-1.1020985826771654
11
8.949632401574803
21
-1.1023953543307086
0
LINE
8
BLACK
6
CONTINUOUS
10
8.949632401574803
20
-1.1023953543307086
11
8.9497389763779527
21
-1.1026844488188976
0
LINE
8
BLACK
6
CONTINUOUS
10
8.9497389763779527
20
-1.1026844488188976
11
8.9553294488188975
21
-1.1380388188976378
0
LINE
8
BLACK
6
CONTINUOUS
10
8.9553294488188975
20
-1.1380388188976378
11
8.9553172834645665
21
-1.1383462598425196
0
LINE
8
BLACK
6
CONTINUOUS
10
8.9553172834645665
20
-1.1383462598425196
11
8.9553294488188975
21
-1.1386537007874016
0
LINE
8
BLACK
6
CONTINUOUS
10
8.9553294488188975
20
-1.1386537007874016
11
8.9497389763779527
21
-1.174008031496063
0
LINE
8
BLACK
6
CONTINUOUS
10
8.9497389763779527
20
-1.174008031496063
11
8.949632559055118
21
-1.1742967322834645
0
LINE
8
BLACK
6
CONTINUOUS
10
8.949632559055118
20
-1.1742967322834645
11
8.9495492125984253
21
-1.1745930314960629
0
LINE
8
BLACK
6
CONTINUOUS
10
8.9495492125984253
20
-1.1745930314960629
11
8.9333286220472434
21
-1.2064827559055118
0
LINE
8
BLACK
6
CONTINUOUS
10
8.9333286220472434
20
-1.2064827559055118
11
8.9331372440944872
21
-1.2067258267716534
0
LINE
8
BLACK
6
CONTINUOUS
10
8.9331372440944872
20
-1.2067258267716534
11
8.9329649212598419
21
-1.2069833464566928
0
LINE
8
BLACK
6
CONTINUOUS
10
8.9329649212598419
20
-1.2069833464566928
11
8.9076503543307091
21
-1.232258937007874
0
LINE
8
BLACK
6
CONTINUOUS
10
8.9076503543307091
20
-1.232258937007874
11
8.9073946456692905
21
-1.2324294881889764
0
LINE
8
BLACK
6
CONTINUOUS
10
8.9073946456692905
20
-1.2324294881889764
11
8.9071536614173219
21
-1.2326196062992125
0
LINE
8
BLACK
6
CONTINUOUS
10
8.9071536614173219
20
-1.2326196062992125
11
8.8752633858267718
21
-1.2488794488188977
0
LINE
8
BLACK
6
CONTINUOUS
10
8.8752633858267718
20
-1.2488794488188977
11
8.8749662598425196
21
-1.2489633070866142
0
LINE
8
BLACK
6
CONTINUOUS
10
8.8749662598425196
20
-1.2489633070866142
11
8.8746766929133862
21
-1.2490700787401574
0
LINE
8
BLACK
6
CONTINUOUS
10
8.8746766929133862
20
-1.2490700787401574
11
8.8393225196850391
21
-1.2546606299212597
0
LINE
8
BLACK
6
CONTINUOUS
10
8.8393225196850391
20
-1.2546606299212597
11
8.8390149999999998
21
-1.2546484645669291
0
LINE
8
BLACK
6
CONTINUOUS
10
8.8390149999999998
20
-1.2546484645669291
11
8.8387072834645668
21
-1.2546605905511812
0
LINE
8
BLACK
6
CONTINUOUS
10
8.8387072834645668
20
-1.2546605905511812
11
8.8033922047244086
21
-1.2490700393700787
0
LINE
8
BLACK
6
CONTINUOUS
10
8.8033922047244086
20
-1.2490700393700787
11
8.803102834645669
21
-1.2489633070866142
0
LINE
8
BLACK
6
CONTINUOUS
10
8.803102834645669
20
-1.2489633070866142
11
8.8028058267716531
21
-1.2488794488188977
0
LINE
8
BLACK
6
CONTINUOUS
10
8.8028058267716531
20
-1.2488794488188977
11
8.7709161417322825
21
-1.2326196062992125
0
LINE
8
BLACK
6
CONTINUOUS
10
8.7709161417322825
20
-1.2326196062992125
11
8.7706747637795281
21
-1.2324292125984251
0
LINE
8
BLACK
6
CONTINUOUS
10
8.7706747637795281
20
-1.2324292125984251
11
8.7704194488188971
21
-1.2322588976377953
0
LINE
8
BLACK
6
CONTINUOUS
10
8.7704194488188971
20
-1.2322588976377953
11
8.7451048818897643
21
-1.2069833464566928
0
LINE
8
BLACK
6
CONTINUOUS
10
8.7451048818897643
20
-1.2069833464566928
11
8.7449327165354322
21
-1.2067261023622047
0
LINE
8
BLACK
6
CONTINUOUS
10
8.7449327165354322
20
-1.2067261023622047
11
8.7447411811023628
21
-1.2064827952755905
0
LINE
8
BLACK
6
CONTINUOUS
10
8.7447411811023628
20
-1.2064827952755905
11
8.7285206299212597
21
-1.1745930314960629
0
LINE
8
BLACK
6
CONTINUOUS
10
8.7285206299212597
20
-1.1745930314960629
11
8.728437598425197
21
-1.1742979527559054
0
LINE
8
BLACK
6
CONTINUOUS
10
8.728437598425197
20
-1.1742979527559054
11
8.7283311811023623
21
-1.1740101968503938
0
LINE
8
BLACK
6
CONTINUOUS
10
8.7283311811023623
20
-1.1740101968503938
11
8.7227010236220472
21
-1.1386558267716536
0
LINE
8
BLACK
6
CONTINUOUS
10
8.7227010236220472
20
-1.1386558267716536
11
8.722712913385827
21
-1.1383462598425196
0
LINE
8
BLACK
6
CONTINUOUS
10
8.722712913385827
20
-1.1383462598425196
11
8.7227010236220472
21
-1.1380366929133858
0
LINE
8
BLACK
6
CONTINUOUS
10
8.7227010236220472
20
-1.1380366929133858
11
8.7283311811023623
21
-1.1026822834645669
0
LINE
8
BLACK
6
CONTINUOUS
10
8.7283311811023623
20
-1.1026822834645669
11
8.7284377165354332
21
-1.1023941732283464
0
LINE
8
BLACK
6
CONTINUOUS
10
8.7284377165354332
20
-1.1023941732283464
11
8.7285210629921259
21
-1.1020985433070867
0
LINE
8
BLACK
6
CONTINUOUS
10
8.7285210629921259
20
-1.1020985433070867
11
8.7447416141732273
21
-1.070248188976378
0
LINE
8
BLACK
6
CONTINUOUS
10
8.7447416141732273
20
-1.070248188976378
11
8.7449323228346447
21
-1.0700061811023622
0
LINE
8
BLACK
6
CONTINUOUS
10
8.7449323228346447
20
-1.0700061811023622
11
8.7451037795275592
21
-1.0697495669291339
0
LINE
8
BLACK
6
CONTINUOUS
10
8.7451037795275592
20
-1.0697495669291339
11
8.7704183858267708
21
-1.0444346456692912
0
LINE
8
BLACK
6
CONTINUOUS
10
8.7704183858267708
20
-1.0444346456692912
11
8.7706742519685044
21
-1.0442636614173229
0
LINE
8
BLACK
6
CONTINUOUS
10
8.7706742519685044
20
-1.0442636614173229
11
8.7709161417322825
21
-1.0440728740157481
0
LINE
8
BLACK
6
CONTINUOUS
10
8.7709161417322825
20
-1.0440728740157481
11
8.8028058267716531
21
-1.027813031496063
0
LINE
8
BLACK
6
CONTINUOUS
10
8.8028058267716531
20
-1.027813031496063
11
8.803102834645669
21
-1.0277291338582677
0
LINE
8
BLACK
6
CONTINUOUS
10
8.803102834645669
20
-1.0277291338582677
11
8.8033922047244086
21
-1.027622440944882
0
LINE
8
BLACK
6
CONTINUOUS
10
8.8033922047244086
20
-1.027622440944882
11
8.8387072834645668
21
-1.0220318897637795
0
LINE
8
BLACK
6
CONTINUOUS
10
8.8387072834645668
20
-1.0220318897637795
11
8.8390149999999998
21
-1.0220439763779527
0
LINE
8
BLACK
6
CONTINUOUS
10
8.8390149999999998
20
-1.0220439763779527
11
8.8393225196850391
21
-1.0220318503937007
0
LINE
8
BLACK
6
CONTINUOUS
10
8.8393225196850391
20
-1.0220318503937007
11
8.8746766929133862
21
-1.0276224015748032
0
LINE
8
BLACK
6
CONTINUOUS
10
8.8043160629921253
20
-1.0314622047244095
11
8.7729820078740151
21
-1.0474387401574803
0
LINE
8
BLACK
6
CONTINUOUS
10
8.7729820078740151
20
-1.0474387401574803
11
8.7481083070866141
21
-1.0723127952755904
0
LINE
8
BLACK
6
CONTINUOUS
10
8.7481083070866141
20
-1.0723127952755904
11
8.73217031496063
21
-1.1036083464566928
0
LINE
8
BLACK
6
CONTINUOUS
10
8.73217031496063
20
-1.1036083464566928
11
8.7266383464566921
21
-1.1383462204724408
0
LINE
8
BLACK
6
CONTINUOUS
10
8.7266383464566921
20
-1.1383462204724408
11
8.7321703937007875
21
-1.1730846850393701
0
LINE
8
BLACK
6
CONTINUOUS
10
8.7321703937007875
20
-1.1730846850393701
11
8.7481082283464566
21
-1.2044185826771654
0
LINE
8
BLACK
6
CONTINUOUS
10
8.7481082283464566
20
-1.2044185826771654
11
8.7729812992125975
21
-1.2292533464566928
0
LINE
8
BLACK
6
CONTINUOUS
10
8.7729812992125975
20
-1.2292533464566928
11
8.8043160629921253
21
-1.2452302362204724
0
LINE
8
BLACK
6
CONTINUOUS
10
8.8043160629921253
20
-1.2452302362204724
11
8.8390152755905511
21
-1.2507233070866142
0
LINE
8
BLACK
6
CONTINUOUS
10
8.8390152755905511
20
-1.2507233070866142
11
8.8737532283464571
21
-1.2452301968503936
0
LINE
8
BLACK
6
CONTINUOUS
10
8.8737532283464571
20
-1.2452301968503936
11
8.9050884645669282
21
-1.2292533464566928
0
LINE
8
BLACK
6
CONTINUOUS
10
8.9050884645669282
20
-1.2292533464566928
11
8.9299614960629921
21
-1.2044186614173229
0
LINE
8
BLACK
6
CONTINUOUS
10
8.9299614960629921
20
-1.2044186614173229
11
8.9458989370078736
21
-1.173085590551181
0
LINE
8
BLACK
6
CONTINUOUS
10
8.9458989370078736
20
-1.173085590551181
11
8.9513921653543314
21
-1.1383462204724408
0
LINE
8
BLACK
6
CONTINUOUS
10
8.9513921653543314
20
-1.1383462204724408
11
8.9458990157480311
21
-1.1036074015748032
0
LINE
8
BLACK
6
CONTINUOUS
10
8.9458990157480311
20
-1.1036074015748032
11
8.9299614173228345
21
-1.0723127165354331
0
LINE
8
BLACK
6
CONTINUOUS
10
8.9299614173228345
20
-1.0723127165354331
11
8.9050877559055124
21
-1.0474387401574803
0
LINE
8
BLACK
6
CONTINUOUS
10
8.9050877559055124
20
-1.0474387401574803
11
8.8737532283464571
21
-1.0314622440944881
0
LINE
8
BLACK
6
CONTINUOUS
10
8.8737532283464571
20
-1.0314622440944881
11
8.8390152755905511
21
-1.0259691338582677
0
LINE
8
BLACK
6
CONTINUOUS
10
8.8390152755905511
20
-1.0259691338582677
11
8.8043160629921253
21
-1.0314622047244095
0
LINE
8
BLACK
6
CONTINUOUS
10
12.8972366929133848
20
-0.8117564566929134
11
12.8975266535433075
21
-0.8118633070866141
0
LINE
8
BLACK
6
CONTINUOUS
10
12.8975266535433075
20
-0.8118633070866141
11
12.8978242519685029
21
-0.8119475196850393
0
LINE
8
BLACK
6
CONTINUOUS
10
12.8978242519685029
20
-0.8119475196850393
11
12.9296745669291333
21
-0.8282073622047244
0
LINE
8
BLACK
6
CONTINUOUS
10
12.9296745669291333
20
-0.8282073622047244
11
12.9299153149606294
21
-0.8283974409448819
0
LINE
8
BLACK
6
CONTINUOUS
10
12.9299153149606294
20
-0.8283974409448819
11
12.9301703937007879
21
-0.8285675984251968
0
LINE
8
BLACK
6
CONTINUOUS
10
12.9301703937007879
20
-0.8285675984251968
11
12.9554853149606295
21
-0.8538431889763779
0
LINE
8
BLACK
6
CONTINUOUS
10
12.9554853149606295
20
-0.8538431889763779
11
12.9556570078740148
21
-0.8540997244094488
0
LINE
8
BLACK
6
CONTINUOUS
10
12.9556570078740148
20
-0.8540997244094488
11
12.9558481496062985
21
-0.8543420472440945
0
LINE
8
BLACK
6
CONTINUOUS
10
12.9558481496062985
20
-0.8543420472440945
11
12.9721079921259843
21
-0.886231811023622
0
LINE
8
BLACK
6
CONTINUOUS
10
12.9721079921259843
20
-0.886231811023622
11
12.9721918897637796
21
-0.8865290157480314
0
LINE
8
BLACK
6
CONTINUOUS
10
12.9721918897637796
20
-0.8865290157480314
11
12.9722986220472443
21
-0.8868185433070866
0
LINE
8
BLACK
6
CONTINUOUS
10
12.9722986220472443
20
-0.8868185433070866
11
12.9778892125984253
21
-0.922172874015748
0
LINE
8
BLACK
6
CONTINUOUS
10
12.9778892125984253
20
-0.922172874015748
11
12.9778770472440943
21
-0.9224803149606299
0
LINE
8
BLACK
6
CONTINUOUS
10
12.9778770472440943
20
-0.9224803149606299
11
12.9778892125984253
21
-0.9227877559055118
0
LINE
8
BLACK
6
CONTINUOUS
10
12.9778892125984253
20
-0.9227877559055118
11
12.9722986220472443
21
-0.9581420866141732
0
LINE
8
BLACK
6
CONTINUOUS
10
12.9722986220472443
20
-0.9581420866141732
11
12.9721918897637796
21
-0.9584315748031496
0
LINE
8
BLACK
6
CONTINUOUS
10
12.9721918897637796
20
-0.9584315748031496
11
12.9721079921259843
21
-0.9587288188976377
0
LINE
8
BLACK
6
CONTINUOUS
10
12.9721079921259843
20
-0.9587288188976377
11
12.9558481496062985
21
-0.9906185433070865
0
LINE
8
BLACK
6
CONTINUOUS
10
12.9558481496062985
20
-0.9906185433070865
11
12.9556570866141723
21
-0.990860748031496
0
LINE
8
BLACK
6
CONTINUOUS
10
12.9556570866141723
20
-0.990860748031496
11
12.9554853149606295
21
-0.9911174015748031
0
LINE
8
BLACK
6
CONTINUOUS
10
12.9554853149606295
20
-0.9911174015748031
11
12.9301703937007879
21
-1.016393031496063
0
LINE
8
BLACK
6
CONTINUOUS
10
12.9301703937007879
20
-1.016393031496063
11
12.9299153149606294
21
-1.0165631496062992
0
LINE
8
BLACK
6
CONTINUOUS
10
12.9299153149606294
20
-1.0165631496062992
11
12.9296745669291333
21
-1.0167532677165354
0
LINE
8
BLACK
6
CONTINUOUS
10
12.9296745669291333
20
-1.0167532677165354
11
12.8978242519685029
21
-1.0330131102362206
0
LINE
8
BLACK
6
CONTINUOUS
10
12.8978242519685029
20
-1.0330131102362206
11
12.8975266535433075
21
-1.0330972834645669
0
LINE
8
BLACK
6
CONTINUOUS
10
12.8975266535433075
20
-1.0330972834645669
11
12.8972366929133848
21
-1.0332041732283463
0
LINE
8
BLACK
6
CONTINUOUS
10
12.8972366929133848
20
-1.0332041732283463
11
12.8618823622047245
21
-1.0387946850393701
0
LINE
8
BLACK
6
CONTINUOUS
10
12.8618823622047245
20
-1.0387946850393701
11
12.8615749212598427
21
-1.0387825196850393
0
LINE
8
BLACK
6
CONTINUOUS
10
12.8615749212598427
20
-1.0387825196850393
11
12.8612674803149609
21
-1.0387946850393701
0
LINE
8
BLACK
6
CONTINUOUS
10
12.8612674803149609
20
-1.0387946850393701
11
12.8259130314960625
21
-1.0332041732283463
0
LINE
8
BLACK
6
CONTINUOUS
10
12.8259130314960625
20
-1.0332041732283463
11
12.8256235039370079
21
-1.0330974409448819
0
LINE
8
BLACK
6
CONTINUOUS
10
12.8256235039370079
20
-1.0330974409448819
11
12.8253262992125983
21
-1.0330135433070866
0
LINE
8
BLACK
6
CONTINUOUS
10
12.8253262992125983
20
-1.0330135433070866
11
12.7934366535433064
21
-1.0167537007874015
0
LINE
8
BLACK
6
CONTINUOUS
10
12.7934366535433064
20
-1.0167537007874015
11
12.7931947637795265
21
-1.016562874015748
0
LINE
8
BLACK
6
CONTINUOUS
10
12.7931947637795265
20
-1.016562874015748
11
12.7929388976377947
21
-1.0163919291338583
0
LINE
8
BLACK
6
CONTINUOUS
10
12.7929388976377947
20
-1.0163919291338583
11
12.7676632283464571
21
-0.9911162992125984
0
LINE
8
BLACK
6
CONTINUOUS
10
12.7676632283464571
20
-0.9911162992125984
11
12.7674922440944876
21
-0.9908603937007874
0
LINE
8
BLACK
6
CONTINUOUS
10
12.7674922440944876
20
-0.9908603937007874
11
12.7673014566929126
21
-0.9906185433070865
0
LINE
8
BLACK
6
CONTINUOUS
10
12.7673014566929126
20
-0.9906185433070865
11
12.7510416535433073
21
-0.9587288188976377
0
LINE
8
BLACK
6
CONTINUOUS
10
12.7510416535433073
20
-0.9587288188976377
11
12.7509577165354333
21
-0.9584315748031496
0
LINE
8
BLACK
6
CONTINUOUS
10
12.7509577165354333
20
-0.9584315748031496
11
12.7508510236220474
21
-0.9581420866141732
0
LINE
8
BLACK
6
CONTINUOUS
10
12.7508510236220474
20
-0.9581420866141732
11
12.7452603937007876
21
-0.9227877952755905
0
LINE
8
BLACK
6
CONTINUOUS
10
12.7452603937007876
20
-0.9227877952755905
11
12.7452725196850398
21
-0.9224803149606299
0
LINE
8
BLACK
6
CONTINUOUS
10
12.7452725196850398
20
-0.9224803149606299
11
12.7452603937007876
21
-0.9221728346456692
0
LINE
8
BLACK
6
CONTINUOUS
10
12.7452603937007876
20
-0.9221728346456692
11
12.7508510236220474
21
-0.8868185433070866
0
LINE
8
BLACK
6
CONTINUOUS
10
12.7508510236220474
20
-0.8868185433070866
11
12.7509577165354333
21
-0.8865290157480314
0
LINE
8
BLACK
6
CONTINUOUS
10
12.7509577165354333
20
-0.8865290157480314
11
12.7510416535433073
21
-0.886231811023622
0
LINE
8
BLACK
6
CONTINUOUS
10
12.7510416535433073
20
-0.886231811023622
11
12.7673014566929126
21
-0.8543420472440945
0
LINE
8
BLACK
6
CONTINUOUS
10
12.7673014566929126
20
-0.8543420472440945
11
12.7674922440944876
21
-0.854100157480315
0
LINE
8
BLACK
6
CONTINUOUS
10
12.7674922440944876
20
-0.854100157480315
11
12.7676632283464571
21
-0.8538442913385826
0
LINE
8
BLACK
6
CONTINUOUS
10
12.7676632283464571
20
-0.8538442913385826
11
12.7929388976377947
21
-0.8285686614173228
0
LINE
8
BLACK
6
CONTINUOUS
10
12.7929388976377947
20
-0.8285686614173228
11
12.7931949606299202
21
-0.8283975590551181
0
LINE
8
BLACK
6
CONTINUOUS
10
12.7931949606299202
20
-0.8283975590551181
11
12.7934366535433064
21
-0.8282069291338583
0
LINE
8
BLACK
6
CONTINUOUS
10
12.7934366535433064
20
-0.8282069291338583
11
12.8253262992125983
21
-0.8119470866141733
0
LINE
8
BLACK
6
CONTINUOUS
10
12.8253262992125983
20
-0.8119470866141733
11
12.8256235039370079
21
-0.8118631496062992
0
LINE
8
BLACK
6
CONTINUOUS
10
12.8256235039370079
20
-0.8118631496062992
11
12.8259130314960625
21
-0.8117564566929134
0
LINE
8
BLACK
6
CONTINUOUS
10
12.8259130314960625
20
-0.8117564566929134
11
12.8612674803149609
21
-0.806165905511811
0
LINE
8
BLACK
6
CONTINUOUS
10
12.8612674803149609
20
-0.806165905511811
11
12.8615749212598427
21
-0.8061780314960629
0
LINE
8
BLACK
6
CONTINUOUS
10
12.8615749212598427
20
-0.8061780314960629
11
12.8618823622047245
21
-0.806165905511811
0
LINE
8
BLACK
6
CONTINUOUS
10
12.8618823622047245
20
-0.806165905511811
11
12.8972366929133848
21
-0.8117564566929134
0
LINE
8
BLACK
6
CONTINUOUS
10
12.8268364566929129
20
-0.8155962992125984
11
12.7955025196850389
21
-0.8315727952755906
0
LINE
8
BLACK
6
CONTINUOUS
10
12.7955025196850389
20
-0.8315727952755906
11
12.7706673622047244
21
-0.8564078346456693
0
LINE
8
BLACK
6
CONTINUOUS
10
12.7706673622047244
20
-0.8564078346456693
11
12.7546908661417326
21
-0.8877419291338583
0
LINE
8
BLACK
6
CONTINUOUS
10
12.7546908661417326
20
-0.8877419291338583
11
12.7491976771653537
21
-0.9224803149606299
0
LINE
8
BLACK
6
CONTINUOUS
10
12.7491976771653537
20
-0.9224803149606299
11
12.7546908661417326
21
-0.9572186614173228
0
LINE
8
BLACK
6
CONTINUOUS
10
12.7546908661417326
20
-0.9572186614173228
11
12.7706673622047244
21
-0.9885527165354331
0
LINE
8
BLACK
6
CONTINUOUS
10
12.7706673622047244
20
-0.9885527165354331
11
12.7955025196850389
21
-1.0133877952755905
0
LINE
8
BLACK
6
CONTINUOUS
10
12.7955025196850389
20
-1.0133877952755905
11
12.8268364566929129
21
-1.0293642913385828
0
LINE
8
BLACK
6
CONTINUOUS
10
12.8268364566929129
20
-1.0293642913385828
11
12.8615749212598427
21
-1.0348574015748031
0
LINE
8
BLACK
6
CONTINUOUS
10
12.8615749212598427
20
-1.0348574015748031
11
12.8963126771653549
21
-1.02936437007874
0
LINE
8
BLACK
6
CONTINUOUS
10
12.8963126771653549
20
-1.02936437007874
11
12.9276081496062982
21
-1.0133877559055118
0
LINE
8
BLACK
6
CONTINUOUS
10
12.9276081496062982
20
-1.0133877559055118
11
12.9524825590551185
21
-0.9885520078740158
0
LINE
8
BLACK
6
CONTINUOUS
10
12.9524825590551185
20
-0.9885520078740158
11
12.9684587401574802
21
-0.9572186220472441
0
LINE
8
BLACK
6
CONTINUOUS
10
12.9684587401574802
20
-0.9572186220472441
11
12.9739519291338574
21
-0.9224803149606299
0
LINE
8
BLACK
6
CONTINUOUS
10
12.9739519291338574
20
-0.9224803149606299
11
12.9684587401574802
21
-0.8877419685039369
0
LINE
8
BLACK
6
CONTINUOUS
10
12.9684587401574802
20
-0.8877419685039369
11
12.9524825984251972
21
-0.8564086220472441
0
LINE
8
BLACK
6
CONTINUOUS
10
12.9524825984251972
20
-0.8564086220472441
11
12.9276081496062982
21
-0.8315728346456692
0
LINE
8
BLACK
6
CONTINUOUS
10
12.9276081496062982
20
-0.8315728346456692
11
12.8963126771653549
21
-0.815596220472441
0
LINE
8
BLACK
6
CONTINUOUS
10
12.8963126771653549
20
-0.815596220472441
11
12.8615749212598427
21
-0.8101031496062991
0
LINE
8
BLACK
6
CONTINUOUS
10
12.8615749212598427
20
-0.8101031496062991
11
12.8268364566929129
21
-0.8155962992125984
0
LINE
8
BLACK
6
CONTINUOUS
10
13.3291792913385816
20
-0.7090012992125984
11
13.3293070472440949
21
-0.7089927165354331
0
LINE
8
BLACK
6
CONTINUOUS
10
13.3293070472440949
20
-0.7089927165354331
11
13.3447794488188975
21
-0.711000590551181
0
LINE
8
BLACK
6
CONTINUOUS
10
13.3447794488188975
20
-0.711000590551181
11
13.3450242519685034
21
-0.7110831496062991
0
LINE
8
BLACK
6
CONTINUOUS
10
13.3450242519685034
20
-0.7110831496062991
11
13.3452779527559056
21
-0.7111334251968504
0
LINE
8
BLACK
6
CONTINUOUS
10
13.3452779527559056
20
-0.7111334251968504
11
13.3577582677165356
21
-0.716290905511811
0
LINE
8
BLACK
6
CONTINUOUS
10
13.3577582677165356
20
-0.716290905511811
11
13.3579738582677159
21
-0.71643468503937
0
LINE
8
BLACK
6
CONTINUOUS
10
13.3579738582677159
20
-0.71643468503937
11
13.3582057874015749
21
-0.7165492913385827
0
LINE
8
BLACK
6
CONTINUOUS
10
13.3582057874015749
20
-0.7165492913385827
11
13.3689144488188969
21
-0.7247775984251968
0
LINE
8
BLACK
6
CONTINUOUS
10
13.3689144488188969
20
-0.7247775984251968
11
13.3690832283464562
21
-0.7249703149606299
0
LINE
8
BLACK
6
CONTINUOUS
10
13.3690832283464562
20
-0.7249703149606299
11
13.3692760236220476
21
-0.7251391732283464
0
LINE
8
BLACK
6
CONTINUOUS
10
13.3692760236220476
20
-0.7251391732283464
11
13.3775043307086605
21
-0.7358478346456693
0
LINE
8
BLACK
6
CONTINUOUS
10
13.3775043307086605
20
-0.7358478346456693
11
13.3776190157480315
21
-0.7360800393700787
0
LINE
8
BLACK
6
CONTINUOUS
10
13.3776190157480315
20
-0.7360800393700787
11
13.3777626771653537
21
-0.7362953937007873
0
LINE
8
BLACK
6
CONTINUOUS
10
13.3777626771653537
20
-0.7362953937007873
11
13.3829201968503941
21
-0.7487757086614173
0
LINE
8
BLACK
6
CONTINUOUS
10
13.3829201968503941
20
-0.7487757086614173
11
13.3829699212598427
21
-0.7490268897637795
0
LINE
8
BLACK
6
CONTINUOUS
10
13.3829699212598427
20
-0.7490268897637795
11
13.3830524015748029
21
-0.7492692913385827
0
LINE
8
BLACK
6
CONTINUOUS
10
13.3830524015748029
20
-0.7492692913385827
11
13.3850996456692908
21
-0.7647417322834645
0
LINE
8
BLACK
6
CONTINUOUS
10
13.3850996456692908
20
-0.7647417322834645
11
13.3850911811023625
21
-0.764871968503937
0
LINE
8
BLACK
6
CONTINUOUS
10
13.3850911811023625
20
-0.764871968503937
11
13.3851166535433066
21
-0.7649999606299213
0
LINE
8
BLACK
6
CONTINUOUS
10
13.3851166535433066
20
-0.7649999606299213
11
13.3851166535433066
21
-3.9531887795275589
0
LINE
8
BLACK
6
CONTINUOUS
10
13.3851166535433066
20
-3.9531887795275589
11
13.3850911811023625
21
-3.9533167322834646
0
LINE
8
BLACK
6
CONTINUOUS
10
13.3850911811023625
20
-3.9533167322834646
11
13.3850996456692908
21
-3.9534470078740158
0
LINE
8
BLACK
6
CONTINUOUS
10
13.3850996456692908
20
-3.9534470078740158
11
13.3830524015748029
21
-3.9689193700787402
0
LINE
8
BLACK
6
CONTINUOUS
10
13.3830524015748029
20
-3.9689193700787402
11
13.3829699212598427
21
-3.9691617322834647
0
LINE
8
BLACK
6
CONTINUOUS
10
13.3829699212598427
20
-3.9691617322834647
11
13.3829201968503941
21
-3.9694129527559054
0
LINE
8
BLACK
6
CONTINUOUS
10
13.3829201968503941
20
-3.9694129527559054
11
13.3777626771653537
21
-3.9818933070866143
0
LINE
8
BLACK
6
CONTINUOUS
10
13.3777626771653537
20
-3.9818933070866143
11
13.3776190157480315
21
-3.9821086220472441
0
LINE
8
BLACK
6
CONTINUOUS
10
13.3776190157480315
20
-3.9821086220472441
11
13.3775043307086605
21
-3.9823408661417323
0
LINE
8
BLACK
6
CONTINUOUS
10
13.3775043307086605
20
-3.9823408661417323
11
13.3692760236220476
21
-3.9930496456692914
0
LINE
8
BLACK
6
CONTINUOUS
10
13.3692760236220476
20
-3.9930496456692914
11
13.3690831889763775
21
-3.9932185039370078
0
LINE
8
BLACK
6
CONTINUOUS
10
13.3690831889763775
20
-3.9932185039370078
11
13.3689144488188969
21
-3.9934112204724408
0
LINE
8
BLACK
6
CONTINUOUS
10
13.3689144488188969
20
-3.9934112204724408
11
13.3582057874015749
21
-4.0016395275590551
0
LINE
8
BLACK
6
CONTINUOUS
10
13.3582057874015749
20
-4.0016395275590551
11
13.3579736220472434
21
-4.0017542125984251
0
LINE
8
BLACK
6
CONTINUOUS
10
13.3579736220472434
20
-4.0017542125984251
11
13.3577581889763781
21
-4.001897913385827
0
LINE
8
BLACK
6
CONTINUOUS
10
13.3577581889763781
20
-4.001897913385827
11
13.3452779527559056
21
-4.0070552755905515
0
LINE
8
BLACK
6
CONTINUOUS
10
13.3452779527559056
20
-4.0070552755905515
11
13.3450267716535436
21
-4.0071050000000001
0
LINE
8
BLACK
6
CONTINUOUS
10
13.3450267716535436
20
-4.0071050000000001
11
13.3447843700787399
21
-4.0071874803149603
0
LINE
8
BLACK
6
CONTINUOUS
10
13.3447843700787399
20
-4.0071874803149603
11
13.3293119291338584
21
-4.0092348031496066
0
LINE
8
BLACK
6
CONTINUOUS
10
13.3293119291338584
20
-4.0092348031496066
11
13.3291816535433068
21
-4.0092263385826774
0
LINE
8
BLACK
6
CONTINUOUS
10
13.3291816535433068
20
-4.0092263385826774
11
13.3290537007874015
21
-4.0092518110236224
0
LINE
8
BLACK
6
CONTINUOUS
10
13.3290537007874015
20
-4.0092518110236224
11
10.6443943307086606
21
-4.0092518110236224
0
LINE
8
BLACK
6
CONTINUOUS
10
10.6443943307086606
20
-4.0092518110236224
11
10.6213315748031487
21
-4.0117020866141733
0
LINE
8
BLACK
6
CONTINUOUS
10
10.6213315748031487
20
-4.0117020866141733
11
10.5966541338582676
21
-4.0190470866141732
0
LINE
8
BLACK
6
CONTINUOUS
10
10.5966541338582676
20
-4.0190470866141732
11
10.5729541732283465
21
-4.0304106299212599
0
LINE
8
BLACK
6
CONTINUOUS
10
10.5729541732283465
20
-4.0304106299212599
11
10.5512786220472439
21
-4.0452370472440942
0
LINE
8
BLACK
6
CONTINUOUS
10
10.5512786220472439
20
-4.0452370472440942
11
10.5325859448818893
21
-4.0629581102362202
0
LINE
8
BLACK
6
CONTINUOUS
10
10.5325859448818893
20
-4.0629581102362202
11
10.5189344488188983
21
-4.0817048425196854
0
LINE
8
BLACK
6
CONTINUOUS
10
10.5189344488188983
20
-4.0817048425196854
11
10.1931203937007879
21
-4.6457092913385827
0
LINE
8
BLACK
6
CONTINUOUS
10
10.1931203937007879
20
-4.6457092913385827
11
10.1930640157480319
21
-4.6457735039370078
0
LINE
8
BLACK
6
CONTINUOUS
10
10.1930640157480319
20
-4.6457735039370078
11
10.1930297637795277
21
-4.645851653543307
0
LINE
8
BLACK
6
CONTINUOUS
10
10.1930297637795277
20
-4.645851653543307
11
10.1846440551181097
21
-4.6578595669291341
0
LINE
8
BLACK
6
CONTINUOUS
10
10.1846440551181097
20
-4.6578595669291341
11
10.184546102362205
21
-4.6579535433070864
0
LINE
8
BLACK
6
CONTINUOUS
10
10.184546102362205
20
-4.6579535433070864
11
10.1844751574803141
21
-4.6580692519685041
0
LINE
8
BLACK
6
CONTINUOUS
10
10.1844751574803141
20
-4.6580692519685041
11
10.1732942125984245
21
-4.6701558661417319
0
LINE
8
BLACK
6
CONTINUOUS
10
10.1732942125984245
20
-4.6701558661417319
11
10.1732010236220471
21
-4.6702234645669289
0
LINE
8
BLACK
6
CONTINUOUS
10
10.1732010236220471
20
-4.6702234645669289
11
10.1731299212598429
21
-4.6703140157480316
0
LINE
8
BLACK
6
CONTINUOUS
10
10.1731299212598429
20
-4.6703140157480316
11
10.1593898031496064
21
-4.6820857480314961
0
LINE
8
BLACK
6
CONTINUOUS
10
10.1593898031496064
20
-4.6820857480314961
11
10.1592958661417327
21
-4.6821385039370078
0
LINE
8
BLACK
6
CONTINUOUS
10
10.1592958661417327
20
-4.6821385039370078
11
10.1592206299212595
21
-4.6822154724409444
0
LINE
8
BLACK
6
CONTINUOUS
10
10.1592206299212595
20
-4.6822154724409444
11
10.1442601181102354
21
-4.692451771653543
0
LINE
8
BLACK
6
CONTINUOUS
10
10.1442601181102354
20
-4.692451771653543
11
10.1441550787401571
21
-4.6924966141732281
0
LINE
8
BLACK
6
CONTINUOUS
10
10.1441550787401571
20
-4.6924966141732281
11
10.144066338582677
21
-4.6925686220472436
0
LINE
8
BLACK
6
CONTINUOUS
10
10.144066338582677
20
-4.6925686220472436
11
10.1294992913385826
21
-4.7002457874015748
0
LINE
8
BLACK
6
CONTINUOUS
10
10.1294992913385826
20
-4.7002457874015748
11
10.1293666535433076
21
-4.7002851574803151
0
LINE
8
BLACK
6
CONTINUOUS
10
10.1293666535433076
20
-4.7002851574803151
11
10.1292482677165356
21
-4.700356456692913
0
LINE
8
BLACK
6
CONTINUOUS
10
10.1292482677165356
20
-4.700356456692913
11
10.1154688188976376
21
-4.7053170866141727
0
LINE
8
BLACK
6
CONTINUOUS
10
10.1154688188976376
20
-4.7053170866141727
11
10.1153862598425199
21
-4.7053294881889762
0
LINE
8
BLACK
6
CONTINUOUS
10
10.1153862598425199
20
-4.7053294881889762
11
10.1153113779527555
21
-4.7053664173228347
0
LINE
8
BLACK
6
CONTINUOUS
10
10.1153113779527555
20
-4.7053664173228347
11
9.5003401968503933
21
-4.8700830314960628
0
LINE
8
BLACK
6
CONTINUOUS
10
9.5003401968503933
20
-4.8700830314960628
11
9.4826162598425192
21
-4.8754158661417319
0
LINE
8
BLACK
6
CONTINUOUS
10
9.4826162598425192
20
-4.8754158661417319
11
9.4624191338582673
21
-4.8825142913385822
0
LINE
8
BLACK
6
CONTINUOUS
10
9.4624191338582673
20
-4.8825142913385822
11
9.4413021259842509
21
-4.8908353937007876
0
LINE
8
BLACK
6
CONTINUOUS
10
9.4413021259842509
20
-4.8908353937007876
11
9.4205018503937001
21
-4.8998620472440946
0
LINE
8
BLACK
6
CONTINUOUS
10
9.4205018503937001
20
-4.8998620472440946
11
9.401206614173228
21
-4.9091175590551179
0
LINE
8
BLACK
6
CONTINUOUS
10
9.401206614173228
20
-4.9091175590551179
11
9.3848942125984252
21
-4.9179011417322833
0
LINE
8
BLACK
6
CONTINUOUS
10
9.3848942125984252
20
-4.9179011417322833
11
8.1814553149606297
21
-5.6126108661417318
0
LINE
8
BLACK
6
CONTINUOUS
10
8.1814553149606297
20
-5.6126108661417318
11
8.1813332677165356
21
-5.6126522440944884
0
LINE
8
BLACK
6
CONTINUOUS
10
8.1813332677165356
20
-5.6126522440944884
11
8.1812262204724409
21
-5.6127239763779526
0
LINE
8
BLACK
6
CONTINUOUS
10
8.1812262204724409
20
-5.6127239763779526
11
8.1668168503937011
21
-5.618708267716535
0
LINE
8
BLACK
6
CONTINUOUS
10
8.1668168503937011
20
-5.618708267716535
11
8.1665641732283465
21
-5.6187587401574799
0
LINE
8
BLACK
6
CONTINUOUS
10
8.1665641732283465
20
-5.6187587401574799
11
8.1663201181102352
21
-5.6188418110236222
0
LINE
8
BLACK
6
CONTINUOUS
10
8.1663201181102352
20
-5.6188418110236222
11
8.1529344094488181
21
-5.6206133858267719
0
LINE
8
BLACK
6
CONTINUOUS
10
8.1529344094488181
20
-5.6206133858267719
11
8.1526761417322842
21
-5.6205966141732286
0
LINE
8
BLACK
6
CONTINUOUS
10
8.1526761417322842
20
-5.6205966141732286
11
8.1524178740157485
21
-5.6206133858267719
0
LINE
8
BLACK
6
CONTINUOUS
10
8.1524178740157485
20
-5.6206133858267719
11
8.1390322047244101
21
-5.6188418110236222
0
LINE
8
BLACK
6
CONTINUOUS
10
8.1390322047244101
20
-5.6188418110236222
11
8.1387898425196852
21
-5.6187593307086612
0
LINE
8
BLACK
6
CONTINUOUS
10
8.1387898425196852
20
-5.6187593307086612
11
8.1385386614173232
21
-5.6187096062992126
0
LINE
8
BLACK
6
CONTINUOUS
10
8.1385386614173232
20
-5.6187096062992126
11
8.1260583070866144
21
-5.6135522440944881
0
LINE
8
BLACK
6
CONTINUOUS
10
8.1260583070866144
20
-5.6135522440944881
11
8.1258338582677165
21
-5.6134025196850397
0
LINE
8
BLACK
6
CONTINUOUS
10
8.1258338582677165
20
-5.6134025196850397
11
8.125593661417323
21
-5.6132805905511809
0
LINE
8
BLACK
6
CONTINUOUS
10
8.125593661417323
20
-5.6132805905511809
11
8.1149238976377944
21
-5.6048939763779524
0
LINE
8
BLACK
6
CONTINUOUS
10
8.1149238976377944
20
-5.6048939763779524
11
8.1147637401574801
21
-5.6047070078740155
0
LINE
8
BLACK
6
CONTINUOUS
10
8.1147637401574801
20
-5.6047070078740155
11
8.1145787795275588
21
-5.6045448425196849
0
LINE
8
BLACK
6
CONTINUOUS
10
8.1145787795275588
20
-5.6045448425196849
11
8.1050907086614163
21
-5.5921825196850392
0
LINE
8
BLACK
6
CONTINUOUS
10
8.1050907086614163
20
-5.5921825196850392
11
8.1050332677165358
21
-5.5920660629921262
0
LINE
8
BLACK
6
CONTINUOUS
10
8.1050332677165358
20
-5.5920660629921262
11
8.1049476377952754
21
-5.5919684645669294
0
LINE
8
BLACK
6
CONTINUOUS
10
8.1049476377952754
20
-5.5919684645669294
11
7.5886485039370077
21
-4.6979526771653539
0
LINE
8
BLACK
6
CONTINUOUS
10
7.5886485039370077
20
-4.6979526771653539
11
7.5886070078740158
21
-4.6978304724409448
0
LINE
8
BLACK
6
CONTINUOUS
10
7.5886070078740158
20
-4.6978304724409448
11
7.5885351968503931
21
-4.6977232283464563
0
LINE
8
BLACK
6
CONTINUOUS
10
7.5885351968503931
20
-4.6977232283464563
11
7.5825512204724408
21
-4.6833138582677165
0
LINE
8
BLACK
6
CONTINUOUS
10
7.5825512204724408
20
-4.6833138582677165
11
7.5825007086614171
21
-4.6830612598425194
0
LINE
8
BLACK
6
CONTINUOUS
10
7.5825007086614171
20
-4.6830612598425194
11
7.5824176771653544
21
-4.6828171653543302
0
LINE
8
BLACK
6
CONTINUOUS
10
7.5824176771653544
20
-4.6828171653543302
11
7.5806461023622047
21
-4.6694314960629919
0
LINE
8
BLACK
6
CONTINUOUS
10
7.5806461023622047
20
-4.6694314960629919
11
7.5806628346456693
21
-4.6691732283464562
0
LINE
8
BLACK
6
CONTINUOUS
10
7.5806628346456693
20
-4.6691732283464562
11
7.5806461023622047
21
-4.6689149606299214
0
LINE
8
BLACK
6
CONTINUOUS
10
7.5806461023622047
20
-4.6689149606299214
11
7.5824176771653544
21
-4.6555292519685034
0
LINE
8
BLACK
6
CONTINUOUS
10
7.5824176771653544
20
-4.6555292519685034
11
7.5825001181102358
21
-4.6552868503937006
0
LINE
8
BLACK
6
CONTINUOUS
10
7.5825001181102358
20
-4.6552868503937006
11
7.5825498818897632
21
-4.6550357086614174
0
LINE
8
BLACK
6
CONTINUOUS
10
7.5825498818897632
20
-4.6550357086614174
11
7.587707204724409
21
-4.6425553543307085
0
LINE
8
BLACK
6
CONTINUOUS
10
7.587707204724409
20
-4.6425553543307085
11
7.5878508661417321
21
-4.6423399212598424
0
LINE
8
BLACK
6
CONTINUOUS
10
7.5878508661417321
20
-4.6423399212598424
11
7.5879655511811022
21
-4.6421077952755905
0
LINE
8
BLACK
6
CONTINUOUS
10
7.5879655511811022
20
-4.6421077952755905
11
7.5961939370078735
21
-4.6313990157480314
0
LINE
8
BLACK
6
CONTINUOUS
10
7.5961939370078735
20
-4.6313990157480314
11
7.5963869291338577
21
-4.631229921259842
0
LINE
8
BLACK
6
CONTINUOUS
10
7.5963869291338577
20
-4.631229921259842
11
7.5965562992125983
21
-4.6310368110236215
0
LINE
8
BLACK
6
CONTINUOUS
10
7.5965562992125983
20
-4.6310368110236215
11
7.608918307086614
21
-4.62154874015748
0
LINE
8
BLACK
6
CONTINUOUS
10
7.608918307086614
20
-4.62154874015748
11
7.6090349999999995
21
-4.6214911417322835
0
LINE
8
BLACK
6
CONTINUOUS
10
7.6090349999999995
20
-4.6214911417322835
11
7.6091327559055113
21
-4.6214054724409444
0
LINE
8
BLACK
6
CONTINUOUS
10
7.6091327559055113
20
-4.6214054724409444
11
8.0428220472440941
21
-4.3710638976377956
0
LINE
8
BLACK
6
CONTINUOUS
10
8.0428220472440941
20
-4.3710638976377956
11
8.0615682283464558
21
-4.3574125984251966
0
LINE
8
BLACK
6
CONTINUOUS
10
8.0615682283464558
20
-4.3574125984251966
11
8.079288937007874
21
-4.3387199212598428
0
LINE
8
BLACK
6
CONTINUOUS
10
8.079288937007874
20
-4.3387199212598428
11
8.0941153149606304
21
-4.3170445275590552
0
LINE
8
BLACK
6
CONTINUOUS
10
8.0941153149606304
20
-4.3170445275590552
11
8.105479212598425
21
-4.2933442519685041
0
LINE
8
BLACK
6
CONTINUOUS
10
8.105479212598425
20
-4.2933442519685041
11
8.1128238976377958
21
-4.2686670472440946
0
LINE
8
BLACK
6
CONTINUOUS
10
8.1128238976377958
20
-4.2686670472440946
11
8.1152742125984254
21
-4.245604251968504
0
LINE
8
BLACK
6
CONTINUOUS
10
8.1152742125984254
20
-4.245604251968504
11
8.1152742125984254
21
-0.7649999606299213
0
LINE
8
BLACK
6
CONTINUOUS
10
8.1152742125984254
20
-0.7649999606299213
11
8.1152996456692907
21
-0.764871968503937
0
LINE
8
BLACK
6
CONTINUOUS
10
8.1152996456692907
20
-0.764871968503937
11
8.1152912204724412
21
-0.7647417322834645
0
LINE
8
BLACK
6
CONTINUOUS
10
8.1152912204724412
20
-0.7647417322834645
11
8.1173385433070866
21
-0.7492692913385827
0
LINE
8
BLACK
6
CONTINUOUS
10
8.1173385433070866
20
-0.7492692913385827
11
8.117420984251968
21
-0.7490268503937008
0
LINE
8
BLACK
6
CONTINUOUS
10
8.117420984251968
20
-0.7490268503937008
11
8.1174707480314954
21
-0.7487757086614173
0
LINE
8
BLACK
6
CONTINUOUS
10
8.1174707480314954
20
-0.7487757086614173
11
8.1226281102362208
21
-0.7362954330708661
0
LINE
8
BLACK
6
CONTINUOUS
10
8.1226281102362208
20
-0.7362954330708661
11
8.122771771653543
21
-0.7360799606299212
0
LINE
8
BLACK
6
CONTINUOUS
10
8.122771771653543
20
-0.7360799606299212
11
8.1228864960629927
21
-0.7358478346456693
0
LINE
8
BLACK
6
CONTINUOUS
10
8.1228864960629927
20
-0.7358478346456693
11
8.1311148031496057
21
-0.7251391732283464
0
LINE
8
BLACK
6
CONTINUOUS
10
8.1311148031496057
20
-0.7251391732283464
11
8.1313074803149608
21
-0.7249703937007874
0
LINE
8
BLACK
6
CONTINUOUS
10
8.1313074803149608
20
-0.7249703937007874
11
8.1314763779527564
21
-0.7247775984251968
0
LINE
8
BLACK
6
CONTINUOUS
10
8.1314763779527564
20
-0.7247775984251968
11
8.1421851574803146
21
-0.7165492519685039
0
LINE
8
BLACK
6
CONTINUOUS
10
8.1421851574803146
20
-0.7165492519685039
11
8.1424172834645674
21
-0.7164345669291339
0
LINE
8
BLACK
6
CONTINUOUS
10
8.1424172834645674
20
-0.7164345669291339
11
8.1426327165354326
21
-0.716290905511811
0
LINE
8
BLACK
6
CONTINUOUS
10
8.1426327165354326
20
-0.716290905511811
11
8.1551130708661415
21
-0.7111334251968504
0
LINE
8
BLACK
6
CONTINUOUS
10
8.1551130708661415
20
-0.7111334251968504
11
8.1553666141732286
21
-0.7110831889763779
0
LINE
8
BLACK
6
CONTINUOUS
10
8.1553666141732286
20
-0.7110831889763779
11
8.1556115354330707
21
-0.711000590551181
0
LINE
8
BLACK
6
CONTINUOUS
10
8.1556115354330707
20
-0.711000590551181
11
8.1710841732283459
21
-0.7089927165354331
0
LINE
8
BLACK
6
CONTINUOUS
10
8.1710841732283459
20
-0.7089927165354331
11
8.1712118897637787
21
-0.7090012992125984
0
LINE
8
BLACK
6
CONTINUOUS
10
8.1712118897637787
20
-0.7090012992125984
11
8.1713375196850393
21
-0.7089763385826772
0
LINE
8
BLACK
6
CONTINUOUS
10
8.1713375196850393
20
-0.7089763385826772
11
13.3290537007874015
21
-0.7089763385826772
0
LINE
8
BLACK
6
CONTINUOUS
10
13.3290537007874015
20
-0.7089763385826772
11
13.3291792913385816
21
-0.7090012992125984
0
LINE
8
BLACK
6
CONTINUOUS
10
8.171464606299212
20
-0.7129133464566929
11
8.1563762598425189
21
-0.7148713385826772
0
LINE
8
BLACK
6
CONTINUOUS
10
8.1563762598425189
20
-0.7148713385826772
11
8.1443770866141723
21
-0.7198299606299212
0
LINE
8
BLACK
6
CONTINUOUS
10
8.1443770866141723
20
-0.7198299606299212
11
8.1340795275590541
21
-0.7277423622047244
0
LINE
8
BLACK
6
CONTINUOUS
10
8.1340795275590541
20
-0.7277423622047244
11
8.1261671653543299
21
-0.7380397637795275
0
LINE
8
BLACK
6
CONTINUOUS
10
8.1261671653543299
20
-0.7380397637795275
11
8.1212077165354337
21
-0.7500412204724409
0
LINE
8
BLACK
6
CONTINUOUS
10
8.1212077165354337
20
-0.7500412204724409
11
8.1192112204724403
21
-0.7651296456692913
0
LINE
8
BLACK
6
CONTINUOUS
10
8.1192112204724403
20
-0.7651296456692913
11
8.1192112204724403
21
-4.2457084645669294
0
LINE
8
BLACK
6
CONTINUOUS
10
8.1192112204724403
20
-4.2457084645669294
11
8.1191906692913385
21
-4.2458116535433073
0
LINE
8
BLACK
6
CONTINUOUS
10
8.1191906692913385
20
-4.2458116535433073
11
8.1192001968503931
21
-4.2459164566929131
0
LINE
8
BLACK
6
CONTINUOUS
10
8.1192001968503931
20
-4.2459164566929131
11
8.1167197637795265
21
-4.2692629921259844
0
LINE
8
BLACK
6
CONTINUOUS
10
8.1167197637795265
20
-4.2692629921259844
11
8.1166658267716532
21
-4.2694359448818897
0
LINE
8
BLACK
6
CONTINUOUS
10
8.1166658267716532
20
-4.2694359448818897
11
8.1166490157480311
21
-4.2696165748031492
0
LINE
8
BLACK
6
CONTINUOUS
10
8.1166490157480311
20
-4.2696165748031492
11
8.1092081889763783
21
-4.294616653543307
0
LINE
8
BLACK
6
CONTINUOUS
10
8.1092081889763783
20
-4.294616653543307
11
8.1091352755905515
21
-4.2947547637795278
0
LINE
8
BLACK
6
CONTINUOUS
10
8.1091352755905515
20
-4.2947547637795278
11
8.1090964960629925
21
-4.2949062204724404
0
LINE
8
BLACK
6
CONTINUOUS
10
8.1090964960629925
20
-4.2949062204724404
11
8.0976001574803149
21
-4.3188826377952756
0
LINE
8
BLACK
6
CONTINUOUS
10
8.0976001574803149
20
-4.3188826377952756
11
8.097509330708661
21
-4.3190037007874018
0
LINE
8
BLACK
6
CONTINUOUS
10
8.097509330708661
20
-4.3190037007874018
11
8.0974499212598428
21
-4.3191429133858268
0
LINE
8
BLACK
6
CONTINUOUS
10
8.0974499212598428
20
-4.3191429133858268
11
8.0824500393700784
21
-4.3410720078740157
0
LINE
8
BLACK
6
CONTINUOUS
10
8.0824500393700784
20
-4.3410720078740157
11
8.0823376377952751
21
-4.3411819685039372
0
LINE
8
BLACK
6
CONTINUOUS
10
8.0823376377952751
20
-4.3411819685039372
11
8.0822538582677161
21
-4.3413149212598423
0
LINE
8
BLACK
6
CONTINUOUS
10
8.0822538582677161
20
-4.3413149212598423
11
8.0643013385826769
21
-4.360252047244094
0
LINE
8
BLACK
6
CONTINUOUS
10
8.0643013385826769
20
-4.360252047244094
11
8.0641540157480307
21
-4.3603562598425194
0
LINE
8
BLACK
6
CONTINUOUS
10
8.0641540157480307
20
-4.3603562598425194
11
8.064031574803149
21
-4.3604890551181104
0
LINE
8
BLACK
6
CONTINUOUS
10
8.064031574803149
20
-4.3604890551181104
11
8.0450554330708659
21
-4.3743078740157477
0
LINE
8
BLACK
6
CONTINUOUS
10
8.0450554330708659
20
-4.3743078740157477
11
8.0449598031496059
21
-4.374352047244094
0
LINE
8
BLACK
6
CONTINUOUS
10
8.0449598031496059
20
-4.374352047244094
11
8.0448807480314954
21
-4.3744214173228348
0
LINE
8
BLACK
6
CONTINUOUS
10
8.0448807480314954
20
-4.3744214173228348
11
7.6112129921259841
21
-4.624750433070866
0
LINE
8
BLACK
6
CONTINUOUS
10
7.6112129921259841
20
-4.624750433070866
11
7.5991583464566927
21
-4.6340026377952759
0
LINE
8
BLACK
6
CONTINUOUS
10
7.5991583464566927
20
-4.6340026377952759
11
7.5912461811023624
21
-4.6442998818897641
0
LINE
8
BLACK
6
CONTINUOUS
10
7.5912461811023624
20
-4.6442998818897641
11
7.5862868503937007
21
-4.6563011811023625
0
LINE
8
BLACK
6
CONTINUOUS
10
7.5862868503937007
20
-4.6563011811023625
11
7.5845832677165355
21
-4.6691731889763775
0
LINE
8
BLACK
6
CONTINUOUS
10
7.5845832677165355
20
-4.6691731889763775
11
7.5862866141732281
21
-4.6820435826771654
0
LINE
8
BLACK
6
CONTINUOUS
10
7.5862866141732281
20
-4.6820435826771654
11
7.5921220078740159
21
-4.6960949999999997
0
LINE
8
BLACK
6
CONTINUOUS
10
7.5921220078740159
20
-4.6960949999999997
11
8.1082924015748024
21
-5.5898878740157478
0
LINE
8
BLACK
6
CONTINUOUS
10
8.1082924015748024
20
-5.5898878740157478
11
8.1175512598425197
21
-5.6019515354330709
0
LINE
8
BLACK
6
CONTINUOUS
10
8.1175512598425197
20
-5.6019515354330709
11
8.1278129133858261
21
-5.610017362204724
0
LINE
8
BLACK
6
CONTINUOUS
10
8.1278129133858261
20
-5.610017362204724
11
8.1398040944881895
21
-5.6149725984251964
0
LINE
8
BLACK
6
CONTINUOUS
10
8.1398040944881895
20
-5.6149725984251964
11
8.1526761417322842
21
-5.6166761811023624
0
LINE
8
BLACK
6
CONTINUOUS
10
8.1526761417322842
20
-5.6166761811023624
11
8.1655464566929137
21
-5.6149728346456689
0
LINE
8
BLACK
6
CONTINUOUS
10
8.1655464566929137
20
-5.6149728346456689
11
8.1795978346456693
21
-5.6091372047244095
0
LINE
8
BLACK
6
CONTINUOUS
10
8.1795978346456693
20
-5.6091372047244095
11
9.3829516535433068
21
-4.9144766535433071
0
LINE
8
BLACK
6
CONTINUOUS
10
9.3829516535433068
20
-4.9144766535433071
11
9.3829796456692911
21
-4.9144671259842516
0
LINE
8
BLACK
6
CONTINUOUS
10
9.3829796456692911
20
-4.9144671259842516
11
9.3830025196850393
21
-4.9144482677165353
0
LINE
8
BLACK
6
CONTINUOUS
10
9.3830025196850393
20
-4.9144482677165353
11
9.399380472440944
21
-4.9056294094488191
0
LINE
8
BLACK
6
CONTINUOUS
10
9.399380472440944
20
-4.9056294094488191
11
9.3994249606299203
21
-4.9056157480314964
0
LINE
8
BLACK
6
CONTINUOUS
10
9.3994249606299203
20
-4.9056157480314964
11
9.3994623622047246
21
-4.9055877165354334
0
LINE
8
BLACK
6
CONTINUOUS
10
9.3994623622047246
20
-4.9055877165354334
11
9.4188323228346462
21
-4.8962963779527557
0
LINE
8
BLACK
6
CONTINUOUS
10
9.4188323228346462
20
-4.8962963779527557
11
9.4188689763779525
21
-4.8962869685039365
0
LINE
8
BLACK
6
CONTINUOUS
10
9.4188689763779525
20
-4.8962869685039365
11
9.4189000393700777
21
-4.8962654724409447
0
LINE
8
BLACK
6
CONTINUOUS
10
9.4189000393700777
20
-4.8962654724409447
11
9.4397661811023621
21
-4.8872102362204721
0
LINE
8
BLACK
6
CONTINUOUS
10
9.4397661811023621
20
-4.8872102362204721
11
9.4397993700787399
21
-4.8872030314960631
0
LINE
8
BLACK
6
CONTINUOUS
10
9.4397993700787399
20
-4.8872030314960631
11
9.4398281102362205
21
-4.8871845669291334
0
LINE
8
BLACK
6
CONTINUOUS
10
9.4398281102362205
20
-4.8871845669291334
11
9.4610092913385824
21
-4.8788381889763777
0
LINE
8
BLACK
6
CONTINUOUS
10
9.4610092913385824
20
-4.8788381889763777
11
9.4610461417322824
21
-4.8788314960629924
0
LINE
8
BLACK
6
CONTINUOUS
10
9.4610461417322824
20
-4.8788314960629924
11
9.4610782677165357
21
-4.8788125196850389
0
LINE
8
BLACK
6
CONTINUOUS
10
9.4610782677165357
20
-4.8788125196850389
11
9.4813538188976381
21
-4.8716865354330707
0
LINE
8
BLACK
6
CONTINUOUS
10
9.4813538188976381
20
-4.8716865354330707
11
9.4813989763779531
21
-4.8716800787401571
0
LINE
8
BLACK
6
CONTINUOUS
10
9.4813989763779531
20
-4.8716800787401571
11
9.4814393700787392
21
-4.871658622047244
0
LINE
8
BLACK
6
CONTINUOUS
10
9.4814393700787392
20
-4.871658622047244
11
9.4992348031496068
21
-4.8663042519685042
0
LINE
8
BLACK
6
CONTINUOUS
10
9.4992348031496068
20
-4.8663042519685042
11
9.4992651968503932
21
-4.8663012992125987
0
LINE
8
BLACK
6
CONTINUOUS
10
9.4992651968503932
20
-4.8663012992125987
11
9.4992926771653536
21
-4.8662877952755901
0
LINE
8
BLACK
6
CONTINUOUS
10
9.4992926771653536
20
-4.8662877952755901
11
10.1142132677165346
21
-4.7015847244094484
0
LINE
8
BLACK
6
CONTINUOUS
10
10.1142132677165346
20
-4.7015847244094484
11
10.1277852362204719
21
-4.6966987795275585
0
LINE
8
BLACK
6
CONTINUOUS
10
10.1277852362204719
20
-4.6966987795275585
11
10.1421306299212599
21
-4.6891384645669287
0
LINE
8
BLACK
6
CONTINUOUS
10
10.1421306299212599
20
-4.6891384645669287
11
10.1569094488188973
21
-4.6790264566929132
0
LINE
8
BLACK
6
CONTINUOUS
10
10.1569094488188973
20
-4.6790264566929132
11
10.1704814960629921
21
-4.6673986614173231
0
LINE
8
BLACK
6
CONTINUOUS
10
10.1704814960629921
20
-4.6673986614173231
11
10.1814935039370074
21
-4.6554947637795276
0
LINE
8
BLACK
6
CONTINUOUS
10
10.1814935039370074
20
-4.6554947637795276
11
10.189753543307086
21
-4.6436668503937009
0
LINE
8
BLACK
6
CONTINUOUS
10
10.189753543307086
20
-4.6436668503937009
11
10.5155775196850385
21
-4.0796453149606302
0
LINE
8
BLACK
6
CONTINUOUS
10
10.5155775196850385
20
-4.0796453149606302
11
10.5156466929133856
21
-4.0795664173228348
0
LINE
8
BLACK
6
CONTINUOUS
10
10.5156466929133856
20
-4.0795664173228348
11
10.5156907480314956
21
-4.079471220472441
0
LINE
8
BLACK
6
CONTINUOUS
10
10.5156907480314956
20
-4.079471220472441
11
10.5295095669291339
21
-4.0604947244094491
0
LINE
8
BLACK
6
CONTINUOUS
10
10.5295095669291339
20
-4.0604947244094491
11
10.5296422834645664
21
-4.0603722834645666
0
LINE
8
BLACK
6
CONTINUOUS
10
10.5296422834645664
20
-4.0603722834645666
11
10.5297465354330715
21
-4.0602249606299212
0
LINE
8
BLACK
6
CONTINUOUS
10
10.5297465354330715
20
-4.0602249606299212
11
10.5486836220472444
21
-4.0422721653543308
0
LINE
8
BLACK
6
CONTINUOUS
10
10.5486836220472444
20
-4.0422721653543308
11
10.5488166141732282
21
-4.0421883070866143
0
LINE
8
BLACK
6
CONTINUOUS
10
10.5488166141732282
20
-4.0421883070866143
11
10.5489265748031489
21
-4.0420759842519685
0
LINE
8
BLACK
6
CONTINUOUS
10
10.5489265748031489
20
-4.0420759842519685
11
10.5708557086614174
21
-4.027076102362205
0
LINE
8
BLACK
6
CONTINUOUS
10
10.5708557086614174
20
-4.027076102362205
11
10.5709949606299212
21
-4.0270166141732284
0
LINE
8
BLACK
6
CONTINUOUS
10
10.5709949606299212
20
-4.0270166141732284
11
10.5711160236220465
21
-4.026925866141732
0
LINE
8
BLACK
6
CONTINUOUS
10
10.5711160236220465
20
-4.026925866141732
11
10.5950924409448817
21
-4.0154298031496065
0
LINE
8
BLACK
6
CONTINUOUS
10
10.5950924409448817
20
-4.0154298031496065
11
10.5952437007874014
21
-4.0153910236220476
0
LINE
8
BLACK
6
CONTINUOUS
10
10.5952437007874014
20
-4.0153910236220476
11
10.5953819291338576
21
-4.0153181102362208
0
LINE
8
BLACK
6
CONTINUOUS
10
10.5953819291338576
20
-4.0153181102362208
11
10.6203820472440942
21
-4.0078770472440945
0
LINE
8
BLACK
6
CONTINUOUS
10
10.6203820472440942
20
-4.0078770472440945
11
10.6205625196850395
21
-4.0078601968503937
0
LINE
8
BLACK
6
CONTINUOUS
10
10.6205625196850395
20
-4.0078601968503937
11
10.6207356299212599
21
-4.0078062598425195
0
LINE
8
BLACK
6
CONTINUOUS
10
10.6207356299212599
20
-4.0078062598425195
11
10.6440821259842515
21
-4.0053258267716538
0
LINE
8
BLACK
6
CONTINUOUS
10
10.6440821259842515
20
-4.0053258267716538
11
10.6441868897637786
21
-4.0053353149606297
0
LINE
8
BLACK
6
CONTINUOUS
10
10.6441868897637786
20
-4.0053353149606297
11
10.6442901181102361
21
-4.0053148031496066
0
LINE
8
BLACK
6
CONTINUOUS
10
10.6442901181102361
20
-4.0053148031496066
11
13.3289240157480311
21
-4.0053148031496066
0
LINE
8
BLACK
6
CONTINUOUS
10
13.3289240157480311
20
-4.0053148031496066
11
13.344012401574803
21
-4.0033182677165353
0
LINE
8
BLACK
6
CONTINUOUS
10
13.344012401574803
20
-4.0033182677165353
11
13.3560138188976367
21
-3.9983588188976378
0
LINE
8
BLACK
6
CONTINUOUS
10
13.3560138188976367
20
-3.9983588188976378
11
13.3663111811023612
21
-3.9904464566929132
0
LINE
8
BLACK
6
CONTINUOUS
10
13.3663111811023612
20
-3.9904464566929132
11
13.3742236220472446
21
-3.9801487795275587
0
LINE
8
BLACK
6
CONTINUOUS
10
13.3742236220472446
20
-3.9801487795275587
11
13.379183188976377
21
-3.9681474409448816
0
LINE
8
BLACK
6
CONTINUOUS
10
13.379183188976377
20
-3.9681474409448816
11
13.3811796456692917
21
-3.9530590944881889
0
LINE
8
BLACK
6
CONTINUOUS
10
13.3811796456692917
20
-3.9530590944881889
11
13.3811796456692917
21
-0.7651296062992126
0
LINE
8
BLACK
6
CONTINUOUS
10
13.3811796456692917
20
-0.7651296062992126
11
13.379183188976377
21
-0.7500411811023622
0
LINE
8
BLACK
6
CONTINUOUS
10
13.379183188976377
20
-0.7500411811023622
11
13.3742236220472446
21
-0.7380398818897638
0
LINE
8
BLACK
6
CONTINUOUS
10
13.3742236220472446
20
-0.7380398818897638
11
13.3663112204724399
21
-0.7277423228346457
0
LINE
8
BLACK
6
CONTINUOUS
10
13.3663112204724399
20
-0.7277423228346457
11
13.3560138188976367
21
-0.7198299606299212
0
LINE
8
BLACK
6
CONTINUOUS
10
13.3560138188976367
20
-0.7198299606299212
11
13.3440147244094494
21
-0.7148713385826772
0
LINE
8
BLACK
6
CONTINUOUS
10
13.3440147244094494
20
-0.7148713385826772
11
13.32892657480315
21
-0.7129133464566929
0
LINE
8
BLACK
6
CONTINUOUS
10
13.32892657480315
20
-0.7129133464566929
11
8.171464606299212
21
-0.7129133464566929
  0
ENDSEC
  0
EOF
